{"timestamp":"2026-09-16 12:29:18.769","level":"WARN","thread":"HikariPool-18:housekeeper","logger":"com.zaxxer.hikari.pool.PoolBase","message":"HikariPool-18 - Failed to validate connection com.mysql.cj.jdbc.ConnectionImpl@c2e3a2d (No operations allowed after connection closed.). Possibly consider using a shorter maxLifetime value."}
{"timestamp":"2026-09-16 12:29:35.265","level":"WARN","thread":"HikariPool-18:housekeeper","logger":"com.zaxxer.hikari.pool.PoolBase","message":"HikariPool-18 - Failed to validate connection com.mysql.cj.jdbc.ConnectionImpl@65276268 (No operations allowed after connection closed.). Possibly consider using a shorter maxLifetime value."}
{"timestamp":"2026-09-16 12:29:35.285","level":"WARN","thread":"HikariPool-18:housekeeper","logger":"com.zaxxer.hikari.pool.HikariPool","message":"HikariPool-18 - Thread starvation or clock leap detected (housekeeper delta=15h31m56s545ms249µs900ns)."}
{"timestamp":"2026-09-16 12:29:45.314","level":"WARN","thread":"HikariPool-18:housekeeper","logger":"com.zaxxer.hikari.pool.PoolBase","message":"HikariPool-18 - Failed to validate connection com.mysql.cj.jdbc.ConnectionImpl@78af2f55 (No operations allowed after connection closed.). Possibly consider using a shorter maxLifetime value."}
{"timestamp":"2026-09-16 12:29:55.327","level":"WARN","thread":"HikariPool-18:housekeeper","logger":"com.zaxxer.hikari.pool.PoolBase","message":"HikariPool-18 - Failed to validate connection com.mysql.cj.jdbc.ConnectionImpl@29035a83 (No operations allowed after connection closed.). Possibly consider using a shorter maxLifetime value."}
{"timestamp":"2026-09-16 12:30:05.337","level":"WARN","thread":"HikariPool-18:housekeeper","logger":"com.zaxxer.hikari.pool.PoolBase","message":"HikariPool-18 - Failed to validate connection com.mysql.cj.jdbc.ConnectionImpl@77843e87 (No operations allowed after connection closed.). Possibly consider using a shorter maxLifetime value."}
{"timestamp":"2026-09-16 12:30:15.345","level":"WARN","thread":"HikariPool-18:housekeeper","logger":"com.zaxxer.hikari.pool.PoolBase","message":"HikariPool-18 - Failed to validate connection com.mysql.cj.jdbc.ConnectionImpl@2d4d0729 (No operations allowed after connection closed.). Possibly consider using a shorter maxLifetime value."}
{"timestamp":"2026-09-16 12:30:25.358","level":"WARN","thread":"HikariPool-18:housekeeper","logger":"com.zaxxer.hikari.pool.PoolBase","message":"HikariPool-18 - Failed to validate connection com.mysql.cj.jdbc.ConnectionImpl@edab11b (No operations allowed after connection closed.). Possibly consider using a shorter maxLifetime value."}
{"timestamp":"2026-09-16 12:30:35.374","level":"WARN","thread":"HikariPool-18:housekeeper","logger":"com.zaxxer.hikari.pool.PoolBase","message":"HikariPool-18 - Failed to validate connection com.mysql.cj.jdbc.ConnectionImpl@19195967 (No operations allowed after connection closed.). Possibly consider using a shorter maxLifetime value."}
{"timestamp":"2026-09-16 12:30:46.145","level":"WARN","thread":"HikariPool-18:housekeeper","logger":"com.zaxxer.hikari.pool.PoolBase","message":"HikariPool-18 - Failed to validate connection com.mysql.cj.jdbc.ConnectionImpl@7cb609b0 (No operations allowed after connection closed.). Possibly consider using a shorter maxLifetime value."}
{"timestamp":"2026-09-16 12:30:56.343","level":"WARN","thread":"HikariPool-18:housekeeper","logger":"com.zaxxer.hikari.pool.PoolBase","message":"HikariPool-18 - Failed to validate connection com.mysql.cj.jdbc.ConnectionImpl@304c1404 (No operations allowed after connection closed.). Possibly consider using a shorter maxLifetime value."}
{"timestamp":"2026-09-16 12:30:56.347","level":"WARN","thread":"HikariPool-18:housekeeper","logger":"com.zaxxer.hikari.pool.HikariPool","message":"HikariPool-18 - Thread starvation or clock leap detected (housekeeper delta=1m21s71ms801µs800ns)."}
{"timestamp":"2026-09-16 12:31:38.033","level":"WARN","thread":"HikariPool-18:connection-adder","logger":"com.zaxxer.hikari.pool.PoolBase","message":"HikariPool-18 - Pool is empty, failed to create/setup connection (72ebcc3e-00ec-4de5-ab75-928a7175d813)"}
com.mysql.cj.jdbc.exceptions.CommunicationsException: Communications link failure

The last packet sent successfully to the server was 0 milliseconds ago. The driver has not received any packets from the server.
	at com.mysql.cj.jdbc.exceptions.SQLError.createCommunicationsException(SQLError.java:165)
	at com.mysql.cj.jdbc.exceptions.SQLExceptionsMapping.translateException(SQLExceptionsMapping.java:55)
	at com.mysql.cj.jdbc.ConnectionImpl.createNewIO(ConnectionImpl.java:840)
	at com.mysql.cj.jdbc.ConnectionImpl.<init>(ConnectionImpl.java:416)
	at com.mysql.cj.jdbc.ConnectionImpl.getInstance(ConnectionImpl.java:237)
	at com.mysql.cj.jdbc.NonRegisteringDriver.connect(NonRegisteringDriver.java:180)
	at com.zaxxer.hikari.util.DriverDataSource.getConnection(DriverDataSource.java:144)
	at com.zaxxer.hikari.pool.PoolBase.newConnection(PoolBase.java:373)
	at com.zaxxer.hikari.pool.PoolBase.newPoolEntry(PoolBase.java:210)
	at com.zaxxer.hikari.pool.HikariPool.createPoolEntry(HikariPool.java:488)
	at com.zaxxer.hikari.pool.HikariPool$PoolEntryCreator.call(HikariPool.java:752)
	at com.zaxxer.hikari.pool.HikariPool$PoolEntryCreator.call(HikariPool.java:731)
	at java.base/java.util.concurrent.FutureTask.run(FutureTask.java:330)
	at java.base/java.util.concurrent.ThreadPoolExecutor.runWorker(ThreadPoolExecutor.java:1090)
	at java.base/java.util.concurrent.ThreadPoolExecutor$Worker.run(ThreadPoolExecutor.java:614)
	at java.base/java.lang.Thread.run(Thread.java:1516)
Caused by: com.mysql.cj.exceptions.CJCommunicationsException: Communications link failure

The last packet sent successfully to the server was 0 milliseconds ago. The driver has not received any packets from the server.
	at java.base/jdk.internal.reflect.DirectConstructorHandleAccessor.newInstance(DirectConstructorHandleAccessor.java:62)
	at java.base/java.lang.reflect.Constructor.newInstanceWithCaller(Constructor.java:499)
	at java.base/java.lang.reflect.Constructor.newInstance(Constructor.java:483)
	at com.mysql.cj.exceptions.ExceptionFactory.createException(ExceptionFactory.java:52)
	at com.mysql.cj.exceptions.ExceptionFactory.createException(ExceptionFactory.java:95)
	at com.mysql.cj.exceptions.ExceptionFactory.createException(ExceptionFactory.java:140)
	at com.mysql.cj.exceptions.ExceptionFactory.createCommunicationsException(ExceptionFactory.java:156)
	at com.mysql.cj.protocol.a.NativeProtocol.readMessage(NativeProtocol.java:590)
	at com.mysql.cj.protocol.a.NativeProtocol.readServerCapabilities(NativeProtocol.java:515)
	at com.mysql.cj.protocol.a.NativeProtocol.beforeHandshake(NativeProtocol.java:410)
	at com.mysql.cj.protocol.a.NativeProtocol.connect(NativeProtocol.java:1332)
	at com.mysql.cj.NativeSession.connect(NativeSession.java:155)
	at com.mysql.cj.jdbc.ConnectionImpl.connectOneTryOnly(ConnectionImpl.java:964)
	at com.mysql.cj.jdbc.ConnectionImpl.createNewIO(ConnectionImpl.java:828)
	... 13 common frames omitted
Caused by: java.net.SocketTimeoutException: Read timed out
	at java.base/sun.nio.ch.NioSocketImpl.timedRead(NioSocketImpl.java:276)
	at java.base/sun.nio.ch.NioSocketImpl.implRead(NioSocketImpl.java:302)
	at java.base/sun.nio.ch.NioSocketImpl.read(NioSocketImpl.java:360)
	at java.base/sun.nio.ch.NioSocketImpl$1.read(NioSocketImpl.java:802)
	at java.base/java.net.Socket$SocketInputStream.implRead(Socket.java:984)
	at java.base/java.net.Socket$SocketInputStream.read(Socket.java:974)
	at com.mysql.cj.protocol.ReadAheadInputStream.fill(ReadAheadInputStream.java:91)
	at com.mysql.cj.protocol.ReadAheadInputStream.readFromUnderlyingStreamIfNecessary(ReadAheadInputStream.java:130)
	at com.mysql.cj.protocol.ReadAheadInputStream.read(ReadAheadInputStream.java:157)
	at java.base/java.io.FilterInputStream.read(FilterInputStream.java:119)
	at com.mysql.cj.protocol.FullReadInputStream.readFully(FullReadInputStream.java:55)
	at com.mysql.cj.protocol.a.SimplePacketReader.readHeaderLocal(SimplePacketReader.java:72)
	at com.mysql.cj.protocol.a.SimplePacketReader.readHeader(SimplePacketReader.java:54)
	at com.mysql.cj.protocol.a.SimplePacketReader.readHeader(SimplePacketReader.java:36)
	at com.mysql.cj.protocol.a.NativeProtocol.readMessage(NativeProtocol.java:584)
	... 19 common frames omitted
{"timestamp":"2026-09-16 13:09:54.690","level":"WARN","thread":"HikariPool-18:housekeeper","logger":"com.zaxxer.hikari.pool.HikariPool","message":"HikariPool-18 - Thread starvation or clock leap detected (housekeeper delta=30m28s214ms126µs400ns)."}
{"timestamp":"2026-09-16 13:27:28.938","level":"WARN","thread":"HikariPool-18:housekeeper","logger":"com.zaxxer.hikari.pool.PoolBase","message":"HikariPool-18 - Failed to validate connection com.mysql.cj.jdbc.ConnectionImpl@728c7132 (No operations allowed after connection closed.). Possibly consider using a shorter maxLifetime value."}
{"timestamp":"2026-09-16 13:27:38.960","level":"WARN","thread":"HikariPool-18:housekeeper","logger":"com.zaxxer.hikari.pool.PoolBase","message":"HikariPool-18 - Failed to validate connection com.mysql.cj.jdbc.ConnectionImpl@3fd771c1 (No operations allowed after connection closed.). Possibly consider using a shorter maxLifetime value."}
{"timestamp":"2026-09-16 13:27:48.968","level":"WARN","thread":"HikariPool-18:housekeeper","logger":"com.zaxxer.hikari.pool.PoolBase","message":"HikariPool-18 - Failed to validate connection com.mysql.cj.jdbc.ConnectionImpl@2c437e1c (No operations allowed after connection closed.). Possibly consider using a shorter maxLifetime value."}
{"timestamp":"2026-09-16 13:27:54.867","level":"WARN","thread":"HikariPool-18:housekeeper","logger":"com.zaxxer.hikari.pool.HikariPool","message":"HikariPool-18 - Thread starvation or clock leap detected (housekeeper delta=18m7s815ms463µs100ns)."}
{"timestamp":"2026-09-16 13:31:17.106","level":"INFO","thread":"http-nio-8000-exec-8","logger":"c.j.p.logging.RequestLoggingFilter","message":"HTTP_REQUEST_STARTED method=GET uri=/api/companies/public"}
{"timestamp":"2026-09-16 13:31:17.124","level":"INFO","thread":"http-nio-8000-exec-1","logger":"c.j.p.logging.RequestLoggingFilter","message":"HTTP_REQUEST_STARTED method=GET uri=/api/companies/public"}
{"timestamp":"2026-09-16 13:31:34.601","level":"WARN","thread":"HikariPool-18:housekeeper","logger":"com.zaxxer.hikari.pool.PoolBase","message":"HikariPool-18 - Failed to validate connection com.mysql.cj.jdbc.ConnectionImpl@2724fcf2 (No operations allowed after connection closed.). Possibly consider using a shorter maxLifetime value."}
{"timestamp":"2026-09-16 13:31:38.033","level":"INFO","thread":"http-nio-8000-exec-8","logger":"c.j.p.logging.RequestLoggingFilter","message":"HTTP_REQUEST_COMPLETED method=GET uri=/api/companies/public status=200 durationMs=20944"}
{"timestamp":"2026-09-16 13:31:38.033","level":"INFO","thread":"http-nio-8000-exec-1","logger":"c.j.p.logging.RequestLoggingFilter","message":"HTTP_REQUEST_COMPLETED method=GET uri=/api/companies/public status=200 durationMs=20944"}
{"timestamp":"2026-09-16 13:31:43.784","level":"INFO","thread":"http-nio-8000-exec-9","logger":"c.j.p.logging.RequestLoggingFilter","message":"HTTP_REQUEST_STARTED method=GET uri=/api/companies/public"}
{"timestamp":"2026-09-16 13:31:43.785","level":"INFO","thread":"http-nio-8000-exec-10","logger":"c.j.p.logging.RequestLoggingFilter","message":"HTTP_REQUEST_STARTED method=GET uri=/api/companies/public"}
{"timestamp":"2026-09-16 13:31:46.848","level":"INFO","thread":"http-nio-8000-exec-10","logger":"c.j.p.logging.RequestLoggingFilter","message":"HTTP_REQUEST_COMPLETED method=GET uri=/api/companies/public status=200 durationMs=3064"}
{"timestamp":"2026-09-16 13:31:46.979","level":"INFO","thread":"http-nio-8000-exec-9","logger":"c.j.p.logging.RequestLoggingFilter","message":"HTTP_REQUEST_COMPLETED method=GET uri=/api/companies/public status=200 durationMs=3196"}
{"timestamp":"2026-09-16 13:35:42.152","level":"WARN","thread":"HikariPool-18:housekeeper","logger":"com.zaxxer.hikari.pool.PoolBase","message":"HikariPool-18 - Failed to validate connection com.mysql.cj.jdbc.ConnectionImpl@10c8f2dc (No operations allowed after connection closed.). Possibly consider using a shorter maxLifetime value."}
{"timestamp":"2026-09-16 13:35:54.896","level":"WARN","thread":"HikariPool-18:housekeeper","logger":"com.zaxxer.hikari.pool.PoolBase","message":"HikariPool-18 - Failed to validate connection com.mysql.cj.jdbc.ConnectionImpl@7df4bb65 (No operations allowed after connection closed.). Possibly consider using a shorter maxLifetime value."}
{"timestamp":"2026-09-16 13:36:06.691","level":"WARN","thread":"HikariPool-18:housekeeper","logger":"com.zaxxer.hikari.pool.PoolBase","message":"HikariPool-18 - Failed to validate connection com.mysql.cj.jdbc.ConnectionImpl@3ce70c99 (No operations allowed after connection closed.). Possibly consider using a shorter maxLifetime value."}
{"timestamp":"2026-09-16 13:37:19.339","level":"WARN","thread":"HikariPool-18:housekeeper","logger":"com.zaxxer.hikari.pool.PoolBase","message":"HikariPool-18 - Failed to validate connection com.mysql.cj.jdbc.ConnectionImpl@2138b6e4 (No operations allowed after connection closed.). Possibly consider using a shorter maxLifetime value."}
{"timestamp":"2026-09-16 13:37:29.849","level":"WARN","thread":"HikariPool-18:housekeeper","logger":"com.zaxxer.hikari.pool.PoolBase","message":"HikariPool-18 - Failed to validate connection com.mysql.cj.jdbc.ConnectionImpl@3c2168bd (No operations allowed after connection closed.). Possibly consider using a shorter maxLifetime value."}
{"timestamp":"2026-09-16 13:40:04.660","level":"WARN","thread":"HikariPool-18:housekeeper","logger":"com.zaxxer.hikari.pool.PoolBase","message":"HikariPool-18 - Failed to validate connection com.mysql.cj.jdbc.ConnectionImpl@59ad4a15 (No operations allowed after connection closed.). Possibly consider using a shorter maxLifetime value."}
{"timestamp":"2026-09-16 13:41:39.099","level":"INFO","thread":"http-nio-8000-exec-2","logger":"c.j.p.logging.RequestLoggingFilter","message":"HTTP_REQUEST_STARTED method=GET uri=/api/companies/public"}
{"timestamp":"2026-09-16 13:41:39.099","level":"INFO","thread":"http-nio-8000-exec-3","logger":"c.j.p.logging.RequestLoggingFilter","message":"HTTP_REQUEST_STARTED method=GET uri=/api/companies/public"}
{"timestamp":"2026-09-16 13:41:41.452","level":"INFO","thread":"http-nio-8000-exec-2","logger":"c.j.p.logging.RequestLoggingFilter","message":"HTTP_REQUEST_COMPLETED method=GET uri=/api/companies/public status=200 durationMs=2354"}
{"timestamp":"2026-09-16 13:41:41.452","level":"INFO","thread":"http-nio-8000-exec-3","logger":"c.j.p.logging.RequestLoggingFilter","message":"HTTP_REQUEST_COMPLETED method=GET uri=/api/companies/public status=200 durationMs=2354"}
{"timestamp":"2026-09-16 13:43:00.128","level":"WARN","thread":"HikariPool-18:housekeeper","logger":"com.zaxxer.hikari.pool.PoolBase","message":"HikariPool-18 - Failed to validate connection com.mysql.cj.jdbc.ConnectionImpl@67964679 (No operations allowed after connection closed.). Possibly consider using a shorter maxLifetime value."}
{"timestamp":"2026-09-16 13:45:38.853","level":"WARN","thread":"HikariPool-18:housekeeper","logger":"com.zaxxer.hikari.pool.PoolBase","message":"HikariPool-18 - Failed to validate connection com.mysql.cj.jdbc.ConnectionImpl@5bb79490 (No operations allowed after connection closed.). Possibly consider using a shorter maxLifetime value."}
{"timestamp":"2026-09-16 13:51:31.578","level":"WARN","thread":"HikariPool-18:housekeeper","logger":"com.zaxxer.hikari.pool.PoolBase","message":"HikariPool-18 - Failed to validate connection com.mysql.cj.jdbc.ConnectionImpl@57537d85 (No operations allowed after connection closed.). Possibly consider using a shorter maxLifetime value."}
{"timestamp":"2026-09-16 13:52:49.044","level":"INFO","thread":"File Watcher","logger":"o.s.b.d.a.LocalDevToolsAutoConfiguration$RestartingClassPathChangeChangedEventListener","message":"Restarting due to 58 class path changes (0 additions, 58 deletions, 0 modifications)"}
{"timestamp":"2026-09-16 13:52:49.615","level":"INFO","thread":"Thread-230","logger":"o.s.boot.tomcat.GracefulShutdown","message":"Commencing graceful shutdown. Waiting for active requests to complete"}
{"timestamp":"2026-09-16 13:52:49.783","level":"INFO","thread":"tomcat-shutdown","logger":"o.a.coyote.http11.Http11NioProtocol","message":"Pausing ProtocolHandler ["http-nio-8000"]"}
{"timestamp":"2026-09-16 13:52:49.916","level":"INFO","thread":"tomcat-shutdown","logger":"o.s.boot.tomcat.GracefulShutdown","message":"Graceful shutdown complete"}
{"timestamp":"2026-09-16 13:52:49.952","level":"INFO","thread":"Thread-230","logger":"o.a.coyote.http11.Http11NioProtocol","message":"Stopping ProtocolHandler ["http-nio-8000"]"}
{"timestamp":"2026-09-16 13:52:50.289","level":"INFO","thread":"Thread-230","logger":"o.s.o.j.LocalContainerEntityManagerFactoryBean","message":"Closing JPA EntityManagerFactory for persistence unit 'default'"}
{"timestamp":"2026-09-16 13:52:50.558","level":"INFO","thread":"Thread-230","logger":"com.zaxxer.hikari.HikariDataSource","message":"HikariPool-18 - Shutdown initiated..."}
{"timestamp":"2026-09-16 13:52:50.648","level":"INFO","thread":"Thread-230","logger":"com.zaxxer.hikari.HikariDataSource","message":"HikariPool-18 - Shutdown completed."}
{"timestamp":"2026-09-16 13:52:54.820","level":"INFO","thread":"restartedMain","logger":"com.jimmy.portal.PortalApplication","message":"Starting PortalApplication using Java 26.0.2.1 with PID 11740 (D:\job-portal-server\target\classes started by JIMMY in D:\job-portal-server)"}
{"timestamp":"2026-09-16 13:52:54.835","level":"INFO","thread":"restartedMain","logger":"com.jimmy.portal.PortalApplication","message":"No active profile set, falling back to 1 default profile: "default""}
{"timestamp":"2026-09-16 13:52:54.911","level":"INFO","thread":"restartedMain","logger":"o.s.b.d.c.l.DockerComposeLifecycleManager","message":"Using Docker Compose file D:\job-portal-server\compose.yml"}
{"timestamp":"2026-09-16 13:52:58.479","level":"INFO","thread":"restartedMain","logger":"o.s.b.d.c.l.DockerComposeLifecycleManager","message":"There are already Docker Compose services running, skipping startup"}
{"timestamp":"2026-09-16 13:53:00.540","level":"INFO","thread":"restartedMain","logger":"o.s.d.r.c.RepositoryConfigurationDelegate","message":"Bootstrapping Spring Data JPA repositories in DEFAULT mode."}
{"timestamp":"2026-09-16 13:53:00.554","level":"INFO","thread":"restartedMain","logger":"o.s.d.r.c.RepositoryConfigurationDelegate","message":"Finished Spring Data repository scanning in 3 ms. Found 0 JPA repository interfaces."}
{"timestamp":"2026-09-16 13:53:01.322","level":"INFO","thread":"restartedMain","logger":"o.s.boot.tomcat.TomcatWebServer","message":"Tomcat initialized with port 8000 (http)"}
{"timestamp":"2026-09-16 13:53:01.331","level":"INFO","thread":"restartedMain","logger":"o.a.coyote.http11.Http11NioProtocol","message":"Initializing ProtocolHandler ["http-nio-8000"]"}
{"timestamp":"2026-09-16 13:53:01.332","level":"INFO","thread":"restartedMain","logger":"o.a.catalina.core.StandardService","message":"Starting service [Tomcat]"}
{"timestamp":"2026-09-16 13:53:01.332","level":"INFO","thread":"restartedMain","logger":"o.a.catalina.core.StandardEngine","message":"Starting Servlet engine: [Apache Tomcat/11.0.22]"}
{"timestamp":"2026-09-16 13:53:01.721","level":"INFO","thread":"restartedMain","logger":"o.s.b.w.c.s.WebApplicationContextInitializer","message":"Root WebApplicationContext: initialization completed in 3239 ms"}
{"timestamp":"2026-09-16 13:53:02.031","level":"INFO","thread":"restartedMain","logger":"com.zaxxer.hikari.HikariDataSource","message":"HikariPool-19 - Starting..."}
{"timestamp":"2026-09-16 13:53:02.438","level":"INFO","thread":"restartedMain","logger":"com.zaxxer.hikari.pool.HikariPool","message":"HikariPool-19 - Added connection com.mysql.cj.jdbc.ConnectionImpl@3fd93fdb"}
{"timestamp":"2026-09-16 13:53:02.439","level":"INFO","thread":"restartedMain","logger":"com.zaxxer.hikari.HikariDataSource","message":"HikariPool-19 - Start completed."}
{"timestamp":"2026-09-16 13:53:02.452","level":"INFO","thread":"restartedMain","logger":"org.hibernate.orm.jpa","message":"HHH008540: Processing PersistenceUnitInfo [name: default]"}
{"timestamp":"2026-09-16 13:53:02.807","level":"INFO","thread":"restartedMain","logger":"o.s.o.j.p.SpringPersistenceUnitInfo","message":"No LoadTimeWeaver setup: ignoring JPA class transformer"}
{"timestamp":"2026-09-16 13:53:02.826","level":"INFO","thread":"restartedMain","logger":"o.hibernate.orm.connections.pooling","message":"HHH10001005: Database info:
	Database JDBC URL [jdbc:mysql://127.0.0.1:3308/jobportal]
	Database driver: MySQL Connector/J
	Database dialect: MySQLDialect
	Database version: 9.1
	Default catalog/schema: jobportal/undefined
	Autocommit mode: undefined/unknown
	Isolation level: REPEATABLE_READ [default REPEATABLE_READ]
	JDBC fetch size: none
	Pool: DataSourceConnectionProvider
	Minimum pool size: undefined/unknown
	Maximum pool size: undefined/unknown"}
{"timestamp":"2026-09-16 13:53:02.990","level":"INFO","thread":"restartedMain","logger":"org.hibernate.orm.core","message":"HHH000489: No JTA platform available (set 'hibernate.transaction.jta.platform' to enable JTA platform integration)"}
{"timestamp":"2026-09-16 13:53:02.995","level":"INFO","thread":"restartedMain","logger":"o.s.o.j.LocalContainerEntityManagerFactoryBean","message":"Initialized JPA EntityManagerFactory for persistence unit 'default'"}
{"timestamp":"2026-09-16 13:53:03.247","level":"WARN","thread":"restartedMain","logger":"o.s.b.w.s.s.c.AnnotationConfigServletWebServerApplicationContext","message":"Exception encountered during context initialization - cancelling refresh attempt: org.springframework.beans.factory.BeanCreationException: Error creating bean with name 'jpaAuditingHandler': Cannot create inner bean '(inner bean)#2dcded0e' of type [org.springframework.aop.framework.ProxyFactoryBean] while setting bean property 'auditorAware'"}
{"timestamp":"2026-09-16 13:53:03.248","level":"INFO","thread":"restartedMain","logger":"o.s.o.j.LocalContainerEntityManagerFactoryBean","message":"Closing JPA EntityManagerFactory for persistence unit 'default'"}
{"timestamp":"2026-09-16 13:53:03.251","level":"INFO","thread":"restartedMain","logger":"com.zaxxer.hikari.HikariDataSource","message":"HikariPool-19 - Shutdown initiated..."}
{"timestamp":"2026-09-16 13:53:03.325","level":"INFO","thread":"restartedMain","logger":"com.zaxxer.hikari.HikariDataSource","message":"HikariPool-19 - Shutdown completed."}
{"timestamp":"2026-09-16 13:53:03.326","level":"INFO","thread":"restartedMain","logger":"o.a.catalina.core.StandardService","message":"Stopping service [Tomcat]"}
{"timestamp":"2026-09-16 13:53:03.342","level":"INFO","thread":"restartedMain","logger":"o.s.b.a.l.ConditionEvaluationReportLogger","message":"

Error starting ApplicationContext. To display the condition evaluation report re-run your application with 'debug' enabled."}
{"timestamp":"2026-09-16 13:53:03.352","level":"ERROR","thread":"restartedMain","logger":"o.s.b.d.LoggingFailureAnalysisReporter","message":"

***************************
APPLICATION FAILED TO START
***************************

Description:

A component required a bean named 'auditorAwareImpl' that could not be found.


Action:

Consider defining a bean named 'auditorAwareImpl' in your configuration.
"}
{"timestamp":"2026-09-16 13:53:39.243","level":"INFO","thread":"restartedMain","logger":"com.jimmy.portal.PortalApplication","message":"Starting PortalApplication using Java 26.0.2.1 with PID 11740 (D:\job-portal-server\target\classes started by JIMMY in D:\job-portal-server)"}
{"timestamp":"2026-09-16 13:53:39.244","level":"INFO","thread":"restartedMain","logger":"com.jimmy.portal.PortalApplication","message":"No active profile set, falling back to 1 default profile: "default""}
{"timestamp":"2026-09-16 13:53:39.335","level":"INFO","thread":"restartedMain","logger":"o.s.b.d.c.l.DockerComposeLifecycleManager","message":"Using Docker Compose file D:\job-portal-server\compose.yml"}
{"timestamp":"2026-09-16 13:53:41.245","level":"INFO","thread":"restartedMain","logger":"o.s.b.d.c.l.DockerComposeLifecycleManager","message":"There are already Docker Compose services running, skipping startup"}
{"timestamp":"2026-09-16 13:53:42.656","level":"INFO","thread":"restartedMain","logger":"o.s.d.r.c.RepositoryConfigurationDelegate","message":"Bootstrapping Spring Data JPA repositories in DEFAULT mode."}
{"timestamp":"2026-09-16 13:53:42.847","level":"INFO","thread":"restartedMain","logger":"o.s.d.r.c.RepositoryConfigurationDelegate","message":"Finished Spring Data repository scanning in 187 ms. Found 1 JPA repository interface."}
{"timestamp":"2026-09-16 13:53:43.458","level":"INFO","thread":"restartedMain","logger":"o.s.boot.tomcat.TomcatWebServer","message":"Tomcat initialized with port 8000 (http)"}
{"timestamp":"2026-09-16 13:53:43.460","level":"INFO","thread":"restartedMain","logger":"o.a.coyote.http11.Http11NioProtocol","message":"Initializing ProtocolHandler ["http-nio-8000"]"}
{"timestamp":"2026-09-16 13:53:43.460","level":"INFO","thread":"restartedMain","logger":"o.a.catalina.core.StandardService","message":"Starting service [Tomcat]"}
{"timestamp":"2026-09-16 13:53:43.461","level":"INFO","thread":"restartedMain","logger":"o.a.catalina.core.StandardEngine","message":"Starting Servlet engine: [Apache Tomcat/11.0.22]"}
{"timestamp":"2026-09-16 13:53:43.547","level":"INFO","thread":"restartedMain","logger":"o.s.b.w.c.s.WebApplicationContextInitializer","message":"Root WebApplicationContext: initialization completed in 2299 ms"}
{"timestamp":"2026-09-16 13:53:44.266","level":"INFO","thread":"restartedMain","logger":"com.zaxxer.hikari.HikariDataSource","message":"HikariPool-20 - Starting..."}
{"timestamp":"2026-09-16 13:53:44.340","level":"INFO","thread":"restartedMain","logger":"com.zaxxer.hikari.pool.HikariPool","message":"HikariPool-20 - Added connection com.mysql.cj.jdbc.ConnectionImpl@73bfa10d"}
{"timestamp":"2026-09-16 13:53:44.340","level":"INFO","thread":"restartedMain","logger":"com.zaxxer.hikari.HikariDataSource","message":"HikariPool-20 - Start completed."}
{"timestamp":"2026-09-16 13:53:44.342","level":"INFO","thread":"restartedMain","logger":"org.hibernate.orm.jpa","message":"HHH008540: Processing PersistenceUnitInfo [name: default]"}
{"timestamp":"2026-09-16 13:53:44.440","level":"INFO","thread":"restartedMain","logger":"o.s.o.j.p.SpringPersistenceUnitInfo","message":"No LoadTimeWeaver setup: ignoring JPA class transformer"}
{"timestamp":"2026-09-16 13:53:44.466","level":"INFO","thread":"restartedMain","logger":"o.hibernate.orm.connections.pooling","message":"HHH10001005: Database info:
	Database JDBC URL [jdbc:mysql://127.0.0.1:3308/jobportal]
	Database driver: MySQL Connector/J
	Database dialect: MySQLDialect
	Database version: 9.1
	Default catalog/schema: jobportal/undefined
	Autocommit mode: undefined/unknown
	Isolation level: REPEATABLE_READ [default REPEATABLE_READ]
	JDBC fetch size: none
	Pool: DataSourceConnectionProvider
	Minimum pool size: undefined/unknown
	Maximum pool size: undefined/unknown"}
{"timestamp":"2026-09-16 13:53:45.508","level":"INFO","thread":"restartedMain","logger":"org.hibernate.orm.core","message":"HHH000489: No JTA platform available (set 'hibernate.transaction.jta.platform' to enable JTA platform integration)"}
{"timestamp":"2026-09-16 13:53:45.511","level":"INFO","thread":"restartedMain","logger":"o.s.o.j.LocalContainerEntityManagerFactoryBean","message":"Initialized JPA EntityManagerFactory for persistence unit 'default'"}
{"timestamp":"2026-09-16 13:53:46.035","level":"WARN","thread":"restartedMain","logger":"o.s.b.j.a.JpaBaseConfiguration$JpaWebConfiguration","message":"spring.jpa.open-in-view is enabled by default. Therefore, database queries may be performed during view rendering. Explicitly configure spring.jpa.open-in-view to disable this warning"}
{"timestamp":"2026-09-16 13:53:48.060","level":"WARN","thread":"restartedMain","logger":"o.s.b.s.a.UserDetailsServiceAutoConfiguration","message":"

Using generated security password: 77d37119-b53c-4657-880d-24ea65cc7ed4

This generated password is for development use only. Your security configuration must be updated before running your application in production.
"}
{"timestamp":"2026-09-16 13:53:48.186","level":"INFO","thread":"restartedMain","logger":"o.s.s.c.a.a.c.InitializeUserDetailsBeanManagerConfigurer$InitializeUserDetailsManagerConfigurer","message":"Global AuthenticationManager configured with UserDetailsService bean with name inMemoryUserDetailsManager"}
{"timestamp":"2026-09-16 13:53:48.614","level":"INFO","thread":"restartedMain","logger":"o.a.coyote.http11.Http11NioProtocol","message":"Starting ProtocolHandler ["http-nio-8000"]"}
{"timestamp":"2026-09-16 13:53:48.621","level":"INFO","thread":"restartedMain","logger":"o.s.boot.tomcat.TomcatWebServer","message":"Tomcat started on port 8000 (http) with context path '/'"}
{"timestamp":"2026-09-16 13:53:48.627","level":"INFO","thread":"restartedMain","logger":"com.jimmy.portal.PortalApplication","message":"Started PortalApplication in 9.643 seconds (process running for 89850.376)"}
{"timestamp":"2026-09-16 13:53:48.629","level":"WARN","thread":"restartedMain","logger":"o.s.c.events.SpringDocAppInitializer","message":"SpringDoc /v3/api-docs endpoint is enabled by default. To disable it in production, set the property 'springdoc.api-docs.enabled=false'"}
{"timestamp":"2026-09-16 13:53:48.629","level":"WARN","thread":"restartedMain","logger":"o.s.c.events.SpringDocAppInitializer","message":"SpringDoc /swagger-ui.html endpoint is enabled by default. To disable it in production, set the property 'springdoc.swagger-ui.enabled=false'"}
{"timestamp":"2026-09-16 13:53:48.637","level":"INFO","thread":"restartedMain","logger":"o.s.b.d.a.ConditionEvaluationDeltaLoggingListener","message":"Condition evaluation delta:


==========================
CONDITION EVALUATION DELTA
==========================


Positive matches:
-----------------

   ServletWebSecurityAutoConfiguration.EnableWebSecurityConfiguration matched:
      - @ConditionalOnClass found required class 'org.springframework.security.config.annotation.web.configuration.EnableWebSecurity' (OnClassCondition)
      - @ConditionalOnMissingBean (names: springSecurityFilterChain; SearchStrategy: all) did not find any beans (OnBeanCondition)

   ServletWebSecurityAutoConfiguration.SecurityFilterChainConfiguration matched:
      - AllNestedConditions 2 matched 0 did not; NestedCondition on DefaultWebSecurityCondition.Beans @ConditionalOnMissingBean (types: org.springframework.security.web.SecurityFilterChain; SearchStrategy: all) did not find any beans; NestedCondition on DefaultWebSecurityCondition.Classes @ConditionalOnClass found required classes 'org.springframework.security.web.SecurityFilterChain', 'org.springframework.security.config.annotation.web.builders.HttpSecurity' (DefaultWebSecurityCondition)

   UserDetailsServiceAutoConfiguration matched:
      - @ConditionalOnClass found required class 'org.springframework.security.authentication.AuthenticationManager' (OnClassCondition)
      - found 'session' scope (OnWebApplicationCondition)
      - AnyNestedCondition 1 matched 2 did not; NestedCondition on MissingAlternativeUserDetailsManagerOrUserPropertiesConfigured.PasswordConfigured @ConditionalOnProperty (spring.security.user.password) did not find property 'spring.security.user.password'; NestedCondition on MissingAlternativeUserDetailsManagerOrUserPropertiesConfigured.NameConfigured @ConditionalOnProperty (spring.security.user.name) did not find property 'spring.security.user.name'; NestedCondition on MissingAlternativeUserDetailsManagerOrUserPropertiesConfigured.MissingAlternative @ConditionalOnMissingClass did not find unwanted classes 'org.springframework.security.oauth2.client.registration.ClientRegistrationRepository', 'org.springframework.security.oauth2.server.resource.introspection.OpaqueTokenIntrospector', 'org.springframework.security.saml2.provider.service.registration.RelyingPartyRegistrationRepository' (MissingAlternativeUserDetailsManagerOrUserPropertiesConfigured)
      - @ConditionalOnMissingBean (types: org.springframework.security.authentication.AuthenticationManager,org.springframework.security.authentication.AuthenticationProvider,org.springframework.security.core.userdetails.UserDetailsService,org.springframework.security.authentication.AuthenticationManagerResolver,org.springframework.security.oauth2.jwt.JwtDecoder; SearchStrategy: all) did not find any beans (OnBeanCondition)


Negative matches:
-----------------

    None


Exclusions:
-----------

    None


Unconditional classes:
----------------------

    None


"}
{"timestamp":"2026-09-16 13:53:50.311","level":"INFO","thread":"File Watcher","logger":"o.s.b.d.a.LocalDevToolsAutoConfiguration$RestartingClassPathChangeChangedEventListener","message":"Restarting due to 8 class path changes (8 additions, 0 deletions, 0 modifications)"}
{"timestamp":"2026-09-16 13:53:50.314","level":"INFO","thread":"Thread-242","logger":"o.s.boot.tomcat.GracefulShutdown","message":"Commencing graceful shutdown. Waiting for active requests to complete"}
{"timestamp":"2026-09-16 13:53:50.316","level":"INFO","thread":"tomcat-shutdown","logger":"o.a.coyote.http11.Http11NioProtocol","message":"Pausing ProtocolHandler ["http-nio-8000"]"}
{"timestamp":"2026-09-16 13:53:50.336","level":"INFO","thread":"tomcat-shutdown","logger":"o.s.boot.tomcat.GracefulShutdown","message":"Graceful shutdown complete"}
{"timestamp":"2026-09-16 13:53:50.338","level":"INFO","thread":"Thread-242","logger":"o.a.coyote.http11.Http11NioProtocol","message":"Stopping ProtocolHandler ["http-nio-8000"]"}
{"timestamp":"2026-09-16 13:53:50.345","level":"INFO","thread":"Thread-242","logger":"o.s.o.j.LocalContainerEntityManagerFactoryBean","message":"Closing JPA EntityManagerFactory for persistence unit 'default'"}
{"timestamp":"2026-09-16 13:53:50.346","level":"INFO","thread":"Thread-242","logger":"com.zaxxer.hikari.HikariDataSource","message":"HikariPool-20 - Shutdown initiated..."}
{"timestamp":"2026-09-16 13:53:50.363","level":"INFO","thread":"Thread-242","logger":"com.zaxxer.hikari.HikariDataSource","message":"HikariPool-20 - Shutdown completed."}
{"timestamp":"2026-09-16 13:53:50.766","level":"INFO","thread":"restartedMain","logger":"com.jimmy.portal.PortalApplication","message":"Starting PortalApplication using Java 26.0.2.1 with PID 11740 (D:\job-portal-server\target\classes started by JIMMY in D:\job-portal-server)"}
{"timestamp":"2026-09-16 13:53:50.766","level":"INFO","thread":"restartedMain","logger":"com.jimmy.portal.PortalApplication","message":"No active profile set, falling back to 1 default profile: "default""}
{"timestamp":"2026-09-16 13:53:50.777","level":"INFO","thread":"restartedMain","logger":"o.s.b.d.c.l.DockerComposeLifecycleManager","message":"Using Docker Compose file D:\job-portal-server\compose.yml"}
{"timestamp":"2026-09-16 13:53:52.325","level":"INFO","thread":"restartedMain","logger":"o.s.b.d.c.l.DockerComposeLifecycleManager","message":"There are already Docker Compose services running, skipping startup"}
{"timestamp":"2026-09-16 13:53:53.360","level":"INFO","thread":"restartedMain","logger":"o.s.d.r.c.RepositoryConfigurationDelegate","message":"Bootstrapping Spring Data JPA repositories in DEFAULT mode."}
{"timestamp":"2026-09-16 13:53:53.473","level":"INFO","thread":"restartedMain","logger":"o.s.d.r.c.RepositoryConfigurationDelegate","message":"Finished Spring Data repository scanning in 109 ms. Found 4 JPA repository interfaces."}
{"timestamp":"2026-09-16 13:53:53.998","level":"INFO","thread":"restartedMain","logger":"o.s.boot.tomcat.TomcatWebServer","message":"Tomcat initialized with port 8000 (http)"}
{"timestamp":"2026-09-16 13:53:54.000","level":"INFO","thread":"restartedMain","logger":"o.a.coyote.http11.Http11NioProtocol","message":"Initializing ProtocolHandler ["http-nio-8000"]"}
{"timestamp":"2026-09-16 13:53:54.000","level":"INFO","thread":"restartedMain","logger":"o.a.catalina.core.StandardService","message":"Starting service [Tomcat]"}
{"timestamp":"2026-09-16 13:53:54.000","level":"INFO","thread":"restartedMain","logger":"o.a.catalina.core.StandardEngine","message":"Starting Servlet engine: [Apache Tomcat/11.0.22]"}
{"timestamp":"2026-09-16 13:53:54.132","level":"INFO","thread":"restartedMain","logger":"o.s.b.w.c.s.WebApplicationContextInitializer","message":"Root WebApplicationContext: initialization completed in 1806 ms"}
{"timestamp":"2026-09-16 13:53:54.649","level":"INFO","thread":"restartedMain","logger":"com.zaxxer.hikari.HikariDataSource","message":"HikariPool-21 - Starting..."}
{"timestamp":"2026-09-16 13:53:54.723","level":"INFO","thread":"restartedMain","logger":"com.zaxxer.hikari.pool.HikariPool","message":"HikariPool-21 - Added connection com.mysql.cj.jdbc.ConnectionImpl@4db98fd1"}
{"timestamp":"2026-09-16 13:53:54.723","level":"INFO","thread":"restartedMain","logger":"com.zaxxer.hikari.HikariDataSource","message":"HikariPool-21 - Start completed."}
{"timestamp":"2026-09-16 13:53:54.726","level":"INFO","thread":"restartedMain","logger":"org.hibernate.orm.jpa","message":"HHH008540: Processing PersistenceUnitInfo [name: default]"}
{"timestamp":"2026-09-16 13:53:54.815","level":"INFO","thread":"restartedMain","logger":"o.s.o.j.p.SpringPersistenceUnitInfo","message":"No LoadTimeWeaver setup: ignoring JPA class transformer"}
{"timestamp":"2026-09-16 13:53:54.832","level":"INFO","thread":"restartedMain","logger":"o.hibernate.orm.connections.pooling","message":"HHH10001005: Database info:
	Database JDBC URL [jdbc:mysql://127.0.0.1:3308/jobportal]
	Database driver: MySQL Connector/J
	Database dialect: MySQLDialect
	Database version: 9.1
	Default catalog/schema: jobportal/undefined
	Autocommit mode: undefined/unknown
	Isolation level: REPEATABLE_READ [default REPEATABLE_READ]
	JDBC fetch size: none
	Pool: DataSourceConnectionProvider
	Minimum pool size: undefined/unknown
	Maximum pool size: undefined/unknown"}
{"timestamp":"2026-09-16 13:53:55.965","level":"INFO","thread":"restartedMain","logger":"org.hibernate.orm.core","message":"HHH000489: No JTA platform available (set 'hibernate.transaction.jta.platform' to enable JTA platform integration)"}
{"timestamp":"2026-09-16 13:53:55.970","level":"INFO","thread":"restartedMain","logger":"o.s.o.j.LocalContainerEntityManagerFactoryBean","message":"Initialized JPA EntityManagerFactory for persistence unit 'default'"}
{"timestamp":"2026-09-16 13:53:57.244","level":"WARN","thread":"restartedMain","logger":"o.s.b.w.s.s.c.AnnotationConfigServletWebServerApplicationContext","message":"Exception encountered during context initialization - cancelling refresh attempt: org.springframework.beans.factory.BeanCreationException: Error creating bean with name 'cacheManager' defined in class path resource [com/jimmy/portal/cache/CaffeineCacheConfig.class]: Failed to instantiate [org.springframework.cache.CacheManager]: Factory method 'cacheManager' threw exception with message: org/springframework/cache/caffeine/CaffeineCache"}
{"timestamp":"2026-09-16 13:53:57.244","level":"INFO","thread":"restartedMain","logger":"o.s.o.j.LocalContainerEntityManagerFactoryBean","message":"Closing JPA EntityManagerFactory for persistence unit 'default'"}
{"timestamp":"2026-09-16 13:53:57.245","level":"INFO","thread":"restartedMain","logger":"com.zaxxer.hikari.HikariDataSource","message":"HikariPool-21 - Shutdown initiated..."}
{"timestamp":"2026-09-16 13:53:57.263","level":"INFO","thread":"restartedMain","logger":"com.zaxxer.hikari.HikariDataSource","message":"HikariPool-21 - Shutdown completed."}
{"timestamp":"2026-09-16 13:53:57.265","level":"INFO","thread":"restartedMain","logger":"o.a.catalina.core.StandardService","message":"Stopping service [Tomcat]"}
{"timestamp":"2026-09-16 13:53:57.276","level":"INFO","thread":"restartedMain","logger":"o.s.b.a.l.ConditionEvaluationReportLogger","message":"

Error starting ApplicationContext. To display the condition evaluation report re-run your application with 'debug' enabled."}
{"timestamp":"2026-09-16 13:53:57.279","level":"ERROR","thread":"restartedMain","logger":"o.s.boot.SpringApplication","message":"Application run failed"}
org.springframework.beans.factory.BeanCreationException: Error creating bean with name 'cacheManager' defined in class path resource [com/jimmy/portal/cache/CaffeineCacheConfig.class]: Failed to instantiate [org.springframework.cache.CacheManager]: Factory method 'cacheManager' threw exception with message: org/springframework/cache/caffeine/CaffeineCache
	at org.springframework.beans.factory.support.ConstructorResolver.instantiate(ConstructorResolver.java:657)
	at org.springframework.beans.factory.support.ConstructorResolver.instantiateUsingFactoryMethod(ConstructorResolver.java:489)
	at org.springframework.beans.factory.support.AbstractAutowireCapableBeanFactory.instantiateUsingFactoryMethod(AbstractAutowireCapableBeanFactory.java:1360)
	at org.springframework.beans.factory.support.AbstractAutowireCapableBeanFactory.createBeanInstance(AbstractAutowireCapableBeanFactory.java:1192)
	at org.springframework.beans.factory.support.AbstractAutowireCapableBeanFactory.doCreateBean(AbstractAutowireCapableBeanFactory.java:565)
	at org.springframework.beans.factory.support.AbstractAutowireCapableBeanFactory.createBean(AbstractAutowireCapableBeanFactory.java:525)
	at org.springframework.beans.factory.support.AbstractBeanFactory.lambda$doGetBean$0(AbstractBeanFactory.java:333)
	at org.springframework.beans.factory.support.DefaultSingletonBeanRegistry.getSingleton(DefaultSingletonBeanRegistry.java:371)
	at org.springframework.beans.factory.support.AbstractBeanFactory.doGetBean(AbstractBeanFactory.java:331)
	at org.springframework.beans.factory.support.AbstractBeanFactory.getBean(AbstractBeanFactory.java:196)
	at org.springframework.beans.factory.support.DefaultListableBeanFactory.instantiateSingleton(DefaultListableBeanFactory.java:1225)
	at org.springframework.beans.factory.support.DefaultListableBeanFactory.preInstantiateSingleton(DefaultListableBeanFactory.java:1191)
	at org.springframework.beans.factory.support.DefaultListableBeanFactory.preInstantiateSingletons(DefaultListableBeanFactory.java:1121)
	at org.springframework.context.support.AbstractApplicationContext.finishBeanFactoryInitialization(AbstractApplicationContext.java:994)
	at org.springframework.context.support.AbstractApplicationContext.refresh(AbstractApplicationContext.java:621)
	at org.springframework.boot.web.server.servlet.context.ServletWebServerApplicationContext.refresh(ServletWebServerApplicationContext.java:143)
	at org.springframework.boot.SpringApplication.refresh(SpringApplication.java:756)
	at org.springframework.boot.SpringApplication.refreshContext(SpringApplication.java:445)
	at org.springframework.boot.SpringApplication.run(SpringApplication.java:321)
	at org.springframework.boot.SpringApplication.run(SpringApplication.java:1365)
	at org.springframework.boot.SpringApplication.run(SpringApplication.java:1354)
	at com.jimmy.portal.PortalApplication.main(PortalApplication.java:12)
	at java.base/jdk.internal.reflect.DirectMethodHandleAccessor.invoke(DirectMethodHandleAccessor.java:104)
	at java.base/java.lang.reflect.Method.invoke(Method.java:565)
	at org.springframework.boot.devtools.restart.RestartLauncher.run(RestartLauncher.java:52)
Caused by: org.springframework.beans.BeanInstantiationException: Failed to instantiate [org.springframework.cache.CacheManager]: Factory method 'cacheManager' threw exception with message: org/springframework/cache/caffeine/CaffeineCache
	at org.springframework.beans.factory.support.SimpleInstantiationStrategy.lambda$instantiate$0(SimpleInstantiationStrategy.java:183)
	at org.springframework.beans.factory.support.SimpleInstantiationStrategy.instantiateWithFactoryMethod(SimpleInstantiationStrategy.java:72)
	at org.springframework.beans.factory.support.SimpleInstantiationStrategy.instantiate(SimpleInstantiationStrategy.java:152)
	at org.springframework.beans.factory.support.ConstructorResolver.instantiate(ConstructorResolver.java:653)
	... 24 common frames omitted
Caused by: java.lang.NoClassDefFoundError: org/springframework/cache/caffeine/CaffeineCache
	at com.jimmy.portal.cache.CaffeineCacheConfig.cacheManager(CaffeineCacheConfig.java:37)
	at com.jimmy.portal.cache.CaffeineCacheConfig$$SpringCGLIB$$0.CGLIB$cacheManager$0(<generated>)
	at com.jimmy.portal.cache.CaffeineCacheConfig$$SpringCGLIB$$FastClass$$1.invoke(<generated>)
	at org.springframework.cglib.proxy.MethodProxy.invokeSuper(MethodProxy.java:258)
	at org.springframework.context.annotation.ConfigurationClassEnhancer$BeanMethodInterceptor.intercept(ConfigurationClassEnhancer.java:398)
	at com.jimmy.portal.cache.CaffeineCacheConfig$$SpringCGLIB$$0.cacheManager(<generated>)
	at java.base/jdk.internal.reflect.DirectMethodHandleAccessor.invoke(DirectMethodHandleAccessor.java:104)
	at java.base/java.lang.reflect.Method.invoke(Method.java:565)
	at org.springframework.aop.support.AopUtils.invokeJoinpointUsingReflection(AopUtils.java:359)
	at org.springframework.aop.framework.ReflectiveMethodInvocation.invokeJoinpoint(ReflectiveMethodInvocation.java:190)
	at org.springframework.aop.framework.ReflectiveMethodInvocation.proceed(ReflectiveMethodInvocation.java:158)
	at org.springframework.aop.aspectj.AspectJAfterThrowingAdvice.invoke(AspectJAfterThrowingAdvice.java:63)
	at org.springframework.aop.framework.ReflectiveMethodInvocation.proceed(ReflectiveMethodInvocation.java:179)
	at org.springframework.aop.interceptor.ExposeInvocationInterceptor.invoke(ExposeInvocationInterceptor.java:96)
	at org.springframework.aop.framework.ReflectiveMethodInvocation.proceed(ReflectiveMethodInvocation.java:179)
	at org.springframework.aop.framework.CglibAopProxy$DynamicAdvisedInterceptor.intercept(CglibAopProxy.java:719)
	at com.jimmy.portal.cache.CaffeineCacheConfig$$SpringCGLIB$$1.cacheManager(<generated>)
	at java.base/jdk.internal.reflect.DirectMethodHandleAccessor.invoke(DirectMethodHandleAccessor.java:104)
	at java.base/java.lang.reflect.Method.invoke(Method.java:565)
	at org.springframework.beans.factory.support.SimpleInstantiationStrategy.lambda$instantiate$0(SimpleInstantiationStrategy.java:155)
	... 27 common frames omitted
Caused by: java.lang.ClassNotFoundException: org.springframework.cache.caffeine.CaffeineCache
	at java.base/jdk.internal.loader.BuiltinClassLoader.loadClass(BuiltinClassLoader.java:580)
	at java.base/java.lang.ClassLoader.loadClass(ClassLoader.java:502)
	at java.base/java.lang.Class.forName0(Native Method)
	at java.base/java.lang.Class.forName(Class.java:560)
	at org.springframework.boot.devtools.restart.classloader.RestartClassLoader.loadClass(RestartClassLoader.java:123)
	at java.base/java.lang.ClassLoader.loadClass(ClassLoader.java:502)
	... 47 common frames omitted
{"timestamp":"2026-09-16 13:56:17.673","level":"INFO","thread":"restartedMain","logger":"com.jimmy.portal.PortalApplication","message":"Starting PortalApplication using Java 26.0.2.1 with PID 11740 (D:\job-portal-server\target\classes started by JIMMY in D:\job-portal-server)"}
{"timestamp":"2026-09-16 13:56:17.674","level":"INFO","thread":"restartedMain","logger":"com.jimmy.portal.PortalApplication","message":"No active profile set, falling back to 1 default profile: "default""}
{"timestamp":"2026-09-16 13:56:17.707","level":"INFO","thread":"restartedMain","logger":"o.s.b.d.c.l.DockerComposeLifecycleManager","message":"Using Docker Compose file D:\job-portal-server\compose.yml"}
{"timestamp":"2026-09-16 13:56:21.032","level":"INFO","thread":"restartedMain","logger":"o.s.b.d.c.l.DockerComposeLifecycleManager","message":"There are already Docker Compose services running, skipping startup"}
{"timestamp":"2026-09-16 13:56:22.700","level":"INFO","thread":"restartedMain","logger":"o.s.d.r.c.RepositoryConfigurationDelegate","message":"Bootstrapping Spring Data JPA repositories in DEFAULT mode."}
{"timestamp":"2026-09-16 13:56:22.828","level":"INFO","thread":"restartedMain","logger":"o.s.d.r.c.RepositoryConfigurationDelegate","message":"Finished Spring Data repository scanning in 119 ms. Found 4 JPA repository interfaces."}
{"timestamp":"2026-09-16 13:56:24.112","level":"INFO","thread":"restartedMain","logger":"o.s.boot.tomcat.TomcatWebServer","message":"Tomcat initialized with port 8000 (http)"}
{"timestamp":"2026-09-16 13:56:24.125","level":"INFO","thread":"restartedMain","logger":"o.a.coyote.http11.Http11NioProtocol","message":"Initializing ProtocolHandler ["http-nio-8000"]"}
{"timestamp":"2026-09-16 13:56:24.128","level":"INFO","thread":"restartedMain","logger":"o.a.catalina.core.StandardService","message":"Starting service [Tomcat]"}
{"timestamp":"2026-09-16 13:56:24.129","level":"INFO","thread":"restartedMain","logger":"o.a.catalina.core.StandardEngine","message":"Starting Servlet engine: [Apache Tomcat/11.0.22]"}
{"timestamp":"2026-09-16 13:56:24.246","level":"INFO","thread":"restartedMain","logger":"o.s.b.w.c.s.WebApplicationContextInitializer","message":"Root WebApplicationContext: initialization completed in 3213 ms"}
{"timestamp":"2026-09-16 13:56:24.968","level":"INFO","thread":"restartedMain","logger":"com.zaxxer.hikari.HikariDataSource","message":"HikariPool-22 - Starting..."}
{"timestamp":"2026-09-16 13:56:25.900","level":"INFO","thread":"restartedMain","logger":"com.zaxxer.hikari.pool.HikariPool","message":"HikariPool-22 - Added connection com.mysql.cj.jdbc.ConnectionImpl@52bf1689"}
{"timestamp":"2026-09-16 13:56:25.901","level":"INFO","thread":"restartedMain","logger":"com.zaxxer.hikari.HikariDataSource","message":"HikariPool-22 - Start completed."}
{"timestamp":"2026-09-16 13:56:25.908","level":"INFO","thread":"restartedMain","logger":"org.hibernate.orm.jpa","message":"HHH008540: Processing PersistenceUnitInfo [name: default]"}
{"timestamp":"2026-09-16 13:56:26.057","level":"INFO","thread":"restartedMain","logger":"o.s.o.j.p.SpringPersistenceUnitInfo","message":"No LoadTimeWeaver setup: ignoring JPA class transformer"}
{"timestamp":"2026-09-16 13:56:26.120","level":"INFO","thread":"restartedMain","logger":"o.hibernate.orm.connections.pooling","message":"HHH10001005: Database info:
	Database JDBC URL [jdbc:mysql://127.0.0.1:3308/jobportal]
	Database driver: MySQL Connector/J
	Database dialect: MySQLDialect
	Database version: 9.1
	Default catalog/schema: jobportal/undefined
	Autocommit mode: undefined/unknown
	Isolation level: REPEATABLE_READ [default REPEATABLE_READ]
	JDBC fetch size: none
	Pool: DataSourceConnectionProvider
	Minimum pool size: undefined/unknown
	Maximum pool size: undefined/unknown"}
{"timestamp":"2026-09-16 13:56:27.089","level":"INFO","thread":"restartedMain","logger":"org.hibernate.orm.core","message":"HHH000489: No JTA platform available (set 'hibernate.transaction.jta.platform' to enable JTA platform integration)"}
{"timestamp":"2026-09-16 13:56:27.092","level":"INFO","thread":"restartedMain","logger":"o.s.o.j.LocalContainerEntityManagerFactoryBean","message":"Initialized JPA EntityManagerFactory for persistence unit 'default'"}
{"timestamp":"2026-09-16 13:56:28.732","level":"WARN","thread":"restartedMain","logger":"o.s.b.w.s.s.c.AnnotationConfigServletWebServerApplicationContext","message":"Exception encountered during context initialization - cancelling refresh attempt: org.springframework.beans.factory.BeanCreationException: Error creating bean with name 'cacheManager' defined in class path resource [com/jimmy/portal/cache/CaffeineCacheConfig.class]: Failed to instantiate [org.springframework.cache.CacheManager]: Factory method 'cacheManager' threw exception with message: org/springframework/cache/caffeine/CaffeineCache"}
{"timestamp":"2026-09-16 13:56:28.734","level":"INFO","thread":"restartedMain","logger":"o.s.o.j.LocalContainerEntityManagerFactoryBean","message":"Closing JPA EntityManagerFactory for persistence unit 'default'"}
{"timestamp":"2026-09-16 13:56:28.735","level":"INFO","thread":"restartedMain","logger":"com.zaxxer.hikari.HikariDataSource","message":"HikariPool-22 - Shutdown initiated..."}
{"timestamp":"2026-09-16 13:56:28.753","level":"INFO","thread":"restartedMain","logger":"com.zaxxer.hikari.HikariDataSource","message":"HikariPool-22 - Shutdown completed."}
{"timestamp":"2026-09-16 13:56:28.755","level":"INFO","thread":"restartedMain","logger":"o.a.catalina.core.StandardService","message":"Stopping service [Tomcat]"}
{"timestamp":"2026-09-16 13:56:28.782","level":"INFO","thread":"restartedMain","logger":"o.s.b.a.l.ConditionEvaluationReportLogger","message":"

Error starting ApplicationContext. To display the condition evaluation report re-run your application with 'debug' enabled."}
{"timestamp":"2026-09-16 13:56:28.790","level":"ERROR","thread":"restartedMain","logger":"o.s.boot.SpringApplication","message":"Application run failed"}
org.springframework.beans.factory.BeanCreationException: Error creating bean with name 'cacheManager' defined in class path resource [com/jimmy/portal/cache/CaffeineCacheConfig.class]: Failed to instantiate [org.springframework.cache.CacheManager]: Factory method 'cacheManager' threw exception with message: org/springframework/cache/caffeine/CaffeineCache
	at org.springframework.beans.factory.support.ConstructorResolver.instantiate(ConstructorResolver.java:657)
	at org.springframework.beans.factory.support.ConstructorResolver.instantiateUsingFactoryMethod(ConstructorResolver.java:489)
	at org.springframework.beans.factory.support.AbstractAutowireCapableBeanFactory.instantiateUsingFactoryMethod(AbstractAutowireCapableBeanFactory.java:1360)
	at org.springframework.beans.factory.support.AbstractAutowireCapableBeanFactory.createBeanInstance(AbstractAutowireCapableBeanFactory.java:1192)
	at org.springframework.beans.factory.support.AbstractAutowireCapableBeanFactory.doCreateBean(AbstractAutowireCapableBeanFactory.java:565)
	at org.springframework.beans.factory.support.AbstractAutowireCapableBeanFactory.createBean(AbstractAutowireCapableBeanFactory.java:525)
	at org.springframework.beans.factory.support.AbstractBeanFactory.lambda$doGetBean$0(AbstractBeanFactory.java:333)
	at org.springframework.beans.factory.support.DefaultSingletonBeanRegistry.getSingleton(DefaultSingletonBeanRegistry.java:371)
	at org.springframework.beans.factory.support.AbstractBeanFactory.doGetBean(AbstractBeanFactory.java:331)
	at org.springframework.beans.factory.support.AbstractBeanFactory.getBean(AbstractBeanFactory.java:196)
	at org.springframework.beans.factory.support.DefaultListableBeanFactory.instantiateSingleton(DefaultListableBeanFactory.java:1225)
	at org.springframework.beans.factory.support.DefaultListableBeanFactory.preInstantiateSingleton(DefaultListableBeanFactory.java:1191)
	at org.springframework.beans.factory.support.DefaultListableBeanFactory.preInstantiateSingletons(DefaultListableBeanFactory.java:1121)
	at org.springframework.context.support.AbstractApplicationContext.finishBeanFactoryInitialization(AbstractApplicationContext.java:994)
	at org.springframework.context.support.AbstractApplicationContext.refresh(AbstractApplicationContext.java:621)
	at org.springframework.boot.web.server.servlet.context.ServletWebServerApplicationContext.refresh(ServletWebServerApplicationContext.java:143)
	at org.springframework.boot.SpringApplication.refresh(SpringApplication.java:756)
	at org.springframework.boot.SpringApplication.refreshContext(SpringApplication.java:445)
	at org.springframework.boot.SpringApplication.run(SpringApplication.java:321)
	at org.springframework.boot.SpringApplication.run(SpringApplication.java:1365)
	at org.springframework.boot.SpringApplication.run(SpringApplication.java:1354)
	at com.jimmy.portal.PortalApplication.main(PortalApplication.java:12)
	at java.base/jdk.internal.reflect.DirectMethodHandleAccessor.invoke(DirectMethodHandleAccessor.java:104)
	at java.base/java.lang.reflect.Method.invoke(Method.java:565)
	at org.springframework.boot.devtools.restart.RestartLauncher.run(RestartLauncher.java:52)
Caused by: org.springframework.beans.BeanInstantiationException: Failed to instantiate [org.springframework.cache.CacheManager]: Factory method 'cacheManager' threw exception with message: org/springframework/cache/caffeine/CaffeineCache
	at org.springframework.beans.factory.support.SimpleInstantiationStrategy.lambda$instantiate$0(SimpleInstantiationStrategy.java:183)
	at org.springframework.beans.factory.support.SimpleInstantiationStrategy.instantiateWithFactoryMethod(SimpleInstantiationStrategy.java:72)
	at org.springframework.beans.factory.support.SimpleInstantiationStrategy.instantiate(SimpleInstantiationStrategy.java:152)
	at org.springframework.beans.factory.support.ConstructorResolver.instantiate(ConstructorResolver.java:653)
	... 24 common frames omitted
Caused by: java.lang.NoClassDefFoundError: org/springframework/cache/caffeine/CaffeineCache
	at com.jimmy.portal.cache.CaffeineCacheConfig.cacheManager(CaffeineCacheConfig.java:37)
	at com.jimmy.portal.cache.CaffeineCacheConfig$$SpringCGLIB$$0.CGLIB$cacheManager$0(<generated>)
	at com.jimmy.portal.cache.CaffeineCacheConfig$$SpringCGLIB$$FastClass$$1.invoke(<generated>)
	at org.springframework.cglib.proxy.MethodProxy.invokeSuper(MethodProxy.java:258)
	at org.springframework.context.annotation.ConfigurationClassEnhancer$BeanMethodInterceptor.intercept(ConfigurationClassEnhancer.java:398)
	at com.jimmy.portal.cache.CaffeineCacheConfig$$SpringCGLIB$$0.cacheManager(<generated>)
	at java.base/jdk.internal.reflect.DirectMethodHandleAccessor.invoke(DirectMethodHandleAccessor.java:104)
	at java.base/java.lang.reflect.Method.invoke(Method.java:565)
	at org.springframework.aop.support.AopUtils.invokeJoinpointUsingReflection(AopUtils.java:359)
	at org.springframework.aop.framework.ReflectiveMethodInvocation.invokeJoinpoint(ReflectiveMethodInvocation.java:190)
	at org.springframework.aop.framework.ReflectiveMethodInvocation.proceed(ReflectiveMethodInvocation.java:158)
	at org.springframework.aop.aspectj.AspectJAfterThrowingAdvice.invoke(AspectJAfterThrowingAdvice.java:63)
	at org.springframework.aop.framework.ReflectiveMethodInvocation.proceed(ReflectiveMethodInvocation.java:179)
	at org.springframework.aop.interceptor.ExposeInvocationInterceptor.invoke(ExposeInvocationInterceptor.java:96)
	at org.springframework.aop.framework.ReflectiveMethodInvocation.proceed(ReflectiveMethodInvocation.java:179)
	at org.springframework.aop.framework.CglibAopProxy$DynamicAdvisedInterceptor.intercept(CglibAopProxy.java:719)
	at com.jimmy.portal.cache.CaffeineCacheConfig$$SpringCGLIB$$1.cacheManager(<generated>)
	at java.base/jdk.internal.reflect.DirectMethodHandleAccessor.invoke(DirectMethodHandleAccessor.java:104)
	at java.base/java.lang.reflect.Method.invoke(Method.java:565)
	at org.springframework.beans.factory.support.SimpleInstantiationStrategy.lambda$instantiate$0(SimpleInstantiationStrategy.java:155)
	... 27 common frames omitted
Caused by: java.lang.ClassNotFoundException: org.springframework.cache.caffeine.CaffeineCache
	at java.base/jdk.internal.loader.BuiltinClassLoader.loadClass(BuiltinClassLoader.java:580)
	at java.base/java.lang.ClassLoader.loadClass(ClassLoader.java:502)
	at java.base/java.lang.Class.forName0(Native Method)
	at java.base/java.lang.Class.forName(Class.java:560)
	at org.springframework.boot.devtools.restart.classloader.RestartClassLoader.loadClass(RestartClassLoader.java:123)
	at java.base/java.lang.ClassLoader.loadClass(ClassLoader.java:502)
	... 47 common frames omitted
{"timestamp":"2026-09-16 13:56:37.666","level":"INFO","thread":"restartedMain","logger":"com.jimmy.portal.PortalApplication","message":"Starting PortalApplication using Java 26.0.2.1 with PID 11740 (D:\job-portal-server\target\classes started by JIMMY in D:\job-portal-server)"}
{"timestamp":"2026-09-16 13:56:37.666","level":"INFO","thread":"restartedMain","logger":"com.jimmy.portal.PortalApplication","message":"No active profile set, falling back to 1 default profile: "default""}
{"timestamp":"2026-09-16 13:56:37.692","level":"INFO","thread":"restartedMain","logger":"o.s.b.d.c.l.DockerComposeLifecycleManager","message":"Using Docker Compose file D:\job-portal-server\compose.yml"}
{"timestamp":"2026-09-16 13:56:40.759","level":"INFO","thread":"restartedMain","logger":"o.s.b.d.c.l.DockerComposeLifecycleManager","message":"There are already Docker Compose services running, skipping startup"}
{"timestamp":"2026-09-16 13:56:41.678","level":"INFO","thread":"restartedMain","logger":"o.s.d.r.c.RepositoryConfigurationDelegate","message":"Bootstrapping Spring Data JPA repositories in DEFAULT mode."}
{"timestamp":"2026-09-16 13:56:41.778","level":"INFO","thread":"restartedMain","logger":"o.s.d.r.c.RepositoryConfigurationDelegate","message":"Finished Spring Data repository scanning in 85 ms. Found 4 JPA repository interfaces."}
{"timestamp":"2026-09-16 13:56:43.174","level":"INFO","thread":"restartedMain","logger":"o.s.boot.tomcat.TomcatWebServer","message":"Tomcat initialized with port 8000 (http)"}
{"timestamp":"2026-09-16 13:56:43.176","level":"INFO","thread":"restartedMain","logger":"o.a.coyote.http11.Http11NioProtocol","message":"Initializing ProtocolHandler ["http-nio-8000"]"}
{"timestamp":"2026-09-16 13:56:43.177","level":"INFO","thread":"restartedMain","logger":"o.a.catalina.core.StandardService","message":"Starting service [Tomcat]"}
{"timestamp":"2026-09-16 13:56:43.177","level":"INFO","thread":"restartedMain","logger":"o.a.catalina.core.StandardEngine","message":"Starting Servlet engine: [Apache Tomcat/11.0.22]"}
{"timestamp":"2026-09-16 13:56:43.251","level":"INFO","thread":"restartedMain","logger":"o.s.b.w.c.s.WebApplicationContextInitializer","message":"Root WebApplicationContext: initialization completed in 2491 ms"}
{"timestamp":"2026-09-16 13:56:43.765","level":"INFO","thread":"restartedMain","logger":"com.zaxxer.hikari.HikariDataSource","message":"HikariPool-23 - Starting..."}
{"timestamp":"2026-09-16 13:56:43.840","level":"INFO","thread":"restartedMain","logger":"com.zaxxer.hikari.pool.HikariPool","message":"HikariPool-23 - Added connection com.mysql.cj.jdbc.ConnectionImpl@34455237"}
{"timestamp":"2026-09-16 13:56:43.840","level":"INFO","thread":"restartedMain","logger":"com.zaxxer.hikari.HikariDataSource","message":"HikariPool-23 - Start completed."}
{"timestamp":"2026-09-16 13:56:43.841","level":"INFO","thread":"restartedMain","logger":"org.hibernate.orm.jpa","message":"HHH008540: Processing PersistenceUnitInfo [name: default]"}
{"timestamp":"2026-09-16 13:56:43.906","level":"INFO","thread":"restartedMain","logger":"o.s.o.j.p.SpringPersistenceUnitInfo","message":"No LoadTimeWeaver setup: ignoring JPA class transformer"}
{"timestamp":"2026-09-16 13:56:43.917","level":"INFO","thread":"restartedMain","logger":"o.hibernate.orm.connections.pooling","message":"HHH10001005: Database info:
	Database JDBC URL [jdbc:mysql://127.0.0.1:3308/jobportal]
	Database driver: MySQL Connector/J
	Database dialect: MySQLDialect
	Database version: 9.1
	Default catalog/schema: jobportal/undefined
	Autocommit mode: undefined/unknown
	Isolation level: REPEATABLE_READ [default REPEATABLE_READ]
	JDBC fetch size: none
	Pool: DataSourceConnectionProvider
	Minimum pool size: undefined/unknown
	Maximum pool size: undefined/unknown"}
{"timestamp":"2026-09-16 13:56:44.571","level":"INFO","thread":"restartedMain","logger":"org.hibernate.orm.core","message":"HHH000489: No JTA platform available (set 'hibernate.transaction.jta.platform' to enable JTA platform integration)"}
{"timestamp":"2026-09-16 13:56:44.573","level":"INFO","thread":"restartedMain","logger":"o.s.o.j.LocalContainerEntityManagerFactoryBean","message":"Initialized JPA EntityManagerFactory for persistence unit 'default'"}
{"timestamp":"2026-09-16 13:56:45.730","level":"WARN","thread":"restartedMain","logger":"o.s.b.w.s.s.c.AnnotationConfigServletWebServerApplicationContext","message":"Exception encountered during context initialization - cancelling refresh attempt: org.springframework.beans.factory.BeanCreationException: Error creating bean with name 'cacheManager' defined in class path resource [com/jimmy/portal/cache/CaffeineCacheConfig.class]: Failed to instantiate [org.springframework.cache.CacheManager]: Factory method 'cacheManager' threw exception with message: org/springframework/cache/caffeine/CaffeineCache"}
{"timestamp":"2026-09-16 13:56:45.731","level":"INFO","thread":"restartedMain","logger":"o.s.o.j.LocalContainerEntityManagerFactoryBean","message":"Closing JPA EntityManagerFactory for persistence unit 'default'"}
{"timestamp":"2026-09-16 13:56:45.732","level":"INFO","thread":"restartedMain","logger":"com.zaxxer.hikari.HikariDataSource","message":"HikariPool-23 - Shutdown initiated..."}
{"timestamp":"2026-09-16 13:56:45.741","level":"INFO","thread":"restartedMain","logger":"com.zaxxer.hikari.HikariDataSource","message":"HikariPool-23 - Shutdown completed."}
{"timestamp":"2026-09-16 13:56:45.747","level":"INFO","thread":"restartedMain","logger":"o.a.catalina.core.StandardService","message":"Stopping service [Tomcat]"}
{"timestamp":"2026-09-16 13:56:45.760","level":"INFO","thread":"restartedMain","logger":"o.s.b.a.l.ConditionEvaluationReportLogger","message":"

Error starting ApplicationContext. To display the condition evaluation report re-run your application with 'debug' enabled."}
{"timestamp":"2026-09-16 13:56:45.767","level":"ERROR","thread":"restartedMain","logger":"o.s.boot.SpringApplication","message":"Application run failed"}
org.springframework.beans.factory.BeanCreationException: Error creating bean with name 'cacheManager' defined in class path resource [com/jimmy/portal/cache/CaffeineCacheConfig.class]: Failed to instantiate [org.springframework.cache.CacheManager]: Factory method 'cacheManager' threw exception with message: org/springframework/cache/caffeine/CaffeineCache
	at org.springframework.beans.factory.support.ConstructorResolver.instantiate(ConstructorResolver.java:657)
	at org.springframework.beans.factory.support.ConstructorResolver.instantiateUsingFactoryMethod(ConstructorResolver.java:489)
	at org.springframework.beans.factory.support.AbstractAutowireCapableBeanFactory.instantiateUsingFactoryMethod(AbstractAutowireCapableBeanFactory.java:1360)
	at org.springframework.beans.factory.support.AbstractAutowireCapableBeanFactory.createBeanInstance(AbstractAutowireCapableBeanFactory.java:1192)
	at org.springframework.beans.factory.support.AbstractAutowireCapableBeanFactory.doCreateBean(AbstractAutowireCapableBeanFactory.java:565)
	at org.springframework.beans.factory.support.AbstractAutowireCapableBeanFactory.createBean(AbstractAutowireCapableBeanFactory.java:525)
	at org.springframework.beans.factory.support.AbstractBeanFactory.lambda$doGetBean$0(AbstractBeanFactory.java:333)
	at org.springframework.beans.factory.support.DefaultSingletonBeanRegistry.getSingleton(DefaultSingletonBeanRegistry.java:371)
	at org.springframework.beans.factory.support.AbstractBeanFactory.doGetBean(AbstractBeanFactory.java:331)
	at org.springframework.beans.factory.support.AbstractBeanFactory.getBean(AbstractBeanFactory.java:196)
	at org.springframework.beans.factory.support.DefaultListableBeanFactory.instantiateSingleton(DefaultListableBeanFactory.java:1225)
	at org.springframework.beans.factory.support.DefaultListableBeanFactory.preInstantiateSingleton(DefaultListableBeanFactory.java:1191)
	at org.springframework.beans.factory.support.DefaultListableBeanFactory.preInstantiateSingletons(DefaultListableBeanFactory.java:1121)
	at org.springframework.context.support.AbstractApplicationContext.finishBeanFactoryInitialization(AbstractApplicationContext.java:994)
	at org.springframework.context.support.AbstractApplicationContext.refresh(AbstractApplicationContext.java:621)
	at org.springframework.boot.web.server.servlet.context.ServletWebServerApplicationContext.refresh(ServletWebServerApplicationContext.java:143)
	at org.springframework.boot.SpringApplication.refresh(SpringApplication.java:756)
	at org.springframework.boot.SpringApplication.refreshContext(SpringApplication.java:445)
	at org.springframework.boot.SpringApplication.run(SpringApplication.java:321)
	at org.springframework.boot.SpringApplication.run(SpringApplication.java:1365)
	at org.springframework.boot.SpringApplication.run(SpringApplication.java:1354)
	at com.jimmy.portal.PortalApplication.main(PortalApplication.java:14)
	at java.base/jdk.internal.reflect.DirectMethodHandleAccessor.invoke(DirectMethodHandleAccessor.java:104)
	at java.base/java.lang.reflect.Method.invoke(Method.java:565)
	at org.springframework.boot.devtools.restart.RestartLauncher.run(RestartLauncher.java:52)
Caused by: org.springframework.beans.BeanInstantiationException: Failed to instantiate [org.springframework.cache.CacheManager]: Factory method 'cacheManager' threw exception with message: org/springframework/cache/caffeine/CaffeineCache
	at org.springframework.beans.factory.support.SimpleInstantiationStrategy.lambda$instantiate$0(SimpleInstantiationStrategy.java:183)
	at org.springframework.beans.factory.support.SimpleInstantiationStrategy.instantiateWithFactoryMethod(SimpleInstantiationStrategy.java:72)
	at org.springframework.beans.factory.support.SimpleInstantiationStrategy.instantiate(SimpleInstantiationStrategy.java:152)
	at org.springframework.beans.factory.support.ConstructorResolver.instantiate(ConstructorResolver.java:653)
	... 24 common frames omitted
Caused by: java.lang.NoClassDefFoundError: org/springframework/cache/caffeine/CaffeineCache
	at com.jimmy.portal.cache.CaffeineCacheConfig.cacheManager(CaffeineCacheConfig.java:37)
	at com.jimmy.portal.cache.CaffeineCacheConfig$$SpringCGLIB$$0.CGLIB$cacheManager$0(<generated>)
	at com.jimmy.portal.cache.CaffeineCacheConfig$$SpringCGLIB$$FastClass$$1.invoke(<generated>)
	at org.springframework.cglib.proxy.MethodProxy.invokeSuper(MethodProxy.java:258)
	at org.springframework.context.annotation.ConfigurationClassEnhancer$BeanMethodInterceptor.intercept(ConfigurationClassEnhancer.java:398)
	at com.jimmy.portal.cache.CaffeineCacheConfig$$SpringCGLIB$$0.cacheManager(<generated>)
	at java.base/jdk.internal.reflect.DirectMethodHandleAccessor.invoke(DirectMethodHandleAccessor.java:104)
	at java.base/java.lang.reflect.Method.invoke(Method.java:565)
	at org.springframework.aop.support.AopUtils.invokeJoinpointUsingReflection(AopUtils.java:359)
	at org.springframework.aop.framework.ReflectiveMethodInvocation.invokeJoinpoint(ReflectiveMethodInvocation.java:190)
	at org.springframework.aop.framework.ReflectiveMethodInvocation.proceed(ReflectiveMethodInvocation.java:158)
	at org.springframework.aop.aspectj.AspectJAfterThrowingAdvice.invoke(AspectJAfterThrowingAdvice.java:63)
	at org.springframework.aop.framework.ReflectiveMethodInvocation.proceed(ReflectiveMethodInvocation.java:179)
	at org.springframework.aop.interceptor.ExposeInvocationInterceptor.invoke(ExposeInvocationInterceptor.java:96)
	at org.springframework.aop.framework.ReflectiveMethodInvocation.proceed(ReflectiveMethodInvocation.java:179)
	at org.springframework.aop.framework.CglibAopProxy$DynamicAdvisedInterceptor.intercept(CglibAopProxy.java:719)
	at com.jimmy.portal.cache.CaffeineCacheConfig$$SpringCGLIB$$1.cacheManager(<generated>)
	at java.base/jdk.internal.reflect.DirectMethodHandleAccessor.invoke(DirectMethodHandleAccessor.java:104)
	at java.base/java.lang.reflect.Method.invoke(Method.java:565)
	at org.springframework.beans.factory.support.SimpleInstantiationStrategy.lambda$instantiate$0(SimpleInstantiationStrategy.java:155)
	... 27 common frames omitted
Caused by: java.lang.ClassNotFoundException: org.springframework.cache.caffeine.CaffeineCache
	at java.base/jdk.internal.loader.BuiltinClassLoader.loadClass(BuiltinClassLoader.java:580)
	at java.base/java.lang.ClassLoader.loadClass(ClassLoader.java:502)
	at java.base/java.lang.Class.forName0(Native Method)
	at java.base/java.lang.Class.forName(Class.java:560)
	at org.springframework.boot.devtools.restart.classloader.RestartClassLoader.loadClass(RestartClassLoader.java:123)
	at java.base/java.lang.ClassLoader.loadClass(ClassLoader.java:502)
	... 47 common frames omitted
{"timestamp":"2026-09-16 13:58:22.573","level":"INFO","thread":"restartedMain","logger":"com.jimmy.portal.PortalApplication","message":"Starting PortalApplication using Java 26.0.2.1 with PID 11740 (D:\job-portal-server\target\classes started by JIMMY in D:\job-portal-server)"}
{"timestamp":"2026-09-16 13:58:22.597","level":"INFO","thread":"restartedMain","logger":"com.jimmy.portal.PortalApplication","message":"No active profile set, falling back to 1 default profile: "default""}
{"timestamp":"2026-09-16 13:58:22.876","level":"INFO","thread":"restartedMain","logger":"o.s.b.d.c.l.DockerComposeLifecycleManager","message":"Using Docker Compose file D:\job-portal-server\compose.yml"}
{"timestamp":"2026-09-16 13:58:26.253","level":"INFO","thread":"restartedMain","logger":"o.s.b.d.c.l.DockerComposeLifecycleManager","message":"There are already Docker Compose services running, skipping startup"}
{"timestamp":"2026-09-16 13:58:28.656","level":"INFO","thread":"restartedMain","logger":"o.s.d.r.c.RepositoryConfigurationDelegate","message":"Bootstrapping Spring Data JPA repositories in DEFAULT mode."}
{"timestamp":"2026-09-16 13:58:28.885","level":"INFO","thread":"restartedMain","logger":"o.s.d.r.c.RepositoryConfigurationDelegate","message":"Finished Spring Data repository scanning in 220 ms. Found 4 JPA repository interfaces."}
{"timestamp":"2026-09-16 13:58:30.452","level":"INFO","thread":"restartedMain","logger":"o.s.boot.tomcat.TomcatWebServer","message":"Tomcat initialized with port 8000 (http)"}
{"timestamp":"2026-09-16 13:58:30.464","level":"INFO","thread":"restartedMain","logger":"o.a.coyote.http11.Http11NioProtocol","message":"Initializing ProtocolHandler ["http-nio-8000"]"}
{"timestamp":"2026-09-16 13:58:30.470","level":"INFO","thread":"restartedMain","logger":"o.a.catalina.core.StandardService","message":"Starting service [Tomcat]"}
{"timestamp":"2026-09-16 13:58:30.471","level":"INFO","thread":"restartedMain","logger":"o.a.catalina.core.StandardEngine","message":"Starting Servlet engine: [Apache Tomcat/11.0.22]"}
{"timestamp":"2026-09-16 13:58:30.578","level":"INFO","thread":"restartedMain","logger":"o.s.b.w.c.s.WebApplicationContextInitializer","message":"Root WebApplicationContext: initialization completed in 4313 ms"}
{"timestamp":"2026-09-16 13:58:31.235","level":"INFO","thread":"restartedMain","logger":"com.zaxxer.hikari.HikariDataSource","message":"HikariPool-24 - Starting..."}
{"timestamp":"2026-09-16 13:58:31.733","level":"INFO","thread":"restartedMain","logger":"com.zaxxer.hikari.pool.HikariPool","message":"HikariPool-24 - Added connection com.mysql.cj.jdbc.ConnectionImpl@78ef0c40"}
{"timestamp":"2026-09-16 13:58:31.735","level":"INFO","thread":"restartedMain","logger":"com.zaxxer.hikari.HikariDataSource","message":"HikariPool-24 - Start completed."}
{"timestamp":"2026-09-16 13:58:31.745","level":"INFO","thread":"restartedMain","logger":"org.hibernate.orm.jpa","message":"HHH008540: Processing PersistenceUnitInfo [name: default]"}
{"timestamp":"2026-09-16 13:58:31.978","level":"INFO","thread":"restartedMain","logger":"o.s.o.j.p.SpringPersistenceUnitInfo","message":"No LoadTimeWeaver setup: ignoring JPA class transformer"}
{"timestamp":"2026-09-16 13:58:32.028","level":"INFO","thread":"restartedMain","logger":"o.hibernate.orm.connections.pooling","message":"HHH10001005: Database info:
	Database JDBC URL [jdbc:mysql://127.0.0.1:3308/jobportal]
	Database driver: MySQL Connector/J
	Database dialect: MySQLDialect
	Database version: 9.1
	Default catalog/schema: jobportal/undefined
	Autocommit mode: undefined/unknown
	Isolation level: REPEATABLE_READ [default REPEATABLE_READ]
	JDBC fetch size: none
	Pool: DataSourceConnectionProvider
	Minimum pool size: undefined/unknown
	Maximum pool size: undefined/unknown"}
{"timestamp":"2026-09-16 13:58:32.786","level":"INFO","thread":"restartedMain","logger":"org.hibernate.orm.core","message":"HHH000489: No JTA platform available (set 'hibernate.transaction.jta.platform' to enable JTA platform integration)"}
{"timestamp":"2026-09-16 13:58:32.788","level":"INFO","thread":"restartedMain","logger":"o.s.o.j.LocalContainerEntityManagerFactoryBean","message":"Initialized JPA EntityManagerFactory for persistence unit 'default'"}
{"timestamp":"2026-09-16 13:58:34.363","level":"WARN","thread":"restartedMain","logger":"o.s.b.j.a.JpaBaseConfiguration$JpaWebConfiguration","message":"spring.jpa.open-in-view is enabled by default. Therefore, database queries may be performed during view rendering. Explicitly configure spring.jpa.open-in-view to disable this warning"}
{"timestamp":"2026-09-16 13:58:34.852","level":"INFO","thread":"restartedMain","logger":"o.s.s.c.a.a.c.InitializeAuthenticationProviderBeanManagerConfigurer$InitializeAuthenticationProviderManagerConfigurer","message":"Global AuthenticationManager configured with AuthenticationProvider bean with name jobPortalUsernamePwdAuthenticationProvider"}
{"timestamp":"2026-09-16 13:58:36.650","level":"WARN","thread":"restartedMain","logger":"o.s.b.w.s.s.c.AnnotationConfigServletWebServerApplicationContext","message":"Exception encountered during context initialization - cancelling refresh attempt: org.springframework.beans.factory.NoSuchBeanDefinitionException: No qualifying bean of type 'org.springframework.cache.CacheManager' available: no CacheResolver specified - register a CacheManager bean or remove the @EnableCaching annotation from your configuration."}
{"timestamp":"2026-09-16 13:58:36.655","level":"INFO","thread":"restartedMain","logger":"o.s.o.j.LocalContainerEntityManagerFactoryBean","message":"Closing JPA EntityManagerFactory for persistence unit 'default'"}
{"timestamp":"2026-09-16 13:58:36.657","level":"INFO","thread":"restartedMain","logger":"com.zaxxer.hikari.HikariDataSource","message":"HikariPool-24 - Shutdown initiated..."}
{"timestamp":"2026-09-16 13:58:36.687","level":"INFO","thread":"restartedMain","logger":"com.zaxxer.hikari.HikariDataSource","message":"HikariPool-24 - Shutdown completed."}
{"timestamp":"2026-09-16 13:58:36.705","level":"INFO","thread":"restartedMain","logger":"o.a.catalina.core.StandardService","message":"Stopping service [Tomcat]"}
{"timestamp":"2026-09-16 13:58:36.740","level":"INFO","thread":"restartedMain","logger":"o.s.b.a.l.ConditionEvaluationReportLogger","message":"

Error starting ApplicationContext. To display the condition evaluation report re-run your application with 'debug' enabled."}
{"timestamp":"2026-09-16 13:58:36.762","level":"ERROR","thread":"restartedMain","logger":"o.s.b.d.LoggingFailureAnalysisReporter","message":"

***************************
APPLICATION FAILED TO START
***************************

Description:

A component required a bean of type 'org.springframework.cache.CacheManager' that could not be found.


Action:

Consider defining a bean of type 'org.springframework.cache.CacheManager' in your configuration.
"}
{"timestamp":"2026-09-16 13:58:43.519","level":"INFO","thread":"restartedMain","logger":"com.jimmy.portal.PortalApplication","message":"Starting PortalApplication using Java 26.0.2.1 with PID 11740 (D:\job-portal-server\target\classes started by JIMMY in D:\job-portal-server)"}
{"timestamp":"2026-09-16 13:58:43.523","level":"INFO","thread":"restartedMain","logger":"com.jimmy.portal.PortalApplication","message":"No active profile set, falling back to 1 default profile: "default""}
{"timestamp":"2026-09-16 13:58:43.532","level":"INFO","thread":"restartedMain","logger":"o.s.b.d.c.l.DockerComposeLifecycleManager","message":"Using Docker Compose file D:\job-portal-server\compose.yml"}
{"timestamp":"2026-09-16 13:58:45.875","level":"INFO","thread":"restartedMain","logger":"o.s.b.d.c.l.DockerComposeLifecycleManager","message":"There are already Docker Compose services running, skipping startup"}
{"timestamp":"2026-09-16 13:58:46.673","level":"INFO","thread":"restartedMain","logger":"o.s.d.r.c.RepositoryConfigurationDelegate","message":"Bootstrapping Spring Data JPA repositories in DEFAULT mode."}
{"timestamp":"2026-09-16 13:58:46.753","level":"INFO","thread":"restartedMain","logger":"o.s.d.r.c.RepositoryConfigurationDelegate","message":"Finished Spring Data repository scanning in 76 ms. Found 4 JPA repository interfaces."}
{"timestamp":"2026-09-16 13:58:47.423","level":"INFO","thread":"restartedMain","logger":"o.s.boot.tomcat.TomcatWebServer","message":"Tomcat initialized with port 8000 (http)"}
{"timestamp":"2026-09-16 13:58:47.424","level":"INFO","thread":"restartedMain","logger":"o.a.coyote.http11.Http11NioProtocol","message":"Initializing ProtocolHandler ["http-nio-8000"]"}
{"timestamp":"2026-09-16 13:58:47.425","level":"INFO","thread":"restartedMain","logger":"o.a.catalina.core.StandardService","message":"Starting service [Tomcat]"}
{"timestamp":"2026-09-16 13:58:47.425","level":"INFO","thread":"restartedMain","logger":"o.a.catalina.core.StandardEngine","message":"Starting Servlet engine: [Apache Tomcat/11.0.22]"}
{"timestamp":"2026-09-16 13:58:47.501","level":"INFO","thread":"restartedMain","logger":"o.s.b.w.c.s.WebApplicationContextInitializer","message":"Root WebApplicationContext: initialization completed in 1626 ms"}
{"timestamp":"2026-09-16 13:58:48.087","level":"INFO","thread":"restartedMain","logger":"com.zaxxer.hikari.HikariDataSource","message":"HikariPool-25 - Starting..."}
{"timestamp":"2026-09-16 13:58:48.154","level":"INFO","thread":"restartedMain","logger":"com.zaxxer.hikari.pool.HikariPool","message":"HikariPool-25 - Added connection com.mysql.cj.jdbc.ConnectionImpl@202c24a4"}
{"timestamp":"2026-09-16 13:58:48.155","level":"INFO","thread":"restartedMain","logger":"com.zaxxer.hikari.HikariDataSource","message":"HikariPool-25 - Start completed."}
{"timestamp":"2026-09-16 13:58:48.157","level":"INFO","thread":"restartedMain","logger":"org.hibernate.orm.jpa","message":"HHH008540: Processing PersistenceUnitInfo [name: default]"}
{"timestamp":"2026-09-16 13:58:48.240","level":"INFO","thread":"restartedMain","logger":"o.s.o.j.p.SpringPersistenceUnitInfo","message":"No LoadTimeWeaver setup: ignoring JPA class transformer"}
{"timestamp":"2026-09-16 13:58:48.254","level":"INFO","thread":"restartedMain","logger":"o.hibernate.orm.connections.pooling","message":"HHH10001005: Database info:
	Database JDBC URL [jdbc:mysql://127.0.0.1:3308/jobportal]
	Database driver: MySQL Connector/J
	Database dialect: MySQLDialect
	Database version: 9.1
	Default catalog/schema: jobportal/undefined
	Autocommit mode: undefined/unknown
	Isolation level: REPEATABLE_READ [default REPEATABLE_READ]
	JDBC fetch size: none
	Pool: DataSourceConnectionProvider
	Minimum pool size: undefined/unknown
	Maximum pool size: undefined/unknown"}
{"timestamp":"2026-09-16 13:58:48.648","level":"INFO","thread":"restartedMain","logger":"org.hibernate.orm.core","message":"HHH000489: No JTA platform available (set 'hibernate.transaction.jta.platform' to enable JTA platform integration)"}
{"timestamp":"2026-09-16 13:58:48.653","level":"INFO","thread":"restartedMain","logger":"o.s.o.j.LocalContainerEntityManagerFactoryBean","message":"Initialized JPA EntityManagerFactory for persistence unit 'default'"}
{"timestamp":"2026-09-16 13:58:49.848","level":"WARN","thread":"restartedMain","logger":"o.s.b.w.s.s.c.AnnotationConfigServletWebServerApplicationContext","message":"Exception encountered during context initialization - cancelling refresh attempt: org.springframework.beans.factory.BeanCreationException: Error creating bean with name 'cacheManagerMeth' defined in class path resource [com/jimmy/portal/cache/CaffeineCacheConfig.class]: Failed to instantiate [org.springframework.cache.CacheManager]: Factory method 'cacheManagerMeth' threw exception with message: org/springframework/cache/caffeine/CaffeineCache"}
{"timestamp":"2026-09-16 13:58:49.849","level":"INFO","thread":"restartedMain","logger":"o.s.o.j.LocalContainerEntityManagerFactoryBean","message":"Closing JPA EntityManagerFactory for persistence unit 'default'"}
{"timestamp":"2026-09-16 13:58:49.850","level":"INFO","thread":"restartedMain","logger":"com.zaxxer.hikari.HikariDataSource","message":"HikariPool-25 - Shutdown initiated..."}
{"timestamp":"2026-09-16 13:58:49.870","level":"INFO","thread":"restartedMain","logger":"com.zaxxer.hikari.HikariDataSource","message":"HikariPool-25 - Shutdown completed."}
{"timestamp":"2026-09-16 13:58:49.872","level":"INFO","thread":"restartedMain","logger":"o.a.catalina.core.StandardService","message":"Stopping service [Tomcat]"}
{"timestamp":"2026-09-16 13:58:49.894","level":"INFO","thread":"restartedMain","logger":"o.s.b.a.l.ConditionEvaluationReportLogger","message":"

Error starting ApplicationContext. To display the condition evaluation report re-run your application with 'debug' enabled."}
{"timestamp":"2026-09-16 13:58:49.903","level":"ERROR","thread":"restartedMain","logger":"o.s.boot.SpringApplication","message":"Application run failed"}
org.springframework.beans.factory.BeanCreationException: Error creating bean with name 'cacheManagerMeth' defined in class path resource [com/jimmy/portal/cache/CaffeineCacheConfig.class]: Failed to instantiate [org.springframework.cache.CacheManager]: Factory method 'cacheManagerMeth' threw exception with message: org/springframework/cache/caffeine/CaffeineCache
	at org.springframework.beans.factory.support.ConstructorResolver.instantiate(ConstructorResolver.java:657)
	at org.springframework.beans.factory.support.ConstructorResolver.instantiateUsingFactoryMethod(ConstructorResolver.java:489)
	at org.springframework.beans.factory.support.AbstractAutowireCapableBeanFactory.instantiateUsingFactoryMethod(AbstractAutowireCapableBeanFactory.java:1360)
	at org.springframework.beans.factory.support.AbstractAutowireCapableBeanFactory.createBeanInstance(AbstractAutowireCapableBeanFactory.java:1192)
	at org.springframework.beans.factory.support.AbstractAutowireCapableBeanFactory.doCreateBean(AbstractAutowireCapableBeanFactory.java:565)
	at org.springframework.beans.factory.support.AbstractAutowireCapableBeanFactory.createBean(AbstractAutowireCapableBeanFactory.java:525)
	at org.springframework.beans.factory.support.AbstractBeanFactory.lambda$doGetBean$0(AbstractBeanFactory.java:333)
	at org.springframework.beans.factory.support.DefaultSingletonBeanRegistry.getSingleton(DefaultSingletonBeanRegistry.java:371)
	at org.springframework.beans.factory.support.AbstractBeanFactory.doGetBean(AbstractBeanFactory.java:331)
	at org.springframework.beans.factory.support.AbstractBeanFactory.getBean(AbstractBeanFactory.java:196)
	at org.springframework.beans.factory.support.DefaultListableBeanFactory.instantiateSingleton(DefaultListableBeanFactory.java:1225)
	at org.springframework.beans.factory.support.DefaultListableBeanFactory.preInstantiateSingleton(DefaultListableBeanFactory.java:1191)
	at org.springframework.beans.factory.support.DefaultListableBeanFactory.preInstantiateSingletons(DefaultListableBeanFactory.java:1121)
	at org.springframework.context.support.AbstractApplicationContext.finishBeanFactoryInitialization(AbstractApplicationContext.java:994)
	at org.springframework.context.support.AbstractApplicationContext.refresh(AbstractApplicationContext.java:621)
	at org.springframework.boot.web.server.servlet.context.ServletWebServerApplicationContext.refresh(ServletWebServerApplicationContext.java:143)
	at org.springframework.boot.SpringApplication.refresh(SpringApplication.java:756)
	at org.springframework.boot.SpringApplication.refreshContext(SpringApplication.java:445)
	at org.springframework.boot.SpringApplication.run(SpringApplication.java:321)
	at org.springframework.boot.SpringApplication.run(SpringApplication.java:1365)
	at org.springframework.boot.SpringApplication.run(SpringApplication.java:1354)
	at com.jimmy.portal.PortalApplication.main(PortalApplication.java:14)
	at java.base/jdk.internal.reflect.DirectMethodHandleAccessor.invoke(DirectMethodHandleAccessor.java:104)
	at java.base/java.lang.reflect.Method.invoke(Method.java:565)
	at org.springframework.boot.devtools.restart.RestartLauncher.run(RestartLauncher.java:52)
Caused by: org.springframework.beans.BeanInstantiationException: Failed to instantiate [org.springframework.cache.CacheManager]: Factory method 'cacheManagerMeth' threw exception with message: org/springframework/cache/caffeine/CaffeineCache
	at org.springframework.beans.factory.support.SimpleInstantiationStrategy.lambda$instantiate$0(SimpleInstantiationStrategy.java:183)
	at org.springframework.beans.factory.support.SimpleInstantiationStrategy.instantiateWithFactoryMethod(SimpleInstantiationStrategy.java:72)
	at org.springframework.beans.factory.support.SimpleInstantiationStrategy.instantiate(SimpleInstantiationStrategy.java:152)
	at org.springframework.beans.factory.support.ConstructorResolver.instantiate(ConstructorResolver.java:653)
	... 24 common frames omitted
Caused by: java.lang.NoClassDefFoundError: org/springframework/cache/caffeine/CaffeineCache
	at com.jimmy.portal.cache.CaffeineCacheConfig.cacheManagerMeth(CaffeineCacheConfig.java:37)
	at com.jimmy.portal.cache.CaffeineCacheConfig$$SpringCGLIB$$0.CGLIB$cacheManagerMeth$0(<generated>)
	at com.jimmy.portal.cache.CaffeineCacheConfig$$SpringCGLIB$$FastClass$$1.invoke(<generated>)
	at org.springframework.cglib.proxy.MethodProxy.invokeSuper(MethodProxy.java:258)
	at org.springframework.context.annotation.ConfigurationClassEnhancer$BeanMethodInterceptor.intercept(ConfigurationClassEnhancer.java:398)
	at com.jimmy.portal.cache.CaffeineCacheConfig$$SpringCGLIB$$0.cacheManagerMeth(<generated>)
	at java.base/jdk.internal.reflect.DirectMethodHandleAccessor.invoke(DirectMethodHandleAccessor.java:104)
	at java.base/java.lang.reflect.Method.invoke(Method.java:565)
	at org.springframework.aop.support.AopUtils.invokeJoinpointUsingReflection(AopUtils.java:359)
	at org.springframework.aop.framework.ReflectiveMethodInvocation.invokeJoinpoint(ReflectiveMethodInvocation.java:190)
	at org.springframework.aop.framework.ReflectiveMethodInvocation.proceed(ReflectiveMethodInvocation.java:158)
	at org.springframework.aop.aspectj.AspectJAfterThrowingAdvice.invoke(AspectJAfterThrowingAdvice.java:63)
	at org.springframework.aop.framework.ReflectiveMethodInvocation.proceed(ReflectiveMethodInvocation.java:179)
	at org.springframework.aop.interceptor.ExposeInvocationInterceptor.invoke(ExposeInvocationInterceptor.java:96)
	at org.springframework.aop.framework.ReflectiveMethodInvocation.proceed(ReflectiveMethodInvocation.java:179)
	at org.springframework.aop.framework.CglibAopProxy$DynamicAdvisedInterceptor.intercept(CglibAopProxy.java:719)
	at com.jimmy.portal.cache.CaffeineCacheConfig$$SpringCGLIB$$1.cacheManagerMeth(<generated>)
	at java.base/jdk.internal.reflect.DirectMethodHandleAccessor.invoke(DirectMethodHandleAccessor.java:104)
	at java.base/java.lang.reflect.Method.invoke(Method.java:565)
	at org.springframework.beans.factory.support.SimpleInstantiationStrategy.lambda$instantiate$0(SimpleInstantiationStrategy.java:155)
	... 27 common frames omitted
Caused by: java.lang.ClassNotFoundException: org.springframework.cache.caffeine.CaffeineCache
	at java.base/jdk.internal.loader.BuiltinClassLoader.loadClass(BuiltinClassLoader.java:580)
	at java.base/java.lang.ClassLoader.loadClass(ClassLoader.java:502)
	at java.base/java.lang.Class.forName0(Native Method)
	at java.base/java.lang.Class.forName(Class.java:560)
	at org.springframework.boot.devtools.restart.classloader.RestartClassLoader.loadClass(RestartClassLoader.java:123)
	at java.base/java.lang.ClassLoader.loadClass(ClassLoader.java:502)
	... 47 common frames omitted
{"timestamp":"2026-09-16 14:05:05.172","level":"INFO","thread":"restartedMain","logger":"com.jimmy.portal.PortalApplication","message":"Starting PortalApplication using Java 26.0.2.1 with PID 17736 (D:\job-portal-server\target\classes started by JIMMY in D:\job-portal-server)"}
{"timestamp":"2026-09-16 14:05:05.184","level":"INFO","thread":"restartedMain","logger":"com.jimmy.portal.PortalApplication","message":"No active profile set, falling back to 1 default profile: "default""}
{"timestamp":"2026-09-16 14:05:05.429","level":"INFO","thread":"restartedMain","logger":"o.s.b.d.c.l.DockerComposeLifecycleManager","message":"Using Docker Compose file D:\job-portal-server\compose.yml"}
{"timestamp":"2026-09-16 14:05:06.529","level":"INFO","thread":"background-preinit","logger":"o.h.validator.internal.util.Version","message":"HV000001: Hibernate Validator 9.1.0.Final"}
{"timestamp":"2026-09-16 14:05:10.719","level":"INFO","thread":"restartedMain","logger":"o.s.b.d.c.l.DockerComposeLifecycleManager","message":"There are already Docker Compose services running, skipping startup"}
{"timestamp":"2026-09-16 14:05:10.746","level":"INFO","thread":"restartedMain","logger":"o.s.b.d.e.DevToolsPropertyDefaultsPostProcessor","message":"Devtools property defaults active! Set 'spring.devtools.add-properties' to 'false' to disable"}
{"timestamp":"2026-09-16 14:05:10.746","level":"INFO","thread":"restartedMain","logger":"o.s.b.d.e.DevToolsPropertyDefaultsPostProcessor","message":"For additional web related logging consider setting the 'logging.level.web' property to 'DEBUG'"}
{"timestamp":"2026-09-16 14:05:14.070","level":"INFO","thread":"restartedMain","logger":"o.s.d.r.c.RepositoryConfigurationDelegate","message":"Bootstrapping Spring Data JPA repositories in DEFAULT mode."}
{"timestamp":"2026-09-16 14:05:14.371","level":"INFO","thread":"restartedMain","logger":"o.s.d.r.c.RepositoryConfigurationDelegate","message":"Finished Spring Data repository scanning in 246 ms. Found 4 JPA repository interfaces."}
{"timestamp":"2026-09-16 14:05:18.480","level":"INFO","thread":"restartedMain","logger":"o.s.boot.tomcat.TomcatWebServer","message":"Tomcat initialized with port 8000 (http)"}
{"timestamp":"2026-09-16 14:05:18.567","level":"INFO","thread":"restartedMain","logger":"o.a.coyote.http11.Http11NioProtocol","message":"Initializing ProtocolHandler ["http-nio-8000"]"}
{"timestamp":"2026-09-16 14:05:18.582","level":"INFO","thread":"restartedMain","logger":"o.a.catalina.core.StandardService","message":"Starting service [Tomcat]"}
{"timestamp":"2026-09-16 14:05:18.583","level":"INFO","thread":"restartedMain","logger":"o.a.catalina.core.StandardEngine","message":"Starting Servlet engine: [Apache Tomcat/11.0.22]"}
{"timestamp":"2026-09-16 14:05:18.898","level":"INFO","thread":"restartedMain","logger":"o.s.b.w.c.s.WebApplicationContextInitializer","message":"Root WebApplicationContext: initialization completed in 8151 ms"}
{"timestamp":"2026-09-16 14:05:20.062","level":"INFO","thread":"restartedMain","logger":"com.zaxxer.hikari.HikariDataSource","message":"HikariPool-1 - Starting..."}
{"timestamp":"2026-09-16 14:05:22.660","level":"INFO","thread":"restartedMain","logger":"com.zaxxer.hikari.pool.HikariPool","message":"HikariPool-1 - Added connection com.mysql.cj.jdbc.ConnectionImpl@6e8128e6"}
{"timestamp":"2026-09-16 14:05:22.668","level":"INFO","thread":"restartedMain","logger":"com.zaxxer.hikari.HikariDataSource","message":"HikariPool-1 - Start completed."}
{"timestamp":"2026-09-16 14:05:22.799","level":"INFO","thread":"restartedMain","logger":"org.hibernate.orm.jpa","message":"HHH008540: Processing PersistenceUnitInfo [name: default]"}
{"timestamp":"2026-09-16 14:05:23.160","level":"INFO","thread":"restartedMain","logger":"org.hibernate.orm.core","message":"HHH000001: Hibernate ORM core version 7.4.1.Final"}
{"timestamp":"2026-09-16 14:05:25.343","level":"INFO","thread":"restartedMain","logger":"o.s.o.j.p.SpringPersistenceUnitInfo","message":"No LoadTimeWeaver setup: ignoring JPA class transformer"}
{"timestamp":"2026-09-16 14:05:25.914","level":"INFO","thread":"restartedMain","logger":"o.hibernate.orm.connections.pooling","message":"HHH10001005: Database info:
	Database JDBC URL [jdbc:mysql://127.0.0.1:3308/jobportal]
	Database driver: MySQL Connector/J
	Database dialect: MySQLDialect
	Database version: 9.1
	Default catalog/schema: jobportal/undefined
	Autocommit mode: undefined/unknown
	Isolation level: REPEATABLE_READ [default REPEATABLE_READ]
	JDBC fetch size: none
	Pool: DataSourceConnectionProvider
	Minimum pool size: undefined/unknown
	Maximum pool size: undefined/unknown"}
{"timestamp":"2026-09-16 14:05:30.828","level":"INFO","thread":"restartedMain","logger":"org.hibernate.orm.core","message":"HHH000489: No JTA platform available (set 'hibernate.transaction.jta.platform' to enable JTA platform integration)"}
{"timestamp":"2026-09-16 14:05:30.859","level":"INFO","thread":"restartedMain","logger":"o.s.o.j.LocalContainerEntityManagerFactoryBean","message":"Initialized JPA EntityManagerFactory for persistence unit 'default'"}
{"timestamp":"2026-09-16 14:05:31.958","level":"INFO","thread":"restartedMain","logger":"o.s.d.j.r.q.QueryEnhancerFactories","message":"Hibernate is in classpath; If applicable, HQL parser will be used."}
{"timestamp":"2026-09-16 14:05:36.987","level":"WARN","thread":"restartedMain","logger":"o.s.b.j.a.JpaBaseConfiguration$JpaWebConfiguration","message":"spring.jpa.open-in-view is enabled by default. Therefore, database queries may be performed during view rendering. Explicitly configure spring.jpa.open-in-view to disable this warning"}
{"timestamp":"2026-09-16 14:05:37.702","level":"INFO","thread":"restartedMain","logger":"o.s.s.c.a.a.c.InitializeAuthenticationProviderBeanManagerConfigurer$InitializeAuthenticationProviderManagerConfigurer","message":"Global AuthenticationManager configured with AuthenticationProvider bean with name jobPortalUsernamePwdAuthenticationProvider"}
{"timestamp":"2026-09-16 14:05:40.522","level":"INFO","thread":"restartedMain","logger":"o.a.coyote.http11.Http11NioProtocol","message":"Starting ProtocolHandler ["http-nio-8000"]"}
{"timestamp":"2026-09-16 14:05:40.563","level":"INFO","thread":"restartedMain","logger":"o.s.boot.tomcat.TomcatWebServer","message":"Tomcat started on port 8000 (http) with context path '/'"}
{"timestamp":"2026-09-16 14:05:40.584","level":"INFO","thread":"restartedMain","logger":"com.jimmy.portal.PortalApplication","message":"Started PortalApplication in 37.002 seconds (process running for 40.925)"}
{"timestamp":"2026-09-16 14:05:40.595","level":"WARN","thread":"restartedMain","logger":"o.s.c.events.SpringDocAppInitializer","message":"SpringDoc /v3/api-docs endpoint is enabled by default. To disable it in production, set the property 'springdoc.api-docs.enabled=false'"}
{"timestamp":"2026-09-16 14:05:40.595","level":"WARN","thread":"restartedMain","logger":"o.s.c.events.SpringDocAppInitializer","message":"SpringDoc /swagger-ui.html endpoint is enabled by default. To disable it in production, set the property 'springdoc.swagger-ui.enabled=false'"}
{"timestamp":"2026-09-16 14:07:36.859","level":"INFO","thread":"http-nio-8000-exec-2","logger":"o.a.c.c.C.[Tomcat].[localhost].[/]","message":"Initializing Spring DispatcherServlet 'dispatcherServlet'"}
{"timestamp":"2026-09-16 14:07:36.891","level":"INFO","thread":"http-nio-8000-exec-2","logger":"o.s.web.servlet.DispatcherServlet","message":"Initializing Servlet 'dispatcherServlet'"}
{"timestamp":"2026-09-16 14:07:37.259","level":"INFO","thread":"http-nio-8000-exec-2","logger":"o.s.web.servlet.DispatcherServlet","message":"Completed initialization in 360 ms"}
{"timestamp":"2026-09-16 14:07:38.021","level":"INFO","thread":"http-nio-8000-exec-2","logger":"c.j.p.logging.RequestLoggingFilter","message":"HTTP_REQUEST_STARTED method=GET uri=/api/companies/public"}
{"timestamp":"2026-09-16 14:07:38.021","level":"INFO","thread":"http-nio-8000-exec-1","logger":"c.j.p.logging.RequestLoggingFilter","message":"HTTP_REQUEST_STARTED method=GET uri=/api/companies/public"}
{"timestamp":"2026-09-16 14:07:45.250","level":"INFO","thread":"http-nio-8000-exec-2","logger":"c.j.p.logging.RequestLoggingFilter","message":"HTTP_REQUEST_COMPLETED method=GET uri=/api/companies/public status=200 durationMs=7240"}
{"timestamp":"2026-09-16 14:07:45.250","level":"INFO","thread":"http-nio-8000-exec-1","logger":"c.j.p.logging.RequestLoggingFilter","message":"HTTP_REQUEST_COMPLETED method=GET uri=/api/companies/public status=200 durationMs=7240"}
{"timestamp":"2026-09-16 14:15:09.505","level":"INFO","thread":"File Watcher","logger":"o.s.b.d.a.LocalDevToolsAutoConfiguration$RestartingClassPathChangeChangedEventListener","message":"Restarting due to 2 class path changes (0 additions, 2 deletions, 0 modifications)"}
{"timestamp":"2026-09-16 14:15:10.289","level":"INFO","thread":"Thread-1","logger":"o.s.boot.tomcat.GracefulShutdown","message":"Commencing graceful shutdown. Waiting for active requests to complete"}
{"timestamp":"2026-09-16 14:15:10.371","level":"INFO","thread":"tomcat-shutdown","logger":"o.a.coyote.http11.Http11NioProtocol","message":"Pausing ProtocolHandler ["http-nio-8000"]"}
{"timestamp":"2026-09-16 14:15:10.461","level":"INFO","thread":"tomcat-shutdown","logger":"o.s.boot.tomcat.GracefulShutdown","message":"Graceful shutdown complete"}
{"timestamp":"2026-09-16 14:15:10.475","level":"INFO","thread":"Thread-1","logger":"o.a.coyote.http11.Http11NioProtocol","message":"Stopping ProtocolHandler ["http-nio-8000"]"}
{"timestamp":"2026-09-16 14:15:10.685","level":"INFO","thread":"Thread-1","logger":"o.s.o.j.LocalContainerEntityManagerFactoryBean","message":"Closing JPA EntityManagerFactory for persistence unit 'default'"}
{"timestamp":"2026-09-16 14:15:11.072","level":"INFO","thread":"Thread-1","logger":"com.zaxxer.hikari.HikariDataSource","message":"HikariPool-1 - Shutdown initiated..."}
{"timestamp":"2026-09-16 14:15:11.300","level":"INFO","thread":"Thread-1","logger":"com.zaxxer.hikari.HikariDataSource","message":"HikariPool-1 - Shutdown completed."}
{"timestamp":"2026-09-16 14:15:14.511","level":"INFO","thread":"restartedMain","logger":"com.jimmy.portal.PortalApplication","message":"Starting PortalApplication using Java 26.0.2.1 with PID 17736 (D:\job-portal-server\target\classes started by JIMMY in D:\job-portal-server)"}
{"timestamp":"2026-09-16 14:15:14.517","level":"INFO","thread":"restartedMain","logger":"com.jimmy.portal.PortalApplication","message":"No active profile set, falling back to 1 default profile: "default""}
{"timestamp":"2026-09-16 14:15:14.538","level":"INFO","thread":"restartedMain","logger":"o.s.b.d.c.l.DockerComposeLifecycleManager","message":"Using Docker Compose file D:\job-portal-server\compose.yml"}
{"timestamp":"2026-09-16 14:15:16.829","level":"INFO","thread":"restartedMain","logger":"o.s.b.d.c.l.DockerComposeLifecycleManager","message":"There are already Docker Compose services running, skipping startup"}
{"timestamp":"2026-09-16 14:15:17.956","level":"INFO","thread":"restartedMain","logger":"o.s.d.r.c.RepositoryConfigurationDelegate","message":"Bootstrapping Spring Data JPA repositories in DEFAULT mode."}
{"timestamp":"2026-09-16 14:15:18.016","level":"INFO","thread":"restartedMain","logger":"o.s.d.r.c.RepositoryConfigurationDelegate","message":"Finished Spring Data repository scanning in 55 ms. Found 3 JPA repository interfaces."}
{"timestamp":"2026-09-16 14:15:18.815","level":"INFO","thread":"restartedMain","logger":"o.s.boot.tomcat.TomcatWebServer","message":"Tomcat initialized with port 8000 (http)"}
{"timestamp":"2026-09-16 14:15:18.819","level":"INFO","thread":"restartedMain","logger":"o.a.coyote.http11.Http11NioProtocol","message":"Initializing ProtocolHandler ["http-nio-8000"]"}
{"timestamp":"2026-09-16 14:15:18.822","level":"INFO","thread":"restartedMain","logger":"o.a.catalina.core.StandardService","message":"Starting service [Tomcat]"}
{"timestamp":"2026-09-16 14:15:18.823","level":"INFO","thread":"restartedMain","logger":"o.a.catalina.core.StandardEngine","message":"Starting Servlet engine: [Apache Tomcat/11.0.22]"}
{"timestamp":"2026-09-16 14:15:18.944","level":"INFO","thread":"restartedMain","logger":"o.s.b.w.c.s.WebApplicationContextInitializer","message":"Root WebApplicationContext: initialization completed in 2113 ms"}
{"timestamp":"2026-09-16 14:15:19.703","level":"INFO","thread":"restartedMain","logger":"com.zaxxer.hikari.HikariDataSource","message":"HikariPool-2 - Starting..."}
{"timestamp":"2026-09-16 14:15:20.140","level":"INFO","thread":"restartedMain","logger":"com.zaxxer.hikari.pool.HikariPool","message":"HikariPool-2 - Added connection com.mysql.cj.jdbc.ConnectionImpl@1f90de17"}
{"timestamp":"2026-09-16 14:15:20.142","level":"INFO","thread":"restartedMain","logger":"com.zaxxer.hikari.HikariDataSource","message":"HikariPool-2 - Start completed."}
{"timestamp":"2026-09-16 14:15:20.149","level":"INFO","thread":"restartedMain","logger":"org.hibernate.orm.jpa","message":"HHH008540: Processing PersistenceUnitInfo [name: default]"}
{"timestamp":"2026-09-16 14:15:20.438","level":"INFO","thread":"restartedMain","logger":"o.s.o.j.p.SpringPersistenceUnitInfo","message":"No LoadTimeWeaver setup: ignoring JPA class transformer"}
{"timestamp":"2026-09-16 14:15:20.487","level":"INFO","thread":"restartedMain","logger":"o.hibernate.orm.connections.pooling","message":"HHH10001005: Database info:
	Database JDBC URL [jdbc:mysql://127.0.0.1:3308/jobportal]
	Database driver: MySQL Connector/J
	Database dialect: MySQLDialect
	Database version: 9.1
	Default catalog/schema: jobportal/undefined
	Autocommit mode: undefined/unknown
	Isolation level: REPEATABLE_READ [default REPEATABLE_READ]
	JDBC fetch size: none
	Pool: DataSourceConnectionProvider
	Minimum pool size: undefined/unknown
	Maximum pool size: undefined/unknown"}
{"timestamp":"2026-09-16 14:15:21.652","level":"INFO","thread":"restartedMain","logger":"org.hibernate.orm.core","message":"HHH000489: No JTA platform available (set 'hibernate.transaction.jta.platform' to enable JTA platform integration)"}
{"timestamp":"2026-09-16 14:15:21.657","level":"INFO","thread":"restartedMain","logger":"o.s.o.j.LocalContainerEntityManagerFactoryBean","message":"Initialized JPA EntityManagerFactory for persistence unit 'default'"}
{"timestamp":"2026-09-16 14:15:22.310","level":"WARN","thread":"restartedMain","logger":"o.s.b.w.s.s.c.AnnotationConfigServletWebServerApplicationContext","message":"Exception encountered during context initialization - cancelling refresh attempt: org.springframework.beans.factory.UnsatisfiedDependencyException: Error creating bean with name 'companyController' defined in file [D:\job-portal-server\target\classes\com\jimmy\portal\company\controller\CompanyController.class]: Unsatisfied dependency expressed through constructor parameter 0: No qualifying bean of type 'com.jimmy.portal.company.service.ICompanyService' available: expected at least 1 bean which qualifies as autowire candidate. Dependency annotations: {}"}
{"timestamp":"2026-09-16 14:15:22.311","level":"INFO","thread":"restartedMain","logger":"o.s.o.j.LocalContainerEntityManagerFactoryBean","message":"Closing JPA EntityManagerFactory for persistence unit 'default'"}
{"timestamp":"2026-09-16 14:15:22.313","level":"INFO","thread":"restartedMain","logger":"com.zaxxer.hikari.HikariDataSource","message":"HikariPool-2 - Shutdown initiated..."}
{"timestamp":"2026-09-16 14:15:22.344","level":"INFO","thread":"restartedMain","logger":"com.zaxxer.hikari.HikariDataSource","message":"HikariPool-2 - Shutdown completed."}
{"timestamp":"2026-09-16 14:15:22.347","level":"INFO","thread":"restartedMain","logger":"o.a.catalina.core.StandardService","message":"Stopping service [Tomcat]"}
{"timestamp":"2026-09-16 14:15:22.379","level":"INFO","thread":"restartedMain","logger":"o.s.b.a.l.ConditionEvaluationReportLogger","message":"

Error starting ApplicationContext. To display the condition evaluation report re-run your application with 'debug' enabled."}
{"timestamp":"2026-09-16 14:15:22.452","level":"ERROR","thread":"restartedMain","logger":"o.s.b.d.LoggingFailureAnalysisReporter","message":"

***************************
APPLICATION FAILED TO START
***************************

Description:

Parameter 0 of constructor in com.jimmy.portal.company.controller.CompanyController required a bean of type 'com.jimmy.portal.company.service.ICompanyService' that could not be found.


Action:

Consider defining a bean of type 'com.jimmy.portal.company.service.ICompanyService' in your configuration.
"}
{"timestamp":"2026-09-16 14:15:27.501","level":"INFO","thread":"restartedMain","logger":"com.jimmy.portal.PortalApplication","message":"Starting PortalApplication using Java 26.0.2.1 with PID 17736 (D:\job-portal-server\target\classes started by JIMMY in D:\job-portal-server)"}
{"timestamp":"2026-09-16 14:15:27.503","level":"INFO","thread":"restartedMain","logger":"com.jimmy.portal.PortalApplication","message":"No active profile set, falling back to 1 default profile: "default""}
{"timestamp":"2026-09-16 14:15:27.514","level":"INFO","thread":"restartedMain","logger":"o.s.b.d.c.l.DockerComposeLifecycleManager","message":"Using Docker Compose file D:\job-portal-server\compose.yml"}
{"timestamp":"2026-09-16 14:15:32.563","level":"INFO","thread":"restartedMain","logger":"o.s.b.d.c.l.DockerComposeLifecycleManager","message":"There are already Docker Compose services running, skipping startup"}
{"timestamp":"2026-09-16 14:15:35.101","level":"INFO","thread":"restartedMain","logger":"o.s.d.r.c.RepositoryConfigurationDelegate","message":"Bootstrapping Spring Data JPA repositories in DEFAULT mode."}
{"timestamp":"2026-09-16 14:15:35.266","level":"INFO","thread":"restartedMain","logger":"o.s.d.r.c.RepositoryConfigurationDelegate","message":"Finished Spring Data repository scanning in 161 ms. Found 4 JPA repository interfaces."}
{"timestamp":"2026-09-16 14:15:36.019","level":"INFO","thread":"restartedMain","logger":"o.s.boot.tomcat.TomcatWebServer","message":"Tomcat initialized with port 8000 (http)"}
{"timestamp":"2026-09-16 14:15:36.022","level":"INFO","thread":"restartedMain","logger":"o.a.coyote.http11.Http11NioProtocol","message":"Initializing ProtocolHandler ["http-nio-8000"]"}
{"timestamp":"2026-09-16 14:15:36.023","level":"INFO","thread":"restartedMain","logger":"o.a.catalina.core.StandardService","message":"Starting service [Tomcat]"}
{"timestamp":"2026-09-16 14:15:36.024","level":"INFO","thread":"restartedMain","logger":"o.a.catalina.core.StandardEngine","message":"Starting Servlet engine: [Apache Tomcat/11.0.22]"}
{"timestamp":"2026-09-16 14:15:36.116","level":"INFO","thread":"restartedMain","logger":"o.s.b.w.c.s.WebApplicationContextInitializer","message":"Root WebApplicationContext: initialization completed in 3552 ms"}
{"timestamp":"2026-09-16 14:15:36.762","level":"INFO","thread":"restartedMain","logger":"com.zaxxer.hikari.HikariDataSource","message":"HikariPool-3 - Starting..."}
{"timestamp":"2026-09-16 14:15:36.838","level":"INFO","thread":"restartedMain","logger":"com.zaxxer.hikari.pool.HikariPool","message":"HikariPool-3 - Added connection com.mysql.cj.jdbc.ConnectionImpl@b4ae8b4"}
{"timestamp":"2026-09-16 14:15:36.838","level":"INFO","thread":"restartedMain","logger":"com.zaxxer.hikari.HikariDataSource","message":"HikariPool-3 - Start completed."}
{"timestamp":"2026-09-16 14:15:36.843","level":"INFO","thread":"restartedMain","logger":"org.hibernate.orm.jpa","message":"HHH008540: Processing PersistenceUnitInfo [name: default]"}
{"timestamp":"2026-09-16 14:15:36.922","level":"INFO","thread":"restartedMain","logger":"o.s.o.j.p.SpringPersistenceUnitInfo","message":"No LoadTimeWeaver setup: ignoring JPA class transformer"}
{"timestamp":"2026-09-16 14:15:36.937","level":"INFO","thread":"restartedMain","logger":"o.hibernate.orm.connections.pooling","message":"HHH10001005: Database info:
	Database JDBC URL [jdbc:mysql://127.0.0.1:3308/jobportal]
	Database driver: MySQL Connector/J
	Database dialect: MySQLDialect
	Database version: 9.1
	Default catalog/schema: jobportal/undefined
	Autocommit mode: undefined/unknown
	Isolation level: REPEATABLE_READ [default REPEATABLE_READ]
	JDBC fetch size: none
	Pool: DataSourceConnectionProvider
	Minimum pool size: undefined/unknown
	Maximum pool size: undefined/unknown"}
{"timestamp":"2026-09-16 14:15:42.095","level":"INFO","thread":"restartedMain","logger":"org.hibernate.orm.core","message":"HHH000489: No JTA platform available (set 'hibernate.transaction.jta.platform' to enable JTA platform integration)"}
{"timestamp":"2026-09-16 14:15:42.100","level":"INFO","thread":"restartedMain","logger":"o.s.o.j.LocalContainerEntityManagerFactoryBean","message":"Initialized JPA EntityManagerFactory for persistence unit 'default'"}
{"timestamp":"2026-09-16 14:15:44.205","level":"WARN","thread":"restartedMain","logger":"o.s.b.j.a.JpaBaseConfiguration$JpaWebConfiguration","message":"spring.jpa.open-in-view is enabled by default. Therefore, database queries may be performed during view rendering. Explicitly configure spring.jpa.open-in-view to disable this warning"}
{"timestamp":"2026-09-16 14:15:44.605","level":"INFO","thread":"restartedMain","logger":"o.s.s.c.a.a.c.InitializeAuthenticationProviderBeanManagerConfigurer$InitializeAuthenticationProviderManagerConfigurer","message":"Global AuthenticationManager configured with AuthenticationProvider bean with name jobPortalUsernamePwdAuthenticationProvider"}
{"timestamp":"2026-09-16 14:15:46.503","level":"INFO","thread":"restartedMain","logger":"o.a.coyote.http11.Http11NioProtocol","message":"Starting ProtocolHandler ["http-nio-8000"]"}
{"timestamp":"2026-09-16 14:15:46.518","level":"INFO","thread":"restartedMain","logger":"o.s.boot.tomcat.TomcatWebServer","message":"Tomcat started on port 8000 (http) with context path '/'"}
{"timestamp":"2026-09-16 14:15:46.528","level":"INFO","thread":"restartedMain","logger":"com.jimmy.portal.PortalApplication","message":"Started PortalApplication in 19.438 seconds (process running for 646.869)"}
{"timestamp":"2026-09-16 14:15:46.531","level":"WARN","thread":"restartedMain","logger":"o.s.c.events.SpringDocAppInitializer","message":"SpringDoc /v3/api-docs endpoint is enabled by default. To disable it in production, set the property 'springdoc.api-docs.enabled=false'"}
{"timestamp":"2026-09-16 14:15:46.531","level":"WARN","thread":"restartedMain","logger":"o.s.c.events.SpringDocAppInitializer","message":"SpringDoc /swagger-ui.html endpoint is enabled by default. To disable it in production, set the property 'springdoc.swagger-ui.enabled=false'"}
{"timestamp":"2026-09-16 14:15:46.538","level":"INFO","thread":"restartedMain","logger":"o.s.b.d.a.ConditionEvaluationDeltaLoggingListener","message":"Condition evaluation unchanged"}
{"timestamp":"2026-09-16 14:19:54.259","level":"INFO","thread":"http-nio-8000-exec-1","logger":"o.a.c.c.C.[Tomcat-1].[localhost].[/]","message":"Initializing Spring DispatcherServlet 'dispatcherServlet'"}
{"timestamp":"2026-09-16 14:19:54.282","level":"INFO","thread":"http-nio-8000-exec-1","logger":"o.s.web.servlet.DispatcherServlet","message":"Initializing Servlet 'dispatcherServlet'"}
{"timestamp":"2026-09-16 14:19:54.545","level":"INFO","thread":"http-nio-8000-exec-1","logger":"o.s.web.servlet.DispatcherServlet","message":"Completed initialization in 247 ms"}
{"timestamp":"2026-09-16 14:19:54.921","level":"INFO","thread":"http-nio-8000-exec-1","logger":"c.j.p.logging.RequestLoggingFilter","message":"HTTP_REQUEST_STARTED method=POST uri=/api/auth/login/public"}
{"timestamp":"2026-09-16 14:19:59.152","level":"INFO","thread":"http-nio-8000-exec-1","logger":"c.j.p.a.LoginSuccessAuditAspect","message":"✅ LOGIN SUCCESS | User: admin@gmail.com | Role: ROLE_ADMIN"}
{"timestamp":"2026-09-16 14:19:59.325","level":"INFO","thread":"http-nio-8000-exec-1","logger":"c.j.p.logging.RequestLoggingFilter","message":"HTTP_REQUEST_BODY payload={"username":"admin@gmail.com","password":"*****"}"}
{"timestamp":"2026-09-16 14:19:59.325","level":"INFO","thread":"http-nio-8000-exec-1","logger":"c.j.p.logging.RequestLoggingFilter","message":"HTTP_REQUEST_COMPLETED method=POST uri=/api/auth/login/public status=200 durationMs=4410"}
{"timestamp":"2026-09-16 14:20:46.764","level":"ERROR","thread":"http-nio-8000-exec-3","logger":"o.a.c.c.C.[.[.[.[dispatcherServlet]","message":"Servlet.service() for servlet [dispatcherServlet] in context with path [] threw exception"}
org.springframework.security.authentication.BadCredentialsException: Invalid Token received!
	at com.jimmy.portal.security.filter.JwtTokenValidatorFilter.doFilterInternal(JwtTokenValidatorFilter.java:95)
	at org.springframework.web.filter.OncePerRequestFilter.doFilter(OncePerRequestFilter.java:116)
	at org.springframework.security.web.FilterChainProxy$VirtualFilterChain.doFilter(FilterChainProxy.java:385)
	at org.springframework.security.web.authentication.logout.LogoutFilter.doFilter(LogoutFilter.java:110)
	at org.springframework.security.web.authentication.logout.LogoutFilter.doFilter(LogoutFilter.java:96)
	at org.springframework.security.web.FilterChainProxy$VirtualFilterChain.doFilter(FilterChainProxy.java:385)
	at org.springframework.web.filter.CorsFilter.doFilterInternal(CorsFilter.java:91)
	at org.springframework.web.filter.OncePerRequestFilter.doFilter(OncePerRequestFilter.java:116)
	at org.springframework.security.web.FilterChainProxy$VirtualFilterChain.doFilter(FilterChainProxy.java:385)
	at org.springframework.security.web.header.HeaderWriterFilter.doHeadersAfter(HeaderWriterFilter.java:90)
	at org.springframework.security.web.header.HeaderWriterFilter.doFilterInternal(HeaderWriterFilter.java:75)
	at org.springframework.web.filter.OncePerRequestFilter.doFilter(OncePerRequestFilter.java:116)
	at org.springframework.security.web.FilterChainProxy$VirtualFilterChain.doFilter(FilterChainProxy.java:385)
	at org.springframework.security.web.context.SecurityContextHolderFilter.doFilter(SecurityContextHolderFilter.java:82)
	at org.springframework.security.web.context.SecurityContextHolderFilter.doFilter(SecurityContextHolderFilter.java:69)
	at org.springframework.security.web.FilterChainProxy$VirtualFilterChain.doFilter(FilterChainProxy.java:385)
	at org.springframework.security.web.context.request.async.WebAsyncManagerIntegrationFilter.doFilterInternal(WebAsyncManagerIntegrationFilter.java:62)
	at org.springframework.web.filter.OncePerRequestFilter.doFilter(OncePerRequestFilter.java:116)
	at org.springframework.security.web.FilterChainProxy$VirtualFilterChain.doFilter(FilterChainProxy.java:385)
	at org.springframework.security.web.session.DisableEncodeUrlFilter.doFilterInternal(DisableEncodeUrlFilter.java:42)
	at org.springframework.web.filter.OncePerRequestFilter.doFilter(OncePerRequestFilter.java:116)
	at org.springframework.security.web.FilterChainProxy$VirtualFilterChain.doFilter(FilterChainProxy.java:385)
	at org.springframework.security.web.FilterChainProxy.doFilterInternal(FilterChainProxy.java:237)
	at org.springframework.security.web.FilterChainProxy.doFilter(FilterChainProxy.java:195)
	at org.springframework.web.filter.CompositeFilter$VirtualFilterChain.doFilter(CompositeFilter.java:113)
	at org.springframework.web.filter.ServletRequestPathFilter.doFilter(ServletRequestPathFilter.java:52)
	at org.springframework.web.filter.CompositeFilter$VirtualFilterChain.doFilter(CompositeFilter.java:113)
	at org.springframework.web.filter.CompositeFilter.doFilter(CompositeFilter.java:74)
	at org.springframework.security.config.annotation.web.configuration.WebSecurityConfiguration$CompositeFilterChainProxy.doFilter(WebSecurityConfiguration.java:317)
	at org.springframework.web.filter.DelegatingFilterProxy.invokeDelegate(DelegatingFilterProxy.java:355)
	at org.springframework.web.filter.DelegatingFilterProxy.doFilter(DelegatingFilterProxy.java:272)
	at org.apache.catalina.core.ApplicationFilterChain.doFilter(ApplicationFilterChain.java:107)
	at org.springframework.web.filter.RequestContextFilter.doFilterInternal(RequestContextFilter.java:100)
	at org.springframework.web.filter.OncePerRequestFilter.doFilter(OncePerRequestFilter.java:116)
	at org.apache.catalina.core.ApplicationFilterChain.doFilter(ApplicationFilterChain.java:107)
	at org.springframework.web.filter.FormContentFilter.doFilterInternal(FormContentFilter.java:93)
	at org.springframework.web.filter.OncePerRequestFilter.doFilter(OncePerRequestFilter.java:116)
	at org.apache.catalina.core.ApplicationFilterChain.doFilter(ApplicationFilterChain.java:107)
	at org.springframework.web.filter.CharacterEncodingFilter.doFilterInternal(CharacterEncodingFilter.java:199)
	at org.springframework.web.filter.OncePerRequestFilter.doFilter(OncePerRequestFilter.java:116)
	at org.apache.catalina.core.ApplicationFilterChain.doFilter(ApplicationFilterChain.java:107)
	at org.apache.catalina.core.StandardWrapperValve.invoke(StandardWrapperValve.java:165)
	at org.apache.catalina.core.StandardContextValve.invoke(StandardContextValve.java:77)
	at org.apache.catalina.authenticator.AuthenticatorBase.invoke(AuthenticatorBase.java:492)
	at org.apache.catalina.core.StandardHostValve.invoke(StandardHostValve.java:113)
	at org.apache.catalina.valves.ErrorReportValve.invoke(ErrorReportValve.java:83)
	at org.apache.catalina.core.StandardEngineValve.invoke(StandardEngineValve.java:72)
	at org.apache.catalina.connector.CoyoteAdapter.service(CoyoteAdapter.java:341)
	at org.apache.coyote.http11.Http11Processor.service(Http11Processor.java:397)
	at org.apache.coyote.AbstractProcessorLight.process(AbstractProcessorLight.java:63)
	at org.apache.coyote.AbstractProtocol$ConnectionHandler.process(AbstractProtocol.java:1272)
	at org.apache.tomcat.util.net.NioEndpoint$SocketProcessor.doRun(NioEndpoint.java:1801)
	at org.apache.tomcat.util.net.SocketProcessorBase.run(SocketProcessorBase.java:52)
	at org.apache.tomcat.util.threads.ThreadPoolExecutor.runWorker(ThreadPoolExecutor.java:946)
	at org.apache.tomcat.util.threads.ThreadPoolExecutor$Worker.run(ThreadPoolExecutor.java:480)
	at org.apache.tomcat.util.threads.TaskThread$WrappingRunnable.run(TaskThread.java:57)
	at java.base/java.lang.Thread.run(Thread.java:1516)
{"timestamp":"2026-09-16 14:21:05.794","level":"ERROR","thread":"http-nio-8000-exec-2","logger":"o.a.c.c.C.[.[.[.[dispatcherServlet]","message":"Servlet.service() for servlet [dispatcherServlet] in context with path [] threw exception"}
org.springframework.security.authentication.BadCredentialsException: Invalid Token received!
	at com.jimmy.portal.security.filter.JwtTokenValidatorFilter.doFilterInternal(JwtTokenValidatorFilter.java:95)
	at org.springframework.web.filter.OncePerRequestFilter.doFilter(OncePerRequestFilter.java:116)
	at org.springframework.security.web.FilterChainProxy$VirtualFilterChain.doFilter(FilterChainProxy.java:385)
	at org.springframework.security.web.authentication.logout.LogoutFilter.doFilter(LogoutFilter.java:110)
	at org.springframework.security.web.authentication.logout.LogoutFilter.doFilter(LogoutFilter.java:96)
	at org.springframework.security.web.FilterChainProxy$VirtualFilterChain.doFilter(FilterChainProxy.java:385)
	at org.springframework.web.filter.CorsFilter.doFilterInternal(CorsFilter.java:91)
	at org.springframework.web.filter.OncePerRequestFilter.doFilter(OncePerRequestFilter.java:116)
	at org.springframework.security.web.FilterChainProxy$VirtualFilterChain.doFilter(FilterChainProxy.java:385)
	at org.springframework.security.web.header.HeaderWriterFilter.doHeadersAfter(HeaderWriterFilter.java:90)
	at org.springframework.security.web.header.HeaderWriterFilter.doFilterInternal(HeaderWriterFilter.java:75)
	at org.springframework.web.filter.OncePerRequestFilter.doFilter(OncePerRequestFilter.java:116)
	at org.springframework.security.web.FilterChainProxy$VirtualFilterChain.doFilter(FilterChainProxy.java:385)
	at org.springframework.security.web.context.SecurityContextHolderFilter.doFilter(SecurityContextHolderFilter.java:82)
	at org.springframework.security.web.context.SecurityContextHolderFilter.doFilter(SecurityContextHolderFilter.java:69)
	at org.springframework.security.web.FilterChainProxy$VirtualFilterChain.doFilter(FilterChainProxy.java:385)
	at org.springframework.security.web.context.request.async.WebAsyncManagerIntegrationFilter.doFilterInternal(WebAsyncManagerIntegrationFilter.java:62)
	at org.springframework.web.filter.OncePerRequestFilter.doFilter(OncePerRequestFilter.java:116)
	at org.springframework.security.web.FilterChainProxy$VirtualFilterChain.doFilter(FilterChainProxy.java:385)
	at org.springframework.security.web.session.DisableEncodeUrlFilter.doFilterInternal(DisableEncodeUrlFilter.java:42)
	at org.springframework.web.filter.OncePerRequestFilter.doFilter(OncePerRequestFilter.java:116)
	at org.springframework.security.web.FilterChainProxy$VirtualFilterChain.doFilter(FilterChainProxy.java:385)
	at org.springframework.security.web.FilterChainProxy.doFilterInternal(FilterChainProxy.java:237)
	at org.springframework.security.web.FilterChainProxy.doFilter(FilterChainProxy.java:195)
	at org.springframework.web.filter.CompositeFilter$VirtualFilterChain.doFilter(CompositeFilter.java:113)
	at org.springframework.web.filter.ServletRequestPathFilter.doFilter(ServletRequestPathFilter.java:52)
	at org.springframework.web.filter.CompositeFilter$VirtualFilterChain.doFilter(CompositeFilter.java:113)
	at org.springframework.web.filter.CompositeFilter.doFilter(CompositeFilter.java:74)
	at org.springframework.security.config.annotation.web.configuration.WebSecurityConfiguration$CompositeFilterChainProxy.doFilter(WebSecurityConfiguration.java:317)
	at org.springframework.web.filter.DelegatingFilterProxy.invokeDelegate(DelegatingFilterProxy.java:355)
	at org.springframework.web.filter.DelegatingFilterProxy.doFilter(DelegatingFilterProxy.java:272)
	at org.apache.catalina.core.ApplicationFilterChain.doFilter(ApplicationFilterChain.java:107)
	at org.springframework.web.filter.RequestContextFilter.doFilterInternal(RequestContextFilter.java:100)
	at org.springframework.web.filter.OncePerRequestFilter.doFilter(OncePerRequestFilter.java:116)
	at org.apache.catalina.core.ApplicationFilterChain.doFilter(ApplicationFilterChain.java:107)
	at org.springframework.web.filter.FormContentFilter.doFilterInternal(FormContentFilter.java:93)
	at org.springframework.web.filter.OncePerRequestFilter.doFilter(OncePerRequestFilter.java:116)
	at org.apache.catalina.core.ApplicationFilterChain.doFilter(ApplicationFilterChain.java:107)
	at org.springframework.web.filter.CharacterEncodingFilter.doFilterInternal(CharacterEncodingFilter.java:199)
	at org.springframework.web.filter.OncePerRequestFilter.doFilter(OncePerRequestFilter.java:116)
	at org.apache.catalina.core.ApplicationFilterChain.doFilter(ApplicationFilterChain.java:107)
	at org.apache.catalina.core.StandardWrapperValve.invoke(StandardWrapperValve.java:165)
	at org.apache.catalina.core.StandardContextValve.invoke(StandardContextValve.java:77)
	at org.apache.catalina.authenticator.AuthenticatorBase.invoke(AuthenticatorBase.java:492)
	at org.apache.catalina.core.StandardHostValve.invoke(StandardHostValve.java:113)
	at org.apache.catalina.valves.ErrorReportValve.invoke(ErrorReportValve.java:83)
	at org.apache.catalina.core.StandardEngineValve.invoke(StandardEngineValve.java:72)
	at org.apache.catalina.connector.CoyoteAdapter.service(CoyoteAdapter.java:341)
	at org.apache.coyote.http11.Http11Processor.service(Http11Processor.java:397)
	at org.apache.coyote.AbstractProcessorLight.process(AbstractProcessorLight.java:63)
	at org.apache.coyote.AbstractProtocol$ConnectionHandler.process(AbstractProtocol.java:1272)
	at org.apache.tomcat.util.net.NioEndpoint$SocketProcessor.doRun(NioEndpoint.java:1801)
	at org.apache.tomcat.util.net.SocketProcessorBase.run(SocketProcessorBase.java:52)
	at org.apache.tomcat.util.threads.ThreadPoolExecutor.runWorker(ThreadPoolExecutor.java:946)
	at org.apache.tomcat.util.threads.ThreadPoolExecutor$Worker.run(ThreadPoolExecutor.java:480)
	at org.apache.tomcat.util.threads.TaskThread$WrappingRunnable.run(TaskThread.java:57)
	at java.base/java.lang.Thread.run(Thread.java:1516)
{"timestamp":"2026-09-16 14:21:18.282","level":"ERROR","thread":"http-nio-8000-exec-4","logger":"o.a.c.c.C.[.[.[.[dispatcherServlet]","message":"Servlet.service() for servlet [dispatcherServlet] in context with path [] threw exception"}
org.springframework.security.authentication.BadCredentialsException: Invalid Token received!
	at com.jimmy.portal.security.filter.JwtTokenValidatorFilter.doFilterInternal(JwtTokenValidatorFilter.java:95)
	at org.springframework.web.filter.OncePerRequestFilter.doFilter(OncePerRequestFilter.java:116)
	at org.springframework.security.web.FilterChainProxy$VirtualFilterChain.doFilter(FilterChainProxy.java:385)
	at org.springframework.security.web.authentication.logout.LogoutFilter.doFilter(LogoutFilter.java:110)
	at org.springframework.security.web.authentication.logout.LogoutFilter.doFilter(LogoutFilter.java:96)
	at org.springframework.security.web.FilterChainProxy$VirtualFilterChain.doFilter(FilterChainProxy.java:385)
	at org.springframework.web.filter.CorsFilter.doFilterInternal(CorsFilter.java:91)
	at org.springframework.web.filter.OncePerRequestFilter.doFilter(OncePerRequestFilter.java:116)
	at org.springframework.security.web.FilterChainProxy$VirtualFilterChain.doFilter(FilterChainProxy.java:385)
	at org.springframework.security.web.header.HeaderWriterFilter.doHeadersAfter(HeaderWriterFilter.java:90)
	at org.springframework.security.web.header.HeaderWriterFilter.doFilterInternal(HeaderWriterFilter.java:75)
	at org.springframework.web.filter.OncePerRequestFilter.doFilter(OncePerRequestFilter.java:116)
	at org.springframework.security.web.FilterChainProxy$VirtualFilterChain.doFilter(FilterChainProxy.java:385)
	at org.springframework.security.web.context.SecurityContextHolderFilter.doFilter(SecurityContextHolderFilter.java:82)
	at org.springframework.security.web.context.SecurityContextHolderFilter.doFilter(SecurityContextHolderFilter.java:69)
	at org.springframework.security.web.FilterChainProxy$VirtualFilterChain.doFilter(FilterChainProxy.java:385)
	at org.springframework.security.web.context.request.async.WebAsyncManagerIntegrationFilter.doFilterInternal(WebAsyncManagerIntegrationFilter.java:62)
	at org.springframework.web.filter.OncePerRequestFilter.doFilter(OncePerRequestFilter.java:116)
	at org.springframework.security.web.FilterChainProxy$VirtualFilterChain.doFilter(FilterChainProxy.java:385)
	at org.springframework.security.web.session.DisableEncodeUrlFilter.doFilterInternal(DisableEncodeUrlFilter.java:42)
	at org.springframework.web.filter.OncePerRequestFilter.doFilter(OncePerRequestFilter.java:116)
	at org.springframework.security.web.FilterChainProxy$VirtualFilterChain.doFilter(FilterChainProxy.java:385)
	at org.springframework.security.web.FilterChainProxy.doFilterInternal(FilterChainProxy.java:237)
	at org.springframework.security.web.FilterChainProxy.doFilter(FilterChainProxy.java:195)
	at org.springframework.web.filter.CompositeFilter$VirtualFilterChain.doFilter(CompositeFilter.java:113)
	at org.springframework.web.filter.ServletRequestPathFilter.doFilter(ServletRequestPathFilter.java:52)
	at org.springframework.web.filter.CompositeFilter$VirtualFilterChain.doFilter(CompositeFilter.java:113)
	at org.springframework.web.filter.CompositeFilter.doFilter(CompositeFilter.java:74)
	at org.springframework.security.config.annotation.web.configuration.WebSecurityConfiguration$CompositeFilterChainProxy.doFilter(WebSecurityConfiguration.java:317)
	at org.springframework.web.filter.DelegatingFilterProxy.invokeDelegate(DelegatingFilterProxy.java:355)
	at org.springframework.web.filter.DelegatingFilterProxy.doFilter(DelegatingFilterProxy.java:272)
	at org.apache.catalina.core.ApplicationFilterChain.doFilter(ApplicationFilterChain.java:107)
	at org.springframework.web.filter.RequestContextFilter.doFilterInternal(RequestContextFilter.java:100)
	at org.springframework.web.filter.OncePerRequestFilter.doFilter(OncePerRequestFilter.java:116)
	at org.apache.catalina.core.ApplicationFilterChain.doFilter(ApplicationFilterChain.java:107)
	at org.springframework.web.filter.FormContentFilter.doFilterInternal(FormContentFilter.java:93)
	at org.springframework.web.filter.OncePerRequestFilter.doFilter(OncePerRequestFilter.java:116)
	at org.apache.catalina.core.ApplicationFilterChain.doFilter(ApplicationFilterChain.java:107)
	at org.springframework.web.filter.CharacterEncodingFilter.doFilterInternal(CharacterEncodingFilter.java:199)
	at org.springframework.web.filter.OncePerRequestFilter.doFilter(OncePerRequestFilter.java:116)
	at org.apache.catalina.core.ApplicationFilterChain.doFilter(ApplicationFilterChain.java:107)
	at org.apache.catalina.core.StandardWrapperValve.invoke(StandardWrapperValve.java:165)
	at org.apache.catalina.core.StandardContextValve.invoke(StandardContextValve.java:77)
	at org.apache.catalina.authenticator.AuthenticatorBase.invoke(AuthenticatorBase.java:492)
	at org.apache.catalina.core.StandardHostValve.invoke(StandardHostValve.java:113)
	at org.apache.catalina.valves.ErrorReportValve.invoke(ErrorReportValve.java:83)
	at org.apache.catalina.core.StandardEngineValve.invoke(StandardEngineValve.java:72)
	at org.apache.catalina.connector.CoyoteAdapter.service(CoyoteAdapter.java:341)
	at org.apache.coyote.http11.Http11Processor.service(Http11Processor.java:397)
	at org.apache.coyote.AbstractProcessorLight.process(AbstractProcessorLight.java:63)
	at org.apache.coyote.AbstractProtocol$ConnectionHandler.process(AbstractProtocol.java:1272)
	at org.apache.tomcat.util.net.NioEndpoint$SocketProcessor.doRun(NioEndpoint.java:1801)
	at org.apache.tomcat.util.net.SocketProcessorBase.run(SocketProcessorBase.java:52)
	at org.apache.tomcat.util.threads.ThreadPoolExecutor.runWorker(ThreadPoolExecutor.java:946)
	at org.apache.tomcat.util.threads.ThreadPoolExecutor$Worker.run(ThreadPoolExecutor.java:480)
	at org.apache.tomcat.util.threads.TaskThread$WrappingRunnable.run(TaskThread.java:57)
	at java.base/java.lang.Thread.run(Thread.java:1516)
{"timestamp":"2026-09-16 14:22:44.648","level":"INFO","thread":"http-nio-8000-exec-6","logger":"c.j.p.logging.RequestLoggingFilter","message":"HTTP_REQUEST_STARTED method=GET uri=/api/companies/admin"}
{"timestamp":"2026-09-16 14:22:46.305","level":"INFO","thread":"http-nio-8000-exec-6","logger":"c.j.p.logging.RequestLoggingFilter","message":"HTTP_REQUEST_COMPLETED method=GET uri=/api/companies/admin status=200 durationMs=1660"}
{"timestamp":"2026-09-16 14:23:07.033","level":"INFO","thread":"http-nio-8000-exec-7","logger":"c.j.p.logging.RequestLoggingFilter","message":"HTTP_REQUEST_STARTED method=GET uri=/api/companies/admin"}
{"timestamp":"2026-09-16 14:23:07.046","level":"INFO","thread":"http-nio-8000-exec-7","logger":"c.j.p.logging.RequestLoggingFilter","message":"HTTP_REQUEST_COMPLETED method=GET uri=/api/companies/admin status=200 durationMs=16"}
{"timestamp":"2026-09-16 14:23:22.999","level":"INFO","thread":"http-nio-8000-exec-8","logger":"c.j.p.logging.RequestLoggingFilter","message":"HTTP_REQUEST_STARTED method=GET uri=/api/companies/admin"}
{"timestamp":"2026-09-16 14:23:23.010","level":"INFO","thread":"http-nio-8000-exec-8","logger":"c.j.p.logging.RequestLoggingFilter","message":"HTTP_REQUEST_COMPLETED method=GET uri=/api/companies/admin status=200 durationMs=7"}
{"timestamp":"2026-09-16 14:23:42.884","level":"INFO","thread":"http-nio-8000-exec-10","logger":"c.j.p.logging.RequestLoggingFilter","message":"HTTP_REQUEST_STARTED method=GET uri=/api/companies/public"}
{"timestamp":"2026-09-16 14:23:42.884","level":"INFO","thread":"http-nio-8000-exec-9","logger":"c.j.p.logging.RequestLoggingFilter","message":"HTTP_REQUEST_STARTED method=GET uri=/api/companies/public"}
{"timestamp":"2026-09-16 14:23:45.341","level":"INFO","thread":"http-nio-8000-exec-9","logger":"c.j.p.logging.RequestLoggingFilter","message":"HTTP_REQUEST_COMPLETED method=GET uri=/api/companies/public status=200 durationMs=2455"}
{"timestamp":"2026-09-16 14:23:45.347","level":"INFO","thread":"http-nio-8000-exec-10","logger":"c.j.p.logging.RequestLoggingFilter","message":"HTTP_REQUEST_COMPLETED method=GET uri=/api/companies/public status=200 durationMs=2461"}
{"timestamp":"2026-09-16 14:23:53.315","level":"INFO","thread":"http-nio-8000-exec-3","logger":"c.j.p.logging.RequestLoggingFilter","message":"HTTP_REQUEST_STARTED method=GET uri=/api/contacts/page/admin"}
{"timestamp":"2026-09-16 14:23:53.334","level":"INFO","thread":"http-nio-8000-exec-2","logger":"c.j.p.logging.RequestLoggingFilter","message":"HTTP_REQUEST_STARTED method=GET uri=/api/companies/public"}
{"timestamp":"2026-09-16 14:23:53.733","level":"WARN","thread":"http-nio-8000-exec-3","logger":"o.s.d.w.c.SpringDataJackson3Configuration$PageModule$WarningLoggingModifier","message":"Serializing PageImpl instances as-is is not supported, meaning that there is no guarantee about the stability of the resulting JSON structure!
	For a stable JSON structure, please use Spring Data's PagedModel (globally via @EnableSpringDataWebSupport(pageSerializationMode = VIA_DTO))
	or Spring HATEOAS and Spring Data's PagedResourcesAssembler as documented in https://docs.spring.io/spring-data/commons/reference/repositories/core-extensions.html#core.web.pageables.
"}
{"timestamp":"2026-09-16 14:23:53.754","level":"INFO","thread":"http-nio-8000-exec-2","logger":"c.j.p.logging.RequestLoggingFilter","message":"HTTP_REQUEST_COMPLETED method=GET uri=/api/companies/public status=200 durationMs=419"}
{"timestamp":"2026-09-16 14:23:53.786","level":"INFO","thread":"http-nio-8000-exec-3","logger":"c.j.p.logging.RequestLoggingFilter","message":"HTTP_REQUEST_COMPLETED method=GET uri=/api/contacts/page/admin status=200 durationMs=471"}
{"timestamp":"2026-09-16 14:23:54.048","level":"INFO","thread":"http-nio-8000-exec-4","logger":"c.j.p.logging.RequestLoggingFilter","message":"HTTP_REQUEST_STARTED method=GET uri=/api/companies/public"}
{"timestamp":"2026-09-16 14:23:54.415","level":"INFO","thread":"http-nio-8000-exec-4","logger":"c.j.p.logging.RequestLoggingFilter","message":"HTTP_REQUEST_COMPLETED method=GET uri=/api/companies/public status=200 durationMs=367"}
{"timestamp":"2026-09-16 14:23:54.466","level":"INFO","thread":"http-nio-8000-exec-6","logger":"c.j.p.logging.RequestLoggingFilter","message":"HTTP_REQUEST_STARTED method=GET uri=/api/contacts/page/admin"}
{"timestamp":"2026-09-16 14:23:54.513","level":"INFO","thread":"http-nio-8000-exec-6","logger":"c.j.p.logging.RequestLoggingFilter","message":"HTTP_REQUEST_COMPLETED method=GET uri=/api/contacts/page/admin status=200 durationMs=47"}
{"timestamp":"2026-09-16 14:24:09.903","level":"INFO","thread":"http-nio-8000-exec-10","logger":"c.j.p.logging.RequestLoggingFilter","message":"HTTP_REQUEST_STARTED method=GET uri=/api/companies/admin"}
{"timestamp":"2026-09-16 14:24:09.911","level":"INFO","thread":"http-nio-8000-exec-9","logger":"c.j.p.logging.RequestLoggingFilter","message":"HTTP_REQUEST_STARTED method=GET uri=/api/companies/admin"}
{"timestamp":"2026-09-16 14:24:09.942","level":"INFO","thread":"http-nio-8000-exec-9","logger":"c.j.p.logging.RequestLoggingFilter","message":"HTTP_REQUEST_COMPLETED method=GET uri=/api/companies/admin status=200 durationMs=30"}
{"timestamp":"2026-09-16 14:24:09.944","level":"INFO","thread":"http-nio-8000-exec-10","logger":"c.j.p.logging.RequestLoggingFilter","message":"HTTP_REQUEST_COMPLETED method=GET uri=/api/companies/admin status=200 durationMs=40"}
{"timestamp":"2026-09-16 14:24:33.479","level":"INFO","thread":"http-nio-8000-exec-5","logger":"c.j.p.logging.RequestLoggingFilter","message":"HTTP_REQUEST_STARTED method=GET uri=/api/companies/public"}
{"timestamp":"2026-09-16 14:24:33.519","level":"INFO","thread":"http-nio-8000-exec-3","logger":"c.j.p.logging.RequestLoggingFilter","message":"HTTP_REQUEST_STARTED method=GET uri=/api/companies/public"}
{"timestamp":"2026-09-16 14:24:33.575","level":"INFO","thread":"http-nio-8000-exec-6","logger":"c.j.p.logging.RequestLoggingFilter","message":"HTTP_REQUEST_STARTED method=GET uri=/api/companies/admin"}
{"timestamp":"2026-09-16 14:24:33.575","level":"INFO","thread":"http-nio-8000-exec-7","logger":"c.j.p.logging.RequestLoggingFilter","message":"HTTP_REQUEST_STARTED method=GET uri=/api/companies/admin"}
{"timestamp":"2026-09-16 14:24:34.452","level":"INFO","thread":"http-nio-8000-exec-7","logger":"c.j.p.logging.RequestLoggingFilter","message":"HTTP_REQUEST_COMPLETED method=GET uri=/api/companies/admin status=200 durationMs=876"}
{"timestamp":"2026-09-16 14:24:34.456","level":"INFO","thread":"http-nio-8000-exec-6","logger":"c.j.p.logging.RequestLoggingFilter","message":"HTTP_REQUEST_COMPLETED method=GET uri=/api/companies/admin status=200 durationMs=882"}
{"timestamp":"2026-09-16 14:24:36.666","level":"INFO","thread":"http-nio-8000-exec-5","logger":"c.j.p.logging.RequestLoggingFilter","message":"HTTP_REQUEST_COMPLETED method=GET uri=/api/companies/public status=200 durationMs=3196"}
{"timestamp":"2026-09-16 14:24:36.689","level":"INFO","thread":"http-nio-8000-exec-3","logger":"c.j.p.logging.RequestLoggingFilter","message":"HTTP_REQUEST_COMPLETED method=GET uri=/api/companies/public status=200 durationMs=3171"}
{"timestamp":"2026-09-16 14:26:54.881","level":"INFO","thread":"http-nio-8000-exec-2","logger":"c.j.p.logging.RequestLoggingFilter","message":"HTTP_REQUEST_STARTED method=GET uri=/api/companies/admin"}
{"timestamp":"2026-09-16 14:26:55.168","level":"INFO","thread":"http-nio-8000-exec-2","logger":"c.j.p.logging.RequestLoggingFilter","message":"HTTP_REQUEST_COMPLETED method=GET uri=/api/companies/admin status=200 durationMs=295"}
{"timestamp":"2026-09-16 14:27:17.703","level":"INFO","thread":"http-nio-8000-exec-7","logger":"c.j.p.logging.RequestLoggingFilter","message":"HTTP_REQUEST_STARTED method=GET uri=/api/companies/admin"}
{"timestamp":"2026-09-16 14:27:17.704","level":"INFO","thread":"http-nio-8000-exec-6","logger":"c.j.p.logging.RequestLoggingFilter","message":"HTTP_REQUEST_STARTED method=GET uri=/api/companies/public"}
{"timestamp":"2026-09-16 14:27:17.716","level":"INFO","thread":"http-nio-8000-exec-7","logger":"c.j.p.logging.RequestLoggingFilter","message":"HTTP_REQUEST_COMPLETED method=GET uri=/api/companies/admin status=200 durationMs=13"}
{"timestamp":"2026-09-16 14:27:19.324","level":"INFO","thread":"http-nio-8000-exec-6","logger":"c.j.p.logging.RequestLoggingFilter","message":"HTTP_REQUEST_COMPLETED method=GET uri=/api/companies/public status=200 durationMs=1620"}
{"timestamp":"2026-09-16 14:27:29.422","level":"INFO","thread":"http-nio-8000-exec-3","logger":"c.j.p.logging.RequestLoggingFilter","message":"HTTP_REQUEST_STARTED method=GET uri=/api/companies/admin"}
{"timestamp":"2026-09-16 14:27:29.436","level":"INFO","thread":"http-nio-8000-exec-10","logger":"c.j.p.logging.RequestLoggingFilter","message":"HTTP_REQUEST_STARTED method=GET uri=/api/companies/public"}
{"timestamp":"2026-09-16 14:27:29.442","level":"INFO","thread":"http-nio-8000-exec-8","logger":"c.j.p.logging.RequestLoggingFilter","message":"HTTP_REQUEST_STARTED method=GET uri=/api/companies/public"}
{"timestamp":"2026-09-16 14:27:29.446","level":"INFO","thread":"http-nio-8000-exec-3","logger":"c.j.p.logging.RequestLoggingFilter","message":"HTTP_REQUEST_COMPLETED method=GET uri=/api/companies/admin status=200 durationMs=25"}
{"timestamp":"2026-09-16 14:27:30.251","level":"INFO","thread":"http-nio-8000-exec-10","logger":"c.j.p.logging.RequestLoggingFilter","message":"HTTP_REQUEST_COMPLETED method=GET uri=/api/companies/public status=200 durationMs=815"}
{"timestamp":"2026-09-16 14:27:30.335","level":"INFO","thread":"http-nio-8000-exec-8","logger":"c.j.p.logging.RequestLoggingFilter","message":"HTTP_REQUEST_COMPLETED method=GET uri=/api/companies/public status=200 durationMs=893"}
{"timestamp":"2026-09-16 14:29:02.545","level":"INFO","thread":"http-nio-8000-exec-6","logger":"c.j.p.logging.RequestLoggingFilter","message":"HTTP_REQUEST_STARTED method=GET uri=/api/companies/public"}
{"timestamp":"2026-09-16 14:29:02.561","level":"INFO","thread":"http-nio-8000-exec-4","logger":"c.j.p.logging.RequestLoggingFilter","message":"HTTP_REQUEST_STARTED method=GET uri=/api/companies/public"}
{"timestamp":"2026-09-16 14:29:03.049","level":"INFO","thread":"http-nio-8000-exec-7","logger":"c.j.p.logging.RequestLoggingFilter","message":"HTTP_REQUEST_STARTED method=GET uri=/api/companies/admin"}
{"timestamp":"2026-09-16 14:29:03.056","level":"INFO","thread":"http-nio-8000-exec-5","logger":"c.j.p.logging.RequestLoggingFilter","message":"HTTP_REQUEST_STARTED method=GET uri=/api/companies/admin"}
{"timestamp":"2026-09-16 14:29:03.495","level":"INFO","thread":"http-nio-8000-exec-5","logger":"c.j.p.logging.RequestLoggingFilter","message":"HTTP_REQUEST_COMPLETED method=GET uri=/api/companies/admin status=200 durationMs=438"}
{"timestamp":"2026-09-16 14:29:03.710","level":"INFO","thread":"http-nio-8000-exec-7","logger":"c.j.p.logging.RequestLoggingFilter","message":"HTTP_REQUEST_COMPLETED method=GET uri=/api/companies/admin status=200 durationMs=661"}
{"timestamp":"2026-09-16 14:29:05.412","level":"INFO","thread":"http-nio-8000-exec-6","logger":"c.j.p.logging.RequestLoggingFilter","message":"HTTP_REQUEST_COMPLETED method=GET uri=/api/companies/public status=200 durationMs=2877"}
{"timestamp":"2026-09-16 14:29:05.415","level":"INFO","thread":"http-nio-8000-exec-4","logger":"c.j.p.logging.RequestLoggingFilter","message":"HTTP_REQUEST_COMPLETED method=GET uri=/api/companies/public status=200 durationMs=2874"}
{"timestamp":"2026-09-16 14:29:20.681","level":"INFO","thread":"http-nio-8000-exec-10","logger":"c.j.p.logging.RequestLoggingFilter","message":"HTTP_REQUEST_STARTED method=GET uri=/api/companies/public"}
{"timestamp":"2026-09-16 14:29:20.707","level":"INFO","thread":"http-nio-8000-exec-8","logger":"c.j.p.logging.RequestLoggingFilter","message":"HTTP_REQUEST_STARTED method=GET uri=/api/companies/public"}
{"timestamp":"2026-09-16 14:29:20.967","level":"INFO","thread":"http-nio-8000-exec-9","logger":"c.j.p.logging.RequestLoggingFilter","message":"HTTP_REQUEST_STARTED method=GET uri=/api/companies/admin"}
{"timestamp":"2026-09-16 14:29:21.016","level":"INFO","thread":"http-nio-8000-exec-2","logger":"c.j.p.logging.RequestLoggingFilter","message":"HTTP_REQUEST_STARTED method=GET uri=/api/companies/admin"}
{"timestamp":"2026-09-16 14:29:21.255","level":"INFO","thread":"http-nio-8000-exec-9","logger":"c.j.p.logging.RequestLoggingFilter","message":"HTTP_REQUEST_COMPLETED method=GET uri=/api/companies/admin status=200 durationMs=289"}
{"timestamp":"2026-09-16 14:29:21.345","level":"INFO","thread":"http-nio-8000-exec-2","logger":"c.j.p.logging.RequestLoggingFilter","message":"HTTP_REQUEST_COMPLETED method=GET uri=/api/companies/admin status=200 durationMs=312"}
{"timestamp":"2026-09-16 14:29:32.530","level":"INFO","thread":"http-nio-8000-exec-10","logger":"c.j.p.logging.RequestLoggingFilter","message":"HTTP_REQUEST_COMPLETED method=GET uri=/api/companies/public status=200 durationMs=11849"}
{"timestamp":"2026-09-16 14:29:32.540","level":"INFO","thread":"http-nio-8000-exec-8","logger":"c.j.p.logging.RequestLoggingFilter","message":"HTTP_REQUEST_COMPLETED method=GET uri=/api/companies/public status=200 durationMs=11832"}
{"timestamp":"2026-09-16 14:32:51.125","level":"INFO","thread":"http-nio-8000-exec-3","logger":"c.j.p.logging.RequestLoggingFilter","message":"HTTP_REQUEST_STARTED method=GET uri=/api/companies/admin"}
{"timestamp":"2026-09-16 14:32:51.138","level":"INFO","thread":"http-nio-8000-exec-3","logger":"c.j.p.logging.RequestLoggingFilter","message":"HTTP_REQUEST_COMPLETED method=GET uri=/api/companies/admin status=200 durationMs=13"}
{"timestamp":"2026-09-16 14:33:10.273","level":"INFO","thread":"http-nio-8000-exec-2","logger":"c.j.p.logging.RequestLoggingFilter","message":"HTTP_REQUEST_STARTED method=GET uri=/api/companies/admin"}
{"timestamp":"2026-09-16 14:33:10.283","level":"INFO","thread":"http-nio-8000-exec-2","logger":"c.j.p.logging.RequestLoggingFilter","message":"HTTP_REQUEST_COMPLETED method=GET uri=/api/companies/admin status=200 durationMs=9"}
{"timestamp":"2026-09-16 14:40:02.860","level":"INFO","thread":"http-nio-8000-exec-5","logger":"c.j.p.logging.RequestLoggingFilter","message":"HTTP_REQUEST_STARTED method=GET uri=/api/companies/admin"}
{"timestamp":"2026-09-16 14:40:02.860","level":"INFO","thread":"http-nio-8000-exec-4","logger":"c.j.p.logging.RequestLoggingFilter","message":"HTTP_REQUEST_STARTED method=GET uri=/api/companies/admin"}
{"timestamp":"2026-09-16 14:40:03.802","level":"INFO","thread":"http-nio-8000-exec-5","logger":"c.j.p.logging.RequestLoggingFilter","message":"HTTP_REQUEST_COMPLETED method=GET uri=/api/companies/admin status=200 durationMs=945"}
{"timestamp":"2026-09-16 14:40:03.802","level":"INFO","thread":"http-nio-8000-exec-4","logger":"c.j.p.logging.RequestLoggingFilter","message":"HTTP_REQUEST_COMPLETED method=GET uri=/api/companies/admin status=200 durationMs=945"}
{"timestamp":"2026-09-16 14:40:11.760","level":"INFO","thread":"http-nio-8000-exec-3","logger":"c.j.p.logging.RequestLoggingFilter","message":"HTTP_REQUEST_STARTED method=GET uri=/api/companies/admin"}
{"timestamp":"2026-09-16 14:40:11.815","level":"INFO","thread":"http-nio-8000-exec-9","logger":"c.j.p.logging.RequestLoggingFilter","message":"HTTP_REQUEST_STARTED method=GET uri=/api/companies/admin"}
{"timestamp":"2026-09-16 14:40:11.880","level":"INFO","thread":"http-nio-8000-exec-3","logger":"c.j.p.logging.RequestLoggingFilter","message":"HTTP_REQUEST_COMPLETED method=GET uri=/api/companies/admin status=200 durationMs=120"}
{"timestamp":"2026-09-16 14:40:11.904","level":"INFO","thread":"http-nio-8000-exec-9","logger":"c.j.p.logging.RequestLoggingFilter","message":"HTTP_REQUEST_COMPLETED method=GET uri=/api/companies/admin status=200 durationMs=87"}
{"timestamp":"2026-09-16 14:40:27.823","level":"INFO","thread":"http-nio-8000-exec-8","logger":"c.j.p.logging.RequestLoggingFilter","message":"HTTP_REQUEST_STARTED method=GET uri=/api/companies/admin"}
{"timestamp":"2026-09-16 14:40:27.835","level":"INFO","thread":"http-nio-8000-exec-8","logger":"c.j.p.logging.RequestLoggingFilter","message":"HTTP_REQUEST_COMPLETED method=GET uri=/api/companies/admin status=200 durationMs=12"}
{"timestamp":"2026-09-16 14:40:27.835","level":"INFO","thread":"http-nio-8000-exec-7","logger":"c.j.p.logging.RequestLoggingFilter","message":"HTTP_REQUEST_STARTED method=GET uri=/api/companies/admin"}
{"timestamp":"2026-09-16 14:40:27.851","level":"INFO","thread":"http-nio-8000-exec-7","logger":"c.j.p.logging.RequestLoggingFilter","message":"HTTP_REQUEST_COMPLETED method=GET uri=/api/companies/admin status=200 durationMs=14"}
{"timestamp":"2026-09-16 14:40:50.700","level":"INFO","thread":"http-nio-8000-exec-5","logger":"c.j.p.logging.RequestLoggingFilter","message":"HTTP_REQUEST_STARTED method=PUT uri=/api/companies/7/admin"}
{"timestamp":"2026-09-16 14:40:53.375","level":"INFO","thread":"http-nio-8000-exec-5","logger":"c.j.p.logging.RequestLoggingFilter","message":"HTTP_REQUEST_BODY payload={"name":"Netflix","logo":"/logos/netflix.png","industry":"Entertainment","size":"Large","rating":4.7,"locations":"Los Gatos,Los Angeles,New York","founded":1997,"description":"Netflix is a leading entertainment company founded in 1997. We're committed to innovation and creating exceptional experiences for our customers and employees.","employees":12800,"website":"https://www.netflix.com"}"}
{"timestamp":"2026-09-16 14:40:53.375","level":"INFO","thread":"http-nio-8000-exec-5","logger":"c.j.p.logging.RequestLoggingFilter","message":"HTTP_REQUEST_COMPLETED method=PUT uri=/api/companies/7/admin status=200 durationMs=2675"}
{"timestamp":"2026-09-16 14:40:53.429","level":"INFO","thread":"http-nio-8000-exec-1","logger":"c.j.p.logging.RequestLoggingFilter","message":"HTTP_REQUEST_STARTED method=GET uri=/api/companies/admin"}
{"timestamp":"2026-09-16 14:40:53.510","level":"INFO","thread":"http-nio-8000-exec-1","logger":"c.j.p.logging.RequestLoggingFilter","message":"HTTP_REQUEST_COMPLETED method=GET uri=/api/companies/admin status=200 durationMs=80"}
{"timestamp":"2026-09-16 14:41:04.278","level":"INFO","thread":"http-nio-8000-exec-9","logger":"c.j.p.logging.RequestLoggingFilter","message":"HTTP_REQUEST_STARTED method=GET uri=/api/companies/admin"}
{"timestamp":"2026-09-16 14:41:04.289","level":"INFO","thread":"http-nio-8000-exec-2","logger":"c.j.p.logging.RequestLoggingFilter","message":"HTTP_REQUEST_STARTED method=GET uri=/api/companies/admin"}
{"timestamp":"2026-09-16 14:41:04.342","level":"INFO","thread":"http-nio-8000-exec-9","logger":"c.j.p.logging.RequestLoggingFilter","message":"HTTP_REQUEST_COMPLETED method=GET uri=/api/companies/admin status=200 durationMs=62"}
{"timestamp":"2026-09-16 14:41:04.348","level":"INFO","thread":"http-nio-8000-exec-2","logger":"c.j.p.logging.RequestLoggingFilter","message":"HTTP_REQUEST_COMPLETED method=GET uri=/api/companies/admin status=200 durationMs=61"}
{"timestamp":"2026-09-16 14:42:08.547","level":"INFO","thread":"http-nio-8000-exec-4","logger":"c.j.p.logging.RequestLoggingFilter","message":"HTTP_REQUEST_STARTED method=PUT uri=/api/companies/1/admin"}
{"timestamp":"2026-09-16 14:42:08.889","level":"INFO","thread":"http-nio-8000-exec-4","logger":"c.j.p.logging.RequestLoggingFilter","message":"HTTP_REQUEST_BODY payload={"name":"TechCorp Inc.","logo":"/logos/techcorp.png","industry":"Technology","size":"Large","rating":4.7,"locations":"San Francisco,New York,Austi","founded":2012,"description":"TechCorp Inc. is a leading technology company founded in 2010. We're committed to innovation and creating exceptional experiences for our customers and employees.","employees":15000,"website":"https://www.techcorpinc.com"}"}
{"timestamp":"2026-09-16 14:42:08.897","level":"INFO","thread":"http-nio-8000-exec-4","logger":"c.j.p.logging.RequestLoggingFilter","message":"HTTP_REQUEST_COMPLETED method=PUT uri=/api/companies/1/admin status=200 durationMs=352"}
{"timestamp":"2026-09-16 14:42:08.951","level":"INFO","thread":"http-nio-8000-exec-5","logger":"c.j.p.logging.RequestLoggingFilter","message":"HTTP_REQUEST_STARTED method=GET uri=/api/companies/admin"}
{"timestamp":"2026-09-16 14:42:09.065","level":"INFO","thread":"http-nio-8000-exec-5","logger":"c.j.p.logging.RequestLoggingFilter","message":"HTTP_REQUEST_COMPLETED method=GET uri=/api/companies/admin status=200 durationMs=114"}
{"timestamp":"2026-09-16 14:42:43.506","level":"INFO","thread":"http-nio-8000-exec-3","logger":"c.j.p.logging.RequestLoggingFilter","message":"HTTP_REQUEST_STARTED method=POST uri=/api/auth/login/public"}
{"timestamp":"2026-09-16 14:42:44.372","level":"INFO","thread":"http-nio-8000-exec-3","logger":"c.j.p.a.LoginSuccessAuditAspect","message":"✅ LOGIN SUCCESS | User: rasheed@gmail.com | Role: ROLE_EMPLOYER"}
{"timestamp":"2026-09-16 14:42:44.385","level":"INFO","thread":"http-nio-8000-exec-3","logger":"c.j.p.logging.RequestLoggingFilter","message":"HTTP_REQUEST_BODY payload={"username":"rasheed@gmail.com","password":"*****"}"}
{"timestamp":"2026-09-16 14:42:44.387","level":"INFO","thread":"http-nio-8000-exec-3","logger":"c.j.p.logging.RequestLoggingFilter","message":"HTTP_REQUEST_COMPLETED method=POST uri=/api/auth/login/public status=200 durationMs=880"}
{"timestamp":"2026-09-16 14:42:44.989","level":"INFO","thread":"http-nio-8000-exec-9","logger":"c.j.p.logging.RequestLoggingFilter","message":"HTTP_REQUEST_STARTED method=GET uri=/api/companies/public"}
{"timestamp":"2026-09-16 14:42:44.993","level":"INFO","thread":"http-nio-8000-exec-6","logger":"c.j.p.logging.RequestLoggingFilter","message":"HTTP_REQUEST_STARTED method=GET uri=/api/companies/public"}
{"timestamp":"2026-09-16 14:42:46.250","level":"INFO","thread":"http-nio-8000-exec-6","logger":"c.j.p.logging.RequestLoggingFilter","message":"HTTP_REQUEST_COMPLETED method=GET uri=/api/companies/public status=200 durationMs=1257"}
{"timestamp":"2026-09-16 14:42:46.286","level":"INFO","thread":"http-nio-8000-exec-9","logger":"c.j.p.logging.RequestLoggingFilter","message":"HTTP_REQUEST_COMPLETED method=GET uri=/api/companies/public status=200 durationMs=1298"}
{"timestamp":"2026-09-16 14:43:00.232","level":"INFO","thread":"http-nio-8000-exec-7","logger":"c.j.p.logging.RequestLoggingFilter","message":"HTTP_REQUEST_STARTED method=GET uri=/api/employer/jobs"}
{"timestamp":"2026-09-16 14:43:00.238","level":"INFO","thread":"http-nio-8000-exec-8","logger":"c.j.p.logging.RequestLoggingFilter","message":"HTTP_REQUEST_STARTED method=GET uri=/api/employer/jobs"}
{"timestamp":"2026-09-16 14:43:01.031","level":"WARN","thread":"http-nio-8000-exec-8","logger":"o.s.w.s.m.m.a.ExceptionHandlerExceptionResolver","message":"Resolved [org.springframework.web.servlet.resource.NoResourceFoundException: No static resource api/employer/jobs for request '/api/employer/jobs'.]"}
{"timestamp":"2026-09-16 14:43:01.031","level":"WARN","thread":"http-nio-8000-exec-7","logger":"o.s.w.s.m.m.a.ExceptionHandlerExceptionResolver","message":"Resolved [org.springframework.web.servlet.resource.NoResourceFoundException: No static resource api/employer/jobs for request '/api/employer/jobs'.]"}
{"timestamp":"2026-09-16 14:43:01.036","level":"ERROR","thread":"http-nio-8000-exec-8","logger":"c.j.p.logging.RequestLoggingFilter","message":"HTTP_REQUEST_COMPLETED method=GET uri=/api/employer/jobs status=500 durationMs=798"}
{"timestamp":"2026-09-16 14:43:01.036","level":"ERROR","thread":"http-nio-8000-exec-7","logger":"c.j.p.logging.RequestLoggingFilter","message":"HTTP_REQUEST_COMPLETED method=GET uri=/api/employer/jobs status=500 durationMs=802"}
{"timestamp":"2026-09-16 15:12:04.209","level":"INFO","thread":"SpringApplicationShutdownHook","logger":"o.s.boot.tomcat.GracefulShutdown","message":"Commencing graceful shutdown. Waiting for active requests to complete"}
{"timestamp":"2026-09-16 15:12:04.302","level":"INFO","thread":"tomcat-shutdown","logger":"o.s.boot.tomcat.GracefulShutdown","message":"Graceful shutdown complete"}
{"timestamp":"2026-09-16 15:12:04.437","level":"INFO","thread":"SpringApplicationShutdownHook","logger":"o.s.o.j.LocalContainerEntityManagerFactoryBean","message":"Closing JPA EntityManagerFactory for persistence unit 'default'"}
{"timestamp":"2026-09-16 15:12:04.518","level":"INFO","thread":"SpringApplicationShutdownHook","logger":"com.zaxxer.hikari.HikariDataSource","message":"HikariPool-3 - Shutdown initiated..."}
{"timestamp":"2026-09-16 15:12:04.539","level":"INFO","thread":"SpringApplicationShutdownHook","logger":"com.zaxxer.hikari.HikariDataSource","message":"HikariPool-3 - Shutdown completed."}
{"timestamp":"2026-09-16 15:12:55.448","level":"INFO","thread":"restartedMain","logger":"com.jimmy.portal.PortalApplication","message":"Starting PortalApplication using Java 26.0.2.1 with PID 19004 (D:\job-portal-server\target\classes started by JIMMY in D:\job-portal-server)"}
{"timestamp":"2026-09-16 15:12:55.455","level":"INFO","thread":"restartedMain","logger":"com.jimmy.portal.PortalApplication","message":"No active profile set, falling back to 1 default profile: "default""}
{"timestamp":"2026-09-16 15:12:55.634","level":"INFO","thread":"restartedMain","logger":"o.s.b.d.c.l.DockerComposeLifecycleManager","message":"Using Docker Compose file D:\job-portal-server\compose.yml"}
{"timestamp":"2026-09-16 15:12:56.419","level":"INFO","thread":"background-preinit","logger":"o.h.validator.internal.util.Version","message":"HV000001: Hibernate Validator 9.1.0.Final"}
{"timestamp":"2026-09-16 15:12:57.955","level":"INFO","thread":"restartedMain","logger":"o.s.b.d.c.l.DockerComposeLifecycleManager","message":"There are already Docker Compose services running, skipping startup"}
{"timestamp":"2026-09-16 15:12:57.965","level":"INFO","thread":"restartedMain","logger":"o.s.b.d.e.DevToolsPropertyDefaultsPostProcessor","message":"Devtools property defaults active! Set 'spring.devtools.add-properties' to 'false' to disable"}
{"timestamp":"2026-09-16 15:12:57.965","level":"INFO","thread":"restartedMain","logger":"o.s.b.d.e.DevToolsPropertyDefaultsPostProcessor","message":"For additional web related logging consider setting the 'logging.level.web' property to 'DEBUG'"}
{"timestamp":"2026-09-16 15:13:00.470","level":"INFO","thread":"restartedMain","logger":"o.s.d.r.c.RepositoryConfigurationDelegate","message":"Bootstrapping Spring Data JPA repositories in DEFAULT mode."}
{"timestamp":"2026-09-16 15:13:00.667","level":"INFO","thread":"restartedMain","logger":"o.s.d.r.c.RepositoryConfigurationDelegate","message":"Finished Spring Data repository scanning in 175 ms. Found 6 JPA repository interfaces."}
{"timestamp":"2026-09-16 15:13:02.198","level":"INFO","thread":"restartedMain","logger":"o.s.boot.tomcat.TomcatWebServer","message":"Tomcat initialized with port 8000 (http)"}
{"timestamp":"2026-09-16 15:13:02.215","level":"INFO","thread":"restartedMain","logger":"o.a.coyote.http11.Http11NioProtocol","message":"Initializing ProtocolHandler ["http-nio-8000"]"}
{"timestamp":"2026-09-16 15:13:02.219","level":"INFO","thread":"restartedMain","logger":"o.a.catalina.core.StandardService","message":"Starting service [Tomcat]"}
{"timestamp":"2026-09-16 15:13:02.220","level":"INFO","thread":"restartedMain","logger":"o.a.catalina.core.StandardEngine","message":"Starting Servlet engine: [Apache Tomcat/11.0.22]"}
{"timestamp":"2026-09-16 15:13:02.305","level":"INFO","thread":"restartedMain","logger":"o.s.b.w.c.s.WebApplicationContextInitializer","message":"Root WebApplicationContext: initialization completed in 4338 ms"}
{"timestamp":"2026-09-16 15:13:02.887","level":"INFO","thread":"restartedMain","logger":"com.zaxxer.hikari.HikariDataSource","message":"HikariPool-1 - Starting..."}
{"timestamp":"2026-09-16 15:13:03.784","level":"INFO","thread":"restartedMain","logger":"com.zaxxer.hikari.pool.HikariPool","message":"HikariPool-1 - Added connection com.mysql.cj.jdbc.ConnectionImpl@d2bc50a"}
{"timestamp":"2026-09-16 15:13:03.787","level":"INFO","thread":"restartedMain","logger":"com.zaxxer.hikari.HikariDataSource","message":"HikariPool-1 - Start completed."}
{"timestamp":"2026-09-16 15:13:03.835","level":"INFO","thread":"restartedMain","logger":"org.hibernate.orm.jpa","message":"HHH008540: Processing PersistenceUnitInfo [name: default]"}
{"timestamp":"2026-09-16 15:13:03.966","level":"INFO","thread":"restartedMain","logger":"org.hibernate.orm.core","message":"HHH000001: Hibernate ORM core version 7.4.1.Final"}
{"timestamp":"2026-09-16 15:13:04.951","level":"INFO","thread":"restartedMain","logger":"o.s.o.j.p.SpringPersistenceUnitInfo","message":"No LoadTimeWeaver setup: ignoring JPA class transformer"}
{"timestamp":"2026-09-16 15:13:05.302","level":"INFO","thread":"restartedMain","logger":"o.hibernate.orm.connections.pooling","message":"HHH10001005: Database info:
	Database JDBC URL [jdbc:mysql://127.0.0.1:3308/jobportal]
	Database driver: MySQL Connector/J
	Database dialect: MySQLDialect
	Database version: 9.1
	Default catalog/schema: jobportal/undefined
	Autocommit mode: undefined/unknown
	Isolation level: REPEATABLE_READ [default REPEATABLE_READ]
	JDBC fetch size: none
	Pool: DataSourceConnectionProvider
	Minimum pool size: undefined/unknown
	Maximum pool size: undefined/unknown"}
{"timestamp":"2026-09-16 15:13:07.593","level":"INFO","thread":"restartedMain","logger":"org.hibernate.orm.core","message":"HHH000489: No JTA platform available (set 'hibernate.transaction.jta.platform' to enable JTA platform integration)"}
{"timestamp":"2026-09-16 15:13:07.606","level":"INFO","thread":"restartedMain","logger":"o.s.o.j.LocalContainerEntityManagerFactoryBean","message":"Initialized JPA EntityManagerFactory for persistence unit 'default'"}
{"timestamp":"2026-09-16 15:13:08.147","level":"INFO","thread":"restartedMain","logger":"o.s.d.j.r.q.QueryEnhancerFactories","message":"Hibernate is in classpath; If applicable, HQL parser will be used."}
{"timestamp":"2026-09-16 15:13:10.890","level":"WARN","thread":"restartedMain","logger":"o.s.b.j.a.JpaBaseConfiguration$JpaWebConfiguration","message":"spring.jpa.open-in-view is enabled by default. Therefore, database queries may be performed during view rendering. Explicitly configure spring.jpa.open-in-view to disable this warning"}
{"timestamp":"2026-09-16 15:13:11.191","level":"INFO","thread":"restartedMain","logger":"o.s.s.c.a.a.c.InitializeAuthenticationProviderBeanManagerConfigurer$InitializeAuthenticationProviderManagerConfigurer","message":"Global AuthenticationManager configured with AuthenticationProvider bean with name jobPortalUsernamePwdAuthenticationProvider"}
{"timestamp":"2026-09-16 15:13:12.649","level":"INFO","thread":"restartedMain","logger":"o.a.coyote.http11.Http11NioProtocol","message":"Starting ProtocolHandler ["http-nio-8000"]"}
{"timestamp":"2026-09-16 15:13:12.668","level":"INFO","thread":"restartedMain","logger":"o.s.boot.tomcat.TomcatWebServer","message":"Tomcat started on port 8000 (http) with context path '/'"}
{"timestamp":"2026-09-16 15:13:12.679","level":"INFO","thread":"restartedMain","logger":"com.jimmy.portal.PortalApplication","message":"Started PortalApplication in 18.13 seconds (process running for 20.203)"}
{"timestamp":"2026-09-16 15:13:12.683","level":"WARN","thread":"restartedMain","logger":"o.s.c.events.SpringDocAppInitializer","message":"SpringDoc /v3/api-docs endpoint is enabled by default. To disable it in production, set the property 'springdoc.api-docs.enabled=false'"}
{"timestamp":"2026-09-16 15:13:12.683","level":"WARN","thread":"restartedMain","logger":"o.s.c.events.SpringDocAppInitializer","message":"SpringDoc /swagger-ui.html endpoint is enabled by default. To disable it in production, set the property 'springdoc.swagger-ui.enabled=false'"}
{"timestamp":"2026-09-16 15:25:56.499","level":"INFO","thread":"http-nio-8000-exec-1","logger":"o.a.c.c.C.[Tomcat].[localhost].[/]","message":"Initializing Spring DispatcherServlet 'dispatcherServlet'"}
{"timestamp":"2026-09-16 15:25:56.551","level":"INFO","thread":"http-nio-8000-exec-1","logger":"o.s.web.servlet.DispatcherServlet","message":"Initializing Servlet 'dispatcherServlet'"}
{"timestamp":"2026-09-16 15:25:56.840","level":"INFO","thread":"http-nio-8000-exec-1","logger":"o.s.web.servlet.DispatcherServlet","message":"Completed initialization in 288 ms"}
{"timestamp":"2026-09-16 15:25:57.739","level":"INFO","thread":"http-nio-8000-exec-3","logger":"c.j.p.logging.RequestLoggingFilter","message":"HTTP_REQUEST_STARTED method=GET uri=/api/employer/jobs"}
{"timestamp":"2026-09-16 15:25:57.733","level":"INFO","thread":"http-nio-8000-exec-1","logger":"c.j.p.logging.RequestLoggingFilter","message":"HTTP_REQUEST_STARTED method=GET uri=/api/employer/jobs"}
{"timestamp":"2026-09-16 15:25:59.052","level":"WARN","thread":"http-nio-8000-exec-1","logger":"o.s.w.s.m.m.a.ExceptionHandlerExceptionResolver","message":"Resolved [org.springframework.web.servlet.resource.NoResourceFoundException: No static resource api/employer/jobs for request '/api/employer/jobs'.]"}
{"timestamp":"2026-09-16 15:25:59.052","level":"WARN","thread":"http-nio-8000-exec-3","logger":"o.s.w.s.m.m.a.ExceptionHandlerExceptionResolver","message":"Resolved [org.springframework.web.servlet.resource.NoResourceFoundException: No static resource api/employer/jobs for request '/api/employer/jobs'.]"}
{"timestamp":"2026-09-16 15:25:59.158","level":"ERROR","thread":"http-nio-8000-exec-3","logger":"c.j.p.logging.RequestLoggingFilter","message":"HTTP_REQUEST_COMPLETED method=GET uri=/api/employer/jobs status=500 durationMs=1421"}
{"timestamp":"2026-09-16 15:25:59.160","level":"ERROR","thread":"http-nio-8000-exec-1","logger":"c.j.p.logging.RequestLoggingFilter","message":"HTTP_REQUEST_COMPLETED method=GET uri=/api/employer/jobs status=500 durationMs=1422"}
{"timestamp":"2026-09-16 15:58:43.319","level":"WARN","thread":"HikariPool-1:housekeeper","logger":"com.zaxxer.hikari.pool.HikariPool","message":"HikariPool-1 - Thread starvation or clock leap detected (housekeeper delta=26m8s767ms824µs600ns)."}
