{"timestamp":"2026-09-13 11:41:42.417","level":"WARN","thread":"HikariPool-12:housekeeper","logger":"com.zaxxer.hikari.pool.PoolBase","message":"HikariPool-12 - Failed to validate connection com.mysql.cj.jdbc.ConnectionImpl@2ff98a3c (No operations allowed after connection closed.). Possibly consider using a shorter maxLifetime value."}
{"timestamp":"2026-09-13 11:41:57.123","level":"WARN","thread":"HikariPool-12:housekeeper","logger":"com.zaxxer.hikari.pool.HikariPool","message":"HikariPool-12 - Thread starvation or clock leap detected (housekeeper delta=14h31m55s580ms23µs200ns)."}
{"timestamp":"2026-09-13 11:47:35.263","level":"INFO","thread":"File Watcher","logger":"o.s.b.d.a.LocalDevToolsAutoConfiguration$RestartingClassPathChangeChangedEventListener","message":"Restarting due to 2 class path changes (0 additions, 2 deletions, 0 modifications)"}
{"timestamp":"2026-09-13 11:47:36.555","level":"INFO","thread":"Thread-148","logger":"o.s.boot.tomcat.GracefulShutdown","message":"Commencing graceful shutdown. Waiting for active requests to complete"}
{"timestamp":"2026-09-13 11:47:37.205","level":"INFO","thread":"tomcat-shutdown","logger":"o.a.coyote.http11.Http11NioProtocol","message":"Pausing ProtocolHandler ["http-nio-8000"]"}
{"timestamp":"2026-09-13 11:47:37.859","level":"INFO","thread":"tomcat-shutdown","logger":"o.s.boot.tomcat.GracefulShutdown","message":"Graceful shutdown complete"}
{"timestamp":"2026-09-13 11:47:37.983","level":"INFO","thread":"Thread-148","logger":"o.a.coyote.http11.Http11NioProtocol","message":"Stopping ProtocolHandler ["http-nio-8000"]"}
{"timestamp":"2026-09-13 11:47:40.424","level":"INFO","thread":"Thread-148","logger":"o.s.o.j.LocalContainerEntityManagerFactoryBean","message":"Closing JPA EntityManagerFactory for persistence unit 'default'"}
{"timestamp":"2026-09-13 11:47:43.860","level":"INFO","thread":"Thread-148","logger":"com.zaxxer.hikari.HikariDataSource","message":"HikariPool-12 - Shutdown initiated..."}
{"timestamp":"2026-09-13 11:47:44.303","level":"INFO","thread":"Thread-148","logger":"com.zaxxer.hikari.HikariDataSource","message":"HikariPool-12 - Shutdown completed."}
{"timestamp":"2026-09-13 11:47:52.597","level":"INFO","thread":"restartedMain","logger":"com.jimmy.portal.PortalApplication","message":"Starting PortalApplication using Java 26.0.2.1 with PID 284 (D:\job-portal-server\target\classes started by JIMMY in D:\job-portal-server)"}
{"timestamp":"2026-09-13 11:47:52.601","level":"INFO","thread":"restartedMain","logger":"com.jimmy.portal.PortalApplication","message":"No active profile set, falling back to 1 default profile: "default""}
{"timestamp":"2026-09-13 11:47:52.645","level":"INFO","thread":"restartedMain","logger":"o.s.b.d.c.l.DockerComposeLifecycleManager","message":"Using Docker Compose file D:\job-portal-server\compose.yml"}
{"timestamp":"2026-09-13 11:47:58.987","level":"INFO","thread":"restartedMain","logger":"o.s.b.d.c.l.DockerComposeLifecycleManager","message":"There are already Docker Compose services running, skipping startup"}
{"timestamp":"2026-09-13 11:48:03.836","level":"INFO","thread":"restartedMain","logger":"o.s.d.r.c.RepositoryConfigurationDelegate","message":"Bootstrapping Spring Data JPA repositories in DEFAULT mode."}
{"timestamp":"2026-09-13 11:48:04.110","level":"INFO","thread":"restartedMain","logger":"o.s.d.r.c.RepositoryConfigurationDelegate","message":"Finished Spring Data repository scanning in 229 ms. Found 4 JPA repository interfaces."}
{"timestamp":"2026-09-13 11:48:09.873","level":"WARN","thread":"restartedMain","logger":"o.s.b.w.s.s.c.AnnotationConfigServletWebServerApplicationContext","message":"Exception encountered during context initialization - cancelling refresh attempt: org.springframework.beans.factory.BeanCreationException: Error creating bean with name 'projectingArgumentResolverBeanPostProcessor' defined in class path resource [org/springframework/data/web/config/ProjectingArgumentResolverRegistrar.class]: BeanPostProcessor before instantiation of bean failed"}
{"timestamp":"2026-09-13 11:48:09.923","level":"INFO","thread":"restartedMain","logger":"o.s.b.a.l.ConditionEvaluationReportLogger","message":"

Error starting ApplicationContext. To display the condition evaluation report re-run your application with 'debug' enabled."}
{"timestamp":"2026-09-13 11:48:09.979","level":"ERROR","thread":"restartedMain","logger":"o.s.boot.SpringApplication","message":"Application run failed"}
org.springframework.beans.factory.BeanCreationException: Error creating bean with name 'projectingArgumentResolverBeanPostProcessor' defined in class path resource [org/springframework/data/web/config/ProjectingArgumentResolverRegistrar.class]: BeanPostProcessor before instantiation of bean failed
	at org.springframework.beans.factory.support.AbstractAutowireCapableBeanFactory.createBean(AbstractAutowireCapableBeanFactory.java:520)
	at org.springframework.beans.factory.support.AbstractBeanFactory.lambda$doGetBean$0(AbstractBeanFactory.java:333)
	at org.springframework.beans.factory.support.DefaultSingletonBeanRegistry.getSingleton(DefaultSingletonBeanRegistry.java:371)
	at org.springframework.beans.factory.support.AbstractBeanFactory.doGetBean(AbstractBeanFactory.java:331)
	at org.springframework.beans.factory.support.AbstractBeanFactory.getBean(AbstractBeanFactory.java:201)
	at org.springframework.context.support.PostProcessorRegistrationDelegate.registerBeanPostProcessors(PostProcessorRegistrationDelegate.java:277)
	at org.springframework.context.support.AbstractApplicationContext.registerBeanPostProcessors(AbstractApplicationContext.java:812)
	at org.springframework.context.support.AbstractApplicationContext.refresh(AbstractApplicationContext.java:605)
	at org.springframework.boot.web.server.servlet.context.ServletWebServerApplicationContext.refresh(ServletWebServerApplicationContext.java:143)
	at org.springframework.boot.SpringApplication.refresh(SpringApplication.java:756)
	at org.springframework.boot.SpringApplication.refreshContext(SpringApplication.java:445)
	at org.springframework.boot.SpringApplication.run(SpringApplication.java:321)
	at org.springframework.boot.SpringApplication.run(SpringApplication.java:1365)
	at org.springframework.boot.SpringApplication.run(SpringApplication.java:1354)
	at com.jimmy.portal.PortalApplication.main(PortalApplication.java:12)
	at java.base/jdk.internal.reflect.DirectMethodHandleAccessor.invoke(DirectMethodHandleAccessor.java:104)
	at java.base/java.lang.reflect.Method.invoke(Method.java:565)
	at org.springframework.boot.devtools.restart.RestartLauncher.run(RestartLauncher.java:52)
Caused by: org.springframework.beans.factory.BeanCreationException: Error creating bean with name 'org.springframework.transaction.annotation.ProxyTransactionManagementConfiguration': BeanPostProcessor before instantiation of bean failed
	at org.springframework.beans.factory.support.AbstractAutowireCapableBeanFactory.createBean(AbstractAutowireCapableBeanFactory.java:520)
	at org.springframework.beans.factory.support.AbstractBeanFactory.lambda$doGetBean$0(AbstractBeanFactory.java:333)
	at org.springframework.beans.factory.support.DefaultSingletonBeanRegistry.getSingleton(DefaultSingletonBeanRegistry.java:371)
	at org.springframework.beans.factory.support.AbstractBeanFactory.doGetBean(AbstractBeanFactory.java:331)
	at org.springframework.beans.factory.support.AbstractBeanFactory.getBean(AbstractBeanFactory.java:196)
	at org.springframework.beans.factory.support.ConstructorResolver.instantiateUsingFactoryMethod(ConstructorResolver.java:413)
	at org.springframework.beans.factory.support.AbstractAutowireCapableBeanFactory.instantiateUsingFactoryMethod(AbstractAutowireCapableBeanFactory.java:1360)
	at org.springframework.beans.factory.support.AbstractAutowireCapableBeanFactory.createBeanInstance(AbstractAutowireCapableBeanFactory.java:1192)
	at org.springframework.beans.factory.support.AbstractAutowireCapableBeanFactory.doCreateBean(AbstractAutowireCapableBeanFactory.java:565)
	at org.springframework.beans.factory.support.AbstractAutowireCapableBeanFactory.createBean(AbstractAutowireCapableBeanFactory.java:525)
	at org.springframework.beans.factory.support.AbstractBeanFactory.lambda$doGetBean$0(AbstractBeanFactory.java:333)
	at org.springframework.beans.factory.support.DefaultSingletonBeanRegistry.getSingleton(DefaultSingletonBeanRegistry.java:371)
	at org.springframework.beans.factory.support.AbstractBeanFactory.doGetBean(AbstractBeanFactory.java:331)
	at org.springframework.beans.factory.support.AbstractBeanFactory.getBean(AbstractBeanFactory.java:201)
	at org.springframework.aop.framework.autoproxy.BeanFactoryAdvisorRetrievalHelper.findAdvisorBeans(BeanFactoryAdvisorRetrievalHelper.java:90)
	at org.springframework.aop.framework.autoproxy.AbstractAdvisorAutoProxyCreator.findCandidateAdvisors(AbstractAdvisorAutoProxyCreator.java:118)
	at org.springframework.aop.aspectj.annotation.AnnotationAwareAspectJAutoProxyCreator.findCandidateAdvisors(AnnotationAwareAspectJAutoProxyCreator.java:90)
	at org.springframework.aop.aspectj.autoproxy.AspectJAwareAdvisorAutoProxyCreator.shouldSkip(AspectJAwareAdvisorAutoProxyCreator.java:104)
	at org.springframework.aop.framework.autoproxy.AbstractAutoProxyCreator.postProcessBeforeInstantiation(AbstractAutoProxyCreator.java:251)
	at org.springframework.beans.factory.support.AbstractAutowireCapableBeanFactory.applyBeanPostProcessorsBeforeInstantiation(AbstractAutowireCapableBeanFactory.java:1155)
	at org.springframework.beans.factory.support.AbstractAutowireCapableBeanFactory.resolveBeforeInstantiation(AbstractAutowireCapableBeanFactory.java:1131)
	at org.springframework.beans.factory.support.AbstractAutowireCapableBeanFactory.createBean(AbstractAutowireCapableBeanFactory.java:514)
	... 17 common frames omitted
Caused by: java.lang.NoClassDefFoundError: com/jimmy/portal/exception/RegistrationValidationException
	at java.base/java.lang.Class.getDeclaredMethods0(Native Method)
	at java.base/java.lang.Class.privateGetDeclaredMethods(Class.java:3011)
	at java.base/java.lang.Class.getDeclaredMethods(Class.java:2330)
	at org.aspectj.internal.lang.reflect.AjTypeImpl.getDeclarePrecedence(AjTypeImpl.java:1005)
	at org.springframework.aop.aspectj.annotation.AspectMetadata.<init>(AspectMetadata.java:97)
	at org.springframework.aop.aspectj.annotation.BeanFactoryAspectJAdvisorsBuilder.buildAspectJAdvisors(BeanFactoryAspectJAdvisorsBuilder.java:110)
	at org.springframework.aop.aspectj.annotation.AnnotationAwareAspectJAutoProxyCreator.findCandidateAdvisors(AnnotationAwareAspectJAutoProxyCreator.java:93)
	at org.springframework.aop.aspectj.autoproxy.AspectJAwareAdvisorAutoProxyCreator.shouldSkip(AspectJAwareAdvisorAutoProxyCreator.java:104)
	at org.springframework.aop.framework.autoproxy.AbstractAutoProxyCreator.postProcessBeforeInstantiation(AbstractAutoProxyCreator.java:251)
	at org.springframework.beans.factory.support.AbstractAutowireCapableBeanFactory.applyBeanPostProcessorsBeforeInstantiation(AbstractAutowireCapableBeanFactory.java:1155)
	at org.springframework.beans.factory.support.AbstractAutowireCapableBeanFactory.resolveBeforeInstantiation(AbstractAutowireCapableBeanFactory.java:1131)
	at org.springframework.beans.factory.support.AbstractAutowireCapableBeanFactory.createBean(AbstractAutowireCapableBeanFactory.java:514)
	... 38 common frames omitted
Caused by: java.lang.ClassNotFoundException: com.jimmy.portal.exception.RegistrationValidationException
	at java.base/jdk.internal.loader.BuiltinClassLoader.loadClass(BuiltinClassLoader.java:580)
	at java.base/java.lang.ClassLoader.loadClass(ClassLoader.java:502)
	at java.base/java.lang.Class.forName0(Native Method)
	at java.base/java.lang.Class.forName(Class.java:560)
	at org.springframework.boot.devtools.restart.classloader.RestartClassLoader.loadClass(RestartClassLoader.java:123)
	at java.base/java.lang.ClassLoader.loadClass(ClassLoader.java:502)
	... 50 common frames omitted
{"timestamp":"2026-09-13 11:49:41.915","level":"INFO","thread":"restartedMain","logger":"com.jimmy.portal.PortalApplication","message":"Starting PortalApplication using Java 26.0.2.1 with PID 284 (D:\job-portal-server\target\classes started by JIMMY in D:\job-portal-server)"}
{"timestamp":"2026-09-13 11:49:41.923","level":"INFO","thread":"restartedMain","logger":"com.jimmy.portal.PortalApplication","message":"No active profile set, falling back to 1 default profile: "default""}
{"timestamp":"2026-09-13 11:49:42.028","level":"INFO","thread":"restartedMain","logger":"o.s.b.d.c.l.DockerComposeLifecycleManager","message":"Using Docker Compose file D:\job-portal-server\compose.yml"}
{"timestamp":"2026-09-13 11:49:44.717","level":"INFO","thread":"restartedMain","logger":"o.s.b.d.c.l.DockerComposeLifecycleManager","message":"There are already Docker Compose services running, skipping startup"}
{"timestamp":"2026-09-13 11:49:51.207","level":"INFO","thread":"restartedMain","logger":"o.s.d.r.c.RepositoryConfigurationDelegate","message":"Bootstrapping Spring Data JPA repositories in DEFAULT mode."}
{"timestamp":"2026-09-13 11:49:51.723","level":"INFO","thread":"restartedMain","logger":"o.s.d.r.c.RepositoryConfigurationDelegate","message":"Finished Spring Data repository scanning in 501 ms. Found 4 JPA repository interfaces."}
{"timestamp":"2026-09-13 11:49:53.239","level":"INFO","thread":"restartedMain","logger":"o.s.boot.tomcat.TomcatWebServer","message":"Tomcat initialized with port 8000 (http)"}
{"timestamp":"2026-09-13 11:49:53.264","level":"INFO","thread":"restartedMain","logger":"o.a.coyote.http11.Http11NioProtocol","message":"Initializing ProtocolHandler ["http-nio-8000"]"}
{"timestamp":"2026-09-13 11:49:53.268","level":"INFO","thread":"restartedMain","logger":"o.a.catalina.core.StandardService","message":"Starting service [Tomcat]"}
{"timestamp":"2026-09-13 11:49:53.270","level":"INFO","thread":"restartedMain","logger":"o.a.catalina.core.StandardEngine","message":"Starting Servlet engine: [Apache Tomcat/11.0.22]"}
{"timestamp":"2026-09-13 11:49:53.465","level":"INFO","thread":"restartedMain","logger":"o.s.b.w.c.s.WebApplicationContextInitializer","message":"Root WebApplicationContext: initialization completed in 8728 ms"}
{"timestamp":"2026-09-13 11:49:54.160","level":"INFO","thread":"restartedMain","logger":"com.zaxxer.hikari.HikariDataSource","message":"HikariPool-13 - Starting..."}
{"timestamp":"2026-09-13 11:49:54.801","level":"INFO","thread":"restartedMain","logger":"com.zaxxer.hikari.pool.HikariPool","message":"HikariPool-13 - Added connection com.mysql.cj.jdbc.ConnectionImpl@2bd179a9"}
{"timestamp":"2026-09-13 11:49:54.806","level":"INFO","thread":"restartedMain","logger":"com.zaxxer.hikari.HikariDataSource","message":"HikariPool-13 - Start completed."}
{"timestamp":"2026-09-13 11:49:54.838","level":"INFO","thread":"restartedMain","logger":"org.hibernate.orm.jpa","message":"HHH008540: Processing PersistenceUnitInfo [name: default]"}
{"timestamp":"2026-09-13 11:49:55.501","level":"INFO","thread":"restartedMain","logger":"o.s.o.j.p.SpringPersistenceUnitInfo","message":"No LoadTimeWeaver setup: ignoring JPA class transformer"}
{"timestamp":"2026-09-13 11:49:55.586","level":"INFO","thread":"restartedMain","logger":"o.hibernate.orm.connections.pooling","message":"HHH10001005: Database info:
	Database JDBC URL [jdbc:mysql://127.0.0.1:3308/jobportal]
	Database driver: MySQL Connector/J
	Database dialect: MySQLDialect
	Database version: 9.1
	Default catalog/schema: jobportal/undefined
	Autocommit mode: undefined/unknown
	Isolation level: REPEATABLE_READ [default REPEATABLE_READ]
	JDBC fetch size: none
	Pool: DataSourceConnectionProvider
	Minimum pool size: undefined/unknown
	Maximum pool size: undefined/unknown"}
{"timestamp":"2026-09-13 11:49:56.942","level":"INFO","thread":"restartedMain","logger":"org.hibernate.orm.core","message":"HHH000489: No JTA platform available (set 'hibernate.transaction.jta.platform' to enable JTA platform integration)"}
{"timestamp":"2026-09-13 11:49:56.947","level":"INFO","thread":"restartedMain","logger":"o.s.o.j.LocalContainerEntityManagerFactoryBean","message":"Initialized JPA EntityManagerFactory for persistence unit 'default'"}
{"timestamp":"2026-09-13 11:49:58.545","level":"WARN","thread":"restartedMain","logger":"o.s.b.j.a.JpaBaseConfiguration$JpaWebConfiguration","message":"spring.jpa.open-in-view is enabled by default. Therefore, database queries may be performed during view rendering. Explicitly configure spring.jpa.open-in-view to disable this warning"}
{"timestamp":"2026-09-13 11:49:59.128","level":"INFO","thread":"restartedMain","logger":"o.s.s.c.a.a.c.InitializeAuthenticationProviderBeanManagerConfigurer$InitializeAuthenticationProviderManagerConfigurer","message":"Global AuthenticationManager configured with AuthenticationProvider bean with name jobPortalUsernamePwdAuthenticationProvider"}
{"timestamp":"2026-09-13 11:50:11.735","level":"INFO","thread":"restartedMain","logger":"o.a.coyote.http11.Http11NioProtocol","message":"Starting ProtocolHandler ["http-nio-8000"]"}
{"timestamp":"2026-09-13 11:50:12.464","level":"INFO","thread":"restartedMain","logger":"o.s.boot.tomcat.TomcatWebServer","message":"Tomcat started on port 8000 (http) with context path '/'"}
{"timestamp":"2026-09-13 11:50:12.510","level":"INFO","thread":"http-nio-8000-exec-2","logger":"o.a.c.c.C.[Tomcat].[localhost].[/]","message":"Initializing Spring DispatcherServlet 'dispatcherServlet'"}
{"timestamp":"2026-09-13 11:50:12.510","level":"INFO","thread":"http-nio-8000-exec-2","logger":"o.s.web.servlet.DispatcherServlet","message":"Initializing Servlet 'dispatcherServlet'"}
{"timestamp":"2026-09-13 11:50:12.512","level":"INFO","thread":"restartedMain","logger":"com.jimmy.portal.PortalApplication","message":"Started PortalApplication in 32.296 seconds (process running for 235750.23)"}
{"timestamp":"2026-09-13 11:50:12.521","level":"INFO","thread":"http-nio-8000-exec-2","logger":"o.s.web.servlet.DispatcherServlet","message":"Completed initialization in 11 ms"}
{"timestamp":"2026-09-13 11:50:12.522","level":"WARN","thread":"restartedMain","logger":"o.s.c.events.SpringDocAppInitializer","message":"SpringDoc /v3/api-docs endpoint is enabled by default. To disable it in production, set the property 'springdoc.api-docs.enabled=false'"}
{"timestamp":"2026-09-13 11:50:12.526","level":"WARN","thread":"restartedMain","logger":"o.s.c.events.SpringDocAppInitializer","message":"SpringDoc /swagger-ui.html endpoint is enabled by default. To disable it in production, set the property 'springdoc.swagger-ui.enabled=false'"}
{"timestamp":"2026-09-13 11:50:12.534","level":"INFO","thread":"restartedMain","logger":"o.s.b.d.a.ConditionEvaluationDeltaLoggingListener","message":"Condition evaluation unchanged"}
{"timestamp":"2026-09-13 11:50:12.621","level":"INFO","thread":"http-nio-8000-exec-2","logger":"c.j.p.logging.RequestLoggingFilter","message":"HTTP_REQUEST_STARTED method=GET uri=/api/companies/public"}
{"timestamp":"2026-09-13 11:50:14.679","level":"INFO","thread":"http-nio-8000-exec-1","logger":"c.j.p.logging.RequestLoggingFilter","message":"HTTP_REQUEST_STARTED method=GET uri=/api/companies/public"}
{"timestamp":"2026-09-13 11:50:16.441","level":"INFO","thread":"http-nio-8000-exec-2","logger":"c.j.p.logging.RequestLoggingFilter","message":"HTTP_REQUEST_COMPLETED method=GET uri=/api/companies/public status=200 durationMs=3820"}
{"timestamp":"2026-09-13 11:50:17.527","level":"INFO","thread":"http-nio-8000-exec-1","logger":"c.j.p.logging.RequestLoggingFilter","message":"HTTP_REQUEST_COMPLETED method=GET uri=/api/companies/public status=200 durationMs=2847"}
{"timestamp":"2026-09-13 11:50:21.185","level":"INFO","thread":"http-nio-8000-exec-4","logger":"c.j.p.logging.RequestLoggingFilter","message":"HTTP_REQUEST_STARTED method=POST uri=/api/auth/login/public"}
{"timestamp":"2026-09-13 11:50:21.312","level":"WARN","thread":"http-nio-8000-exec-4","logger":"o.s.w.s.m.m.a.ExceptionHandlerExceptionResolver","message":"Resolved [org.springframework.web.servlet.resource.NoResourceFoundException: No static resource api/auth/login/public for request '/api/auth/login/public'.]"}
{"timestamp":"2026-09-13 11:50:21.325","level":"ERROR","thread":"http-nio-8000-exec-4","logger":"c.j.p.logging.RequestLoggingFilter","message":"HTTP_REQUEST_COMPLETED method=POST uri=/api/auth/login/public status=500 durationMs=139"}
{"timestamp":"2026-09-13 11:51:19.102","level":"INFO","thread":"http-nio-8000-exec-6","logger":"c.j.p.logging.RequestLoggingFilter","message":"HTTP_REQUEST_STARTED method=POST uri=/api/auth/login/public"}
{"timestamp":"2026-09-13 11:51:19.150","level":"WARN","thread":"http-nio-8000-exec-6","logger":"o.s.w.s.m.m.a.ExceptionHandlerExceptionResolver","message":"Resolved [org.springframework.web.servlet.resource.NoResourceFoundException: No static resource api/auth/login/public for request '/api/auth/login/public'.]"}
{"timestamp":"2026-09-13 11:51:19.155","level":"ERROR","thread":"http-nio-8000-exec-6","logger":"c.j.p.logging.RequestLoggingFilter","message":"HTTP_REQUEST_COMPLETED method=POST uri=/api/auth/login/public status=500 durationMs=53"}
{"timestamp":"2026-09-13 11:51:43.372","level":"INFO","thread":"SpringApplicationShutdownHook","logger":"o.s.boot.tomcat.GracefulShutdown","message":"Commencing graceful shutdown. Waiting for active requests to complete"}
{"timestamp":"2026-09-13 11:51:43.405","level":"INFO","thread":"tomcat-shutdown","logger":"o.s.boot.tomcat.GracefulShutdown","message":"Graceful shutdown complete"}
{"timestamp":"2026-09-13 11:51:43.426","level":"INFO","thread":"SpringApplicationShutdownHook","logger":"o.s.o.j.LocalContainerEntityManagerFactoryBean","message":"Closing JPA EntityManagerFactory for persistence unit 'default'"}
{"timestamp":"2026-09-13 11:51:43.438","level":"INFO","thread":"SpringApplicationShutdownHook","logger":"com.zaxxer.hikari.HikariDataSource","message":"HikariPool-13 - Shutdown initiated..."}
{"timestamp":"2026-09-13 11:51:43.475","level":"INFO","thread":"SpringApplicationShutdownHook","logger":"com.zaxxer.hikari.HikariDataSource","message":"HikariPool-13 - Shutdown completed."}
{"timestamp":"2026-09-13 11:52:05.669","level":"INFO","thread":"restartedMain","logger":"com.jimmy.portal.PortalApplication","message":"Starting PortalApplication using Java 26.0.2.1 with PID 15332 (D:\job-portal-server\target\classes started by JIMMY in D:\job-portal-server)"}
{"timestamp":"2026-09-13 11:52:05.678","level":"INFO","thread":"restartedMain","logger":"com.jimmy.portal.PortalApplication","message":"No active profile set, falling back to 1 default profile: "default""}
{"timestamp":"2026-09-13 11:52:05.916","level":"INFO","thread":"restartedMain","logger":"o.s.b.d.c.l.DockerComposeLifecycleManager","message":"Using Docker Compose file D:\job-portal-server\compose.yml"}
{"timestamp":"2026-09-13 11:52:06.882","level":"INFO","thread":"background-preinit","logger":"o.h.validator.internal.util.Version","message":"HV000001: Hibernate Validator 9.1.0.Final"}
{"timestamp":"2026-09-13 11:52:09.136","level":"INFO","thread":"restartedMain","logger":"o.s.b.d.c.l.DockerComposeLifecycleManager","message":"There are already Docker Compose services running, skipping startup"}
{"timestamp":"2026-09-13 11:52:09.153","level":"INFO","thread":"restartedMain","logger":"o.s.b.d.e.DevToolsPropertyDefaultsPostProcessor","message":"Devtools property defaults active! Set 'spring.devtools.add-properties' to 'false' to disable"}
{"timestamp":"2026-09-13 11:52:09.154","level":"INFO","thread":"restartedMain","logger":"o.s.b.d.e.DevToolsPropertyDefaultsPostProcessor","message":"For additional web related logging consider setting the 'logging.level.web' property to 'DEBUG'"}
{"timestamp":"2026-09-13 11:52:11.856","level":"INFO","thread":"restartedMain","logger":"o.s.d.r.c.RepositoryConfigurationDelegate","message":"Bootstrapping Spring Data JPA repositories in DEFAULT mode."}
{"timestamp":"2026-09-13 11:52:12.040","level":"INFO","thread":"restartedMain","logger":"o.s.d.r.c.RepositoryConfigurationDelegate","message":"Finished Spring Data repository scanning in 163 ms. Found 4 JPA repository interfaces."}
{"timestamp":"2026-09-13 11:52:14.388","level":"INFO","thread":"restartedMain","logger":"o.s.boot.tomcat.TomcatWebServer","message":"Tomcat initialized with port 8000 (http)"}
{"timestamp":"2026-09-13 11:52:14.417","level":"INFO","thread":"restartedMain","logger":"o.a.coyote.http11.Http11NioProtocol","message":"Initializing ProtocolHandler ["http-nio-8000"]"}
{"timestamp":"2026-09-13 11:52:14.424","level":"INFO","thread":"restartedMain","logger":"o.a.catalina.core.StandardService","message":"Starting service [Tomcat]"}
{"timestamp":"2026-09-13 11:52:14.425","level":"INFO","thread":"restartedMain","logger":"o.a.catalina.core.StandardEngine","message":"Starting Servlet engine: [Apache Tomcat/11.0.22]"}
{"timestamp":"2026-09-13 11:52:14.552","level":"INFO","thread":"restartedMain","logger":"o.s.b.w.c.s.WebApplicationContextInitializer","message":"Root WebApplicationContext: initialization completed in 5395 ms"}
{"timestamp":"2026-09-13 11:52:15.350","level":"INFO","thread":"restartedMain","logger":"com.zaxxer.hikari.HikariDataSource","message":"HikariPool-1 - Starting..."}
{"timestamp":"2026-09-13 11:52:16.552","level":"INFO","thread":"restartedMain","logger":"com.zaxxer.hikari.pool.HikariPool","message":"HikariPool-1 - Added connection com.mysql.cj.jdbc.ConnectionImpl@4ce268e0"}
{"timestamp":"2026-09-13 11:52:16.559","level":"INFO","thread":"restartedMain","logger":"com.zaxxer.hikari.HikariDataSource","message":"HikariPool-1 - Start completed."}
{"timestamp":"2026-09-13 11:52:16.629","level":"INFO","thread":"restartedMain","logger":"org.hibernate.orm.jpa","message":"HHH008540: Processing PersistenceUnitInfo [name: default]"}
{"timestamp":"2026-09-13 11:52:16.942","level":"INFO","thread":"restartedMain","logger":"org.hibernate.orm.core","message":"HHH000001: Hibernate ORM core version 7.4.1.Final"}
{"timestamp":"2026-09-13 11:52:18.425","level":"INFO","thread":"restartedMain","logger":"o.s.o.j.p.SpringPersistenceUnitInfo","message":"No LoadTimeWeaver setup: ignoring JPA class transformer"}
{"timestamp":"2026-09-13 11:52:18.864","level":"INFO","thread":"restartedMain","logger":"o.hibernate.orm.connections.pooling","message":"HHH10001005: Database info:
	Database JDBC URL [jdbc:mysql://127.0.0.1:3308/jobportal]
	Database driver: MySQL Connector/J
	Database dialect: MySQLDialect
	Database version: 9.1
	Default catalog/schema: jobportal/undefined
	Autocommit mode: undefined/unknown
	Isolation level: REPEATABLE_READ [default REPEATABLE_READ]
	JDBC fetch size: none
	Pool: DataSourceConnectionProvider
	Minimum pool size: undefined/unknown
	Maximum pool size: undefined/unknown"}
{"timestamp":"2026-09-13 11:52:22.847","level":"INFO","thread":"restartedMain","logger":"org.hibernate.orm.core","message":"HHH000489: No JTA platform available (set 'hibernate.transaction.jta.platform' to enable JTA platform integration)"}
{"timestamp":"2026-09-13 11:52:22.873","level":"INFO","thread":"restartedMain","logger":"o.s.o.j.LocalContainerEntityManagerFactoryBean","message":"Initialized JPA EntityManagerFactory for persistence unit 'default'"}
{"timestamp":"2026-09-13 11:52:23.859","level":"INFO","thread":"restartedMain","logger":"o.s.d.j.r.q.QueryEnhancerFactories","message":"Hibernate is in classpath; If applicable, HQL parser will be used."}
{"timestamp":"2026-09-13 11:52:25.290","level":"WARN","thread":"restartedMain","logger":"o.s.b.j.a.JpaBaseConfiguration$JpaWebConfiguration","message":"spring.jpa.open-in-view is enabled by default. Therefore, database queries may be performed during view rendering. Explicitly configure spring.jpa.open-in-view to disable this warning"}
{"timestamp":"2026-09-13 11:52:25.662","level":"INFO","thread":"restartedMain","logger":"o.s.s.c.a.a.c.InitializeAuthenticationProviderBeanManagerConfigurer$InitializeAuthenticationProviderManagerConfigurer","message":"Global AuthenticationManager configured with AuthenticationProvider bean with name jobPortalUsernamePwdAuthenticationProvider"}
{"timestamp":"2026-09-13 11:52:28.106","level":"INFO","thread":"restartedMain","logger":"o.a.coyote.http11.Http11NioProtocol","message":"Starting ProtocolHandler ["http-nio-8000"]"}
{"timestamp":"2026-09-13 11:52:28.177","level":"INFO","thread":"restartedMain","logger":"o.s.boot.tomcat.TomcatWebServer","message":"Tomcat started on port 8000 (http) with context path '/'"}
{"timestamp":"2026-09-13 11:52:28.199","level":"INFO","thread":"restartedMain","logger":"com.jimmy.portal.PortalApplication","message":"Started PortalApplication in 23.938 seconds (process running for 29.287)"}
{"timestamp":"2026-09-13 11:52:28.208","level":"WARN","thread":"restartedMain","logger":"o.s.c.events.SpringDocAppInitializer","message":"SpringDoc /v3/api-docs endpoint is enabled by default. To disable it in production, set the property 'springdoc.api-docs.enabled=false'"}
{"timestamp":"2026-09-13 11:52:28.209","level":"WARN","thread":"restartedMain","logger":"o.s.c.events.SpringDocAppInitializer","message":"SpringDoc /swagger-ui.html endpoint is enabled by default. To disable it in production, set the property 'springdoc.swagger-ui.enabled=false'"}
{"timestamp":"2026-09-13 11:52:56.380","level":"INFO","thread":"http-nio-8000-exec-1","logger":"o.a.c.c.C.[Tomcat].[localhost].[/]","message":"Initializing Spring DispatcherServlet 'dispatcherServlet'"}
{"timestamp":"2026-09-13 11:52:56.382","level":"INFO","thread":"http-nio-8000-exec-1","logger":"o.s.web.servlet.DispatcherServlet","message":"Initializing Servlet 'dispatcherServlet'"}
{"timestamp":"2026-09-13 11:52:56.388","level":"INFO","thread":"http-nio-8000-exec-1","logger":"o.s.web.servlet.DispatcherServlet","message":"Completed initialization in 6 ms"}
{"timestamp":"2026-09-13 11:52:56.469","level":"INFO","thread":"http-nio-8000-exec-1","logger":"c.j.p.logging.RequestLoggingFilter","message":"HTTP_REQUEST_STARTED method=POST uri=/api/auth/login/public"}
{"timestamp":"2026-09-13 11:53:07.120","level":"INFO","thread":"http-nio-8000-exec-1","logger":"c.j.p.a.LoginSuccessAuditAspect","message":"✅ LOGIN SUCCESS | User: admin@gmail.com | Role: ROLE_ADMIN"}
{"timestamp":"2026-09-13 11:53:07.423","level":"INFO","thread":"http-nio-8000-exec-1","logger":"c.j.p.logging.RequestLoggingFilter","message":"HTTP_REQUEST_BODY payload={"username":"admin@gmail.com","password":"*****"}"}
{"timestamp":"2026-09-13 11:53:07.425","level":"INFO","thread":"http-nio-8000-exec-1","logger":"c.j.p.logging.RequestLoggingFilter","message":"HTTP_REQUEST_COMPLETED method=POST uri=/api/auth/login/public status=200 durationMs=10961"}
{"timestamp":"2026-09-13 11:53:13.137","level":"INFO","thread":"http-nio-8000-exec-2","logger":"c.j.p.logging.RequestLoggingFilter","message":"HTTP_REQUEST_STARTED method=POST uri=/api/auth/login/public"}
{"timestamp":"2026-09-13 11:53:13.454","level":"INFO","thread":"http-nio-8000-exec-2","logger":"c.j.p.a.LoginSuccessAuditAspect","message":"✅ LOGIN SUCCESS | User: praveen@gmail.com | Role: ROLE_JOB_SEEKER"}
{"timestamp":"2026-09-13 11:53:13.476","level":"INFO","thread":"http-nio-8000-exec-2","logger":"c.j.p.logging.RequestLoggingFilter","message":"HTTP_REQUEST_BODY payload={"username":"praveen@gmail.com","password":"*****"}"}
{"timestamp":"2026-09-13 11:53:13.486","level":"INFO","thread":"http-nio-8000-exec-2","logger":"c.j.p.logging.RequestLoggingFilter","message":"HTTP_REQUEST_COMPLETED method=POST uri=/api/auth/login/public status=200 durationMs=348"}
{"timestamp":"2026-09-13 11:53:28.241","level":"INFO","thread":"http-nio-8000-exec-3","logger":"c.j.p.logging.RequestLoggingFilter","message":"HTTP_REQUEST_STARTED method=POST uri=/api/auth/login/public"}
{"timestamp":"2026-09-13 11:53:28.584","level":"INFO","thread":"http-nio-8000-exec-3","logger":"c.j.p.a.LoginSuccessAuditAspect","message":"✅ LOGIN SUCCESS | User: praveen@gmail.com | Role: ROLE_JOB_SEEKER"}
{"timestamp":"2026-09-13 11:53:28.594","level":"INFO","thread":"http-nio-8000-exec-3","logger":"c.j.p.logging.RequestLoggingFilter","message":"HTTP_REQUEST_BODY payload={"username":"praveen@gmail.com","password":"*****"}"}
{"timestamp":"2026-09-13 11:53:28.598","level":"INFO","thread":"http-nio-8000-exec-3","logger":"c.j.p.logging.RequestLoggingFilter","message":"HTTP_REQUEST_COMPLETED method=POST uri=/api/auth/login/public status=200 durationMs=357"}
{"timestamp":"2026-09-13 11:55:06.295","level":"INFO","thread":"http-nio-8000-exec-7","logger":"c.j.p.logging.RequestLoggingFilter","message":"HTTP_REQUEST_STARTED method=GET uri=/api/companies/public"}
{"timestamp":"2026-09-13 11:55:06.295","level":"INFO","thread":"http-nio-8000-exec-6","logger":"c.j.p.logging.RequestLoggingFilter","message":"HTTP_REQUEST_STARTED method=GET uri=/api/companies/public"}
{"timestamp":"2026-09-13 11:55:10.801","level":"INFO","thread":"http-nio-8000-exec-6","logger":"c.j.p.logging.RequestLoggingFilter","message":"HTTP_REQUEST_COMPLETED method=GET uri=/api/companies/public status=200 durationMs=4510"}
{"timestamp":"2026-09-13 11:55:10.801","level":"INFO","thread":"http-nio-8000-exec-7","logger":"c.j.p.logging.RequestLoggingFilter","message":"HTTP_REQUEST_COMPLETED method=GET uri=/api/companies/public status=200 durationMs=4510"}
{"timestamp":"2026-09-13 11:55:28.795","level":"INFO","thread":"http-nio-8000-exec-9","logger":"c.j.p.logging.RequestLoggingFilter","message":"HTTP_REQUEST_STARTED method=POST uri=/api/auth/login/public"}
{"timestamp":"2026-09-13 11:55:29.141","level":"INFO","thread":"http-nio-8000-exec-9","logger":"c.j.p.a.LoginSuccessAuditAspect","message":"✅ LOGIN SUCCESS | User: admin@gmail.com | Role: ROLE_ADMIN"}
{"timestamp":"2026-09-13 11:55:29.157","level":"INFO","thread":"http-nio-8000-exec-9","logger":"c.j.p.logging.RequestLoggingFilter","message":"HTTP_REQUEST_BODY payload={"username":"admin@gmail.com","password":"*****"}"}
{"timestamp":"2026-09-13 11:55:29.158","level":"INFO","thread":"http-nio-8000-exec-9","logger":"c.j.p.logging.RequestLoggingFilter","message":"HTTP_REQUEST_COMPLETED method=POST uri=/api/auth/login/public status=200 durationMs=363"}
{"timestamp":"2026-09-13 11:55:58.527","level":"INFO","thread":"http-nio-8000-exec-2","logger":"c.j.p.logging.RequestLoggingFilter","message":"HTTP_REQUEST_STARTED method=GET uri=/api/admin/contacts/page"}
{"timestamp":"2026-09-13 11:55:58.527","level":"INFO","thread":"http-nio-8000-exec-3","logger":"c.j.p.logging.RequestLoggingFilter","message":"HTTP_REQUEST_STARTED method=GET uri=/api/admin/contacts/page"}
{"timestamp":"2026-09-13 11:55:58.619","level":"WARN","thread":"http-nio-8000-exec-2","logger":"o.s.w.s.m.m.a.ExceptionHandlerExceptionResolver","message":"Resolved [org.springframework.web.servlet.resource.NoResourceFoundException: No static resource api/admin/contacts/page for request '/api/admin/contacts/page'.]"}
{"timestamp":"2026-09-13 11:55:58.620","level":"WARN","thread":"http-nio-8000-exec-3","logger":"o.s.w.s.m.m.a.ExceptionHandlerExceptionResolver","message":"Resolved [org.springframework.web.servlet.resource.NoResourceFoundException: No static resource api/admin/contacts/page for request '/api/admin/contacts/page'.]"}
{"timestamp":"2026-09-13 11:55:58.621","level":"ERROR","thread":"http-nio-8000-exec-3","logger":"c.j.p.logging.RequestLoggingFilter","message":"HTTP_REQUEST_COMPLETED method=GET uri=/api/admin/contacts/page status=500 durationMs=90"}
{"timestamp":"2026-09-13 11:55:58.621","level":"ERROR","thread":"http-nio-8000-exec-2","logger":"c.j.p.logging.RequestLoggingFilter","message":"HTTP_REQUEST_COMPLETED method=GET uri=/api/admin/contacts/page status=500 durationMs=90"}
{"timestamp":"2026-09-13 12:05:07.038","level":"INFO","thread":"File Watcher","logger":"o.s.b.d.a.LocalDevToolsAutoConfiguration$RestartingClassPathChangeChangedEventListener","message":"Restarting due to 1 class path change (0 additions, 0 deletions, 1 modification)"}
{"timestamp":"2026-09-13 12:05:07.788","level":"INFO","thread":"Thread-1","logger":"o.s.boot.tomcat.GracefulShutdown","message":"Commencing graceful shutdown. Waiting for active requests to complete"}
{"timestamp":"2026-09-13 12:05:07.871","level":"INFO","thread":"tomcat-shutdown","logger":"o.a.coyote.http11.Http11NioProtocol","message":"Pausing ProtocolHandler ["http-nio-8000"]"}
{"timestamp":"2026-09-13 12:05:07.977","level":"INFO","thread":"tomcat-shutdown","logger":"o.s.boot.tomcat.GracefulShutdown","message":"Graceful shutdown complete"}
{"timestamp":"2026-09-13 12:05:07.990","level":"INFO","thread":"Thread-1","logger":"o.a.coyote.http11.Http11NioProtocol","message":"Stopping ProtocolHandler ["http-nio-8000"]"}
{"timestamp":"2026-09-13 12:05:08.269","level":"INFO","thread":"Thread-1","logger":"o.s.o.j.LocalContainerEntityManagerFactoryBean","message":"Closing JPA EntityManagerFactory for persistence unit 'default'"}
{"timestamp":"2026-09-13 12:05:08.656","level":"INFO","thread":"Thread-1","logger":"com.zaxxer.hikari.HikariDataSource","message":"HikariPool-1 - Shutdown initiated..."}
{"timestamp":"2026-09-13 12:05:08.811","level":"INFO","thread":"Thread-1","logger":"com.zaxxer.hikari.HikariDataSource","message":"HikariPool-1 - Shutdown completed."}
{"timestamp":"2026-09-13 12:05:12.230","level":"INFO","thread":"restartedMain","logger":"com.jimmy.portal.PortalApplication","message":"Starting PortalApplication using Java 26.0.2.1 with PID 15332 (D:\job-portal-server\target\classes started by JIMMY in D:\job-portal-server)"}
{"timestamp":"2026-09-13 12:05:12.232","level":"INFO","thread":"restartedMain","logger":"com.jimmy.portal.PortalApplication","message":"No active profile set, falling back to 1 default profile: "default""}
{"timestamp":"2026-09-13 12:05:12.265","level":"INFO","thread":"restartedMain","logger":"o.s.b.d.c.l.DockerComposeLifecycleManager","message":"Using Docker Compose file D:\job-portal-server\compose.yml"}
{"timestamp":"2026-09-13 12:05:16.504","level":"INFO","thread":"restartedMain","logger":"o.s.b.d.c.l.DockerComposeLifecycleManager","message":"There are already Docker Compose services running, skipping startup"}
{"timestamp":"2026-09-13 12:05:18.620","level":"INFO","thread":"restartedMain","logger":"o.s.d.r.c.RepositoryConfigurationDelegate","message":"Bootstrapping Spring Data JPA repositories in DEFAULT mode."}
{"timestamp":"2026-09-13 12:05:18.761","level":"INFO","thread":"restartedMain","logger":"o.s.d.r.c.RepositoryConfigurationDelegate","message":"Finished Spring Data repository scanning in 128 ms. Found 4 JPA repository interfaces."}
{"timestamp":"2026-09-13 12:05:19.848","level":"INFO","thread":"restartedMain","logger":"o.s.boot.tomcat.TomcatWebServer","message":"Tomcat initialized with port 8000 (http)"}
{"timestamp":"2026-09-13 12:05:19.856","level":"INFO","thread":"restartedMain","logger":"o.a.coyote.http11.Http11NioProtocol","message":"Initializing ProtocolHandler ["http-nio-8000"]"}
{"timestamp":"2026-09-13 12:05:19.857","level":"INFO","thread":"restartedMain","logger":"o.a.catalina.core.StandardService","message":"Starting service [Tomcat]"}
{"timestamp":"2026-09-13 12:05:19.858","level":"INFO","thread":"restartedMain","logger":"o.a.catalina.core.StandardEngine","message":"Starting Servlet engine: [Apache Tomcat/11.0.22]"}
{"timestamp":"2026-09-13 12:05:19.973","level":"INFO","thread":"restartedMain","logger":"o.s.b.w.c.s.WebApplicationContextInitializer","message":"Root WebApplicationContext: initialization completed in 3446 ms"}
{"timestamp":"2026-09-13 12:05:20.801","level":"INFO","thread":"restartedMain","logger":"com.zaxxer.hikari.HikariDataSource","message":"HikariPool-2 - Starting..."}
{"timestamp":"2026-09-13 12:05:21.138","level":"INFO","thread":"restartedMain","logger":"com.zaxxer.hikari.pool.HikariPool","message":"HikariPool-2 - Added connection com.mysql.cj.jdbc.ConnectionImpl@79f01d3f"}
{"timestamp":"2026-09-13 12:05:21.139","level":"INFO","thread":"restartedMain","logger":"com.zaxxer.hikari.HikariDataSource","message":"HikariPool-2 - Start completed."}
{"timestamp":"2026-09-13 12:05:21.146","level":"INFO","thread":"restartedMain","logger":"org.hibernate.orm.jpa","message":"HHH008540: Processing PersistenceUnitInfo [name: default]"}
{"timestamp":"2026-09-13 12:05:21.301","level":"INFO","thread":"restartedMain","logger":"o.s.o.j.p.SpringPersistenceUnitInfo","message":"No LoadTimeWeaver setup: ignoring JPA class transformer"}
{"timestamp":"2026-09-13 12:05:21.322","level":"INFO","thread":"restartedMain","logger":"o.hibernate.orm.connections.pooling","message":"HHH10001005: Database info:
	Database JDBC URL [jdbc:mysql://127.0.0.1:3308/jobportal]
	Database driver: MySQL Connector/J
	Database dialect: MySQLDialect
	Database version: 9.1
	Default catalog/schema: jobportal/undefined
	Autocommit mode: undefined/unknown
	Isolation level: REPEATABLE_READ [default REPEATABLE_READ]
	JDBC fetch size: none
	Pool: DataSourceConnectionProvider
	Minimum pool size: undefined/unknown
	Maximum pool size: undefined/unknown"}
{"timestamp":"2026-09-13 12:05:22.629","level":"INFO","thread":"restartedMain","logger":"org.hibernate.orm.core","message":"HHH000489: No JTA platform available (set 'hibernate.transaction.jta.platform' to enable JTA platform integration)"}
{"timestamp":"2026-09-13 12:05:22.632","level":"INFO","thread":"restartedMain","logger":"o.s.o.j.LocalContainerEntityManagerFactoryBean","message":"Initialized JPA EntityManagerFactory for persistence unit 'default'"}
{"timestamp":"2026-09-13 12:05:23.951","level":"WARN","thread":"restartedMain","logger":"o.s.b.j.a.JpaBaseConfiguration$JpaWebConfiguration","message":"spring.jpa.open-in-view is enabled by default. Therefore, database queries may be performed during view rendering. Explicitly configure spring.jpa.open-in-view to disable this warning"}
{"timestamp":"2026-09-13 12:05:24.276","level":"INFO","thread":"restartedMain","logger":"o.s.s.c.a.a.c.InitializeAuthenticationProviderBeanManagerConfigurer$InitializeAuthenticationProviderManagerConfigurer","message":"Global AuthenticationManager configured with AuthenticationProvider bean with name jobPortalUsernamePwdAuthenticationProvider"}
{"timestamp":"2026-09-13 12:05:25.617","level":"INFO","thread":"restartedMain","logger":"o.a.coyote.http11.Http11NioProtocol","message":"Starting ProtocolHandler ["http-nio-8000"]"}
{"timestamp":"2026-09-13 12:05:25.626","level":"INFO","thread":"restartedMain","logger":"o.s.boot.tomcat.TomcatWebServer","message":"Tomcat started on port 8000 (http) with context path '/'"}
{"timestamp":"2026-09-13 12:05:25.637","level":"INFO","thread":"restartedMain","logger":"com.jimmy.portal.PortalApplication","message":"Started PortalApplication in 14.25 seconds (process running for 806.725)"}
{"timestamp":"2026-09-13 12:05:25.640","level":"WARN","thread":"restartedMain","logger":"o.s.c.events.SpringDocAppInitializer","message":"SpringDoc /v3/api-docs endpoint is enabled by default. To disable it in production, set the property 'springdoc.api-docs.enabled=false'"}
{"timestamp":"2026-09-13 12:05:25.640","level":"WARN","thread":"restartedMain","logger":"o.s.c.events.SpringDocAppInitializer","message":"SpringDoc /swagger-ui.html endpoint is enabled by default. To disable it in production, set the property 'springdoc.swagger-ui.enabled=false'"}
{"timestamp":"2026-09-13 12:05:25.644","level":"INFO","thread":"restartedMain","logger":"o.s.b.d.a.ConditionEvaluationDeltaLoggingListener","message":"Condition evaluation unchanged"}
{"timestamp":"2026-09-13 12:05:26.914","level":"INFO","thread":"File Watcher","logger":"o.s.b.d.a.LocalDevToolsAutoConfiguration$RestartingClassPathChangeChangedEventListener","message":"Restarting due to 2 class path changes (0 additions, 1 deletion, 1 modification)"}
{"timestamp":"2026-09-13 12:05:26.917","level":"INFO","thread":"Thread-17","logger":"o.s.boot.tomcat.GracefulShutdown","message":"Commencing graceful shutdown. Waiting for active requests to complete"}
{"timestamp":"2026-09-13 12:05:26.919","level":"INFO","thread":"tomcat-shutdown","logger":"o.a.coyote.http11.Http11NioProtocol","message":"Pausing ProtocolHandler ["http-nio-8000"]"}
{"timestamp":"2026-09-13 12:05:26.942","level":"INFO","thread":"tomcat-shutdown","logger":"o.s.boot.tomcat.GracefulShutdown","message":"Graceful shutdown complete"}
{"timestamp":"2026-09-13 12:05:26.943","level":"INFO","thread":"Thread-17","logger":"o.a.coyote.http11.Http11NioProtocol","message":"Stopping ProtocolHandler ["http-nio-8000"]"}
{"timestamp":"2026-09-13 12:05:26.952","level":"INFO","thread":"Thread-17","logger":"o.s.o.j.LocalContainerEntityManagerFactoryBean","message":"Closing JPA EntityManagerFactory for persistence unit 'default'"}
{"timestamp":"2026-09-13 12:05:26.954","level":"INFO","thread":"Thread-17","logger":"com.zaxxer.hikari.HikariDataSource","message":"HikariPool-2 - Shutdown initiated..."}
{"timestamp":"2026-09-13 12:05:26.972","level":"INFO","thread":"Thread-17","logger":"com.zaxxer.hikari.HikariDataSource","message":"HikariPool-2 - Shutdown completed."}
{"timestamp":"2026-09-13 12:05:27.375","level":"INFO","thread":"restartedMain","logger":"com.jimmy.portal.PortalApplication","message":"Starting PortalApplication using Java 26.0.2.1 with PID 15332 (D:\job-portal-server\target\classes started by JIMMY in D:\job-portal-server)"}
{"timestamp":"2026-09-13 12:05:27.376","level":"INFO","thread":"restartedMain","logger":"com.jimmy.portal.PortalApplication","message":"No active profile set, falling back to 1 default profile: "default""}
{"timestamp":"2026-09-13 12:05:27.386","level":"INFO","thread":"restartedMain","logger":"o.s.b.d.c.l.DockerComposeLifecycleManager","message":"Using Docker Compose file D:\job-portal-server\compose.yml"}
{"timestamp":"2026-09-13 12:05:29.603","level":"INFO","thread":"restartedMain","logger":"o.s.b.d.c.l.DockerComposeLifecycleManager","message":"There are already Docker Compose services running, skipping startup"}
{"timestamp":"2026-09-13 12:05:30.625","level":"INFO","thread":"restartedMain","logger":"o.s.d.r.c.RepositoryConfigurationDelegate","message":"Bootstrapping Spring Data JPA repositories in DEFAULT mode."}
{"timestamp":"2026-09-13 12:05:30.692","level":"INFO","thread":"restartedMain","logger":"o.s.d.r.c.RepositoryConfigurationDelegate","message":"Finished Spring Data repository scanning in 61 ms. Found 4 JPA repository interfaces."}
{"timestamp":"2026-09-13 12:05:31.215","level":"INFO","thread":"restartedMain","logger":"o.s.boot.tomcat.TomcatWebServer","message":"Tomcat initialized with port 8000 (http)"}
{"timestamp":"2026-09-13 12:05:31.219","level":"INFO","thread":"restartedMain","logger":"o.a.coyote.http11.Http11NioProtocol","message":"Initializing ProtocolHandler ["http-nio-8000"]"}
{"timestamp":"2026-09-13 12:05:31.220","level":"INFO","thread":"restartedMain","logger":"o.a.catalina.core.StandardService","message":"Starting service [Tomcat]"}
{"timestamp":"2026-09-13 12:05:31.220","level":"INFO","thread":"restartedMain","logger":"o.a.catalina.core.StandardEngine","message":"Starting Servlet engine: [Apache Tomcat/11.0.22]"}
{"timestamp":"2026-09-13 12:05:31.463","level":"INFO","thread":"restartedMain","logger":"o.s.b.w.c.s.WebApplicationContextInitializer","message":"Root WebApplicationContext: initialization completed in 1858 ms"}
{"timestamp":"2026-09-13 12:05:31.753","level":"INFO","thread":"restartedMain","logger":"com.zaxxer.hikari.HikariDataSource","message":"HikariPool-3 - Starting..."}
{"timestamp":"2026-09-13 12:05:31.815","level":"INFO","thread":"restartedMain","logger":"com.zaxxer.hikari.pool.HikariPool","message":"HikariPool-3 - Added connection com.mysql.cj.jdbc.ConnectionImpl@47844782"}
{"timestamp":"2026-09-13 12:05:31.815","level":"INFO","thread":"restartedMain","logger":"com.zaxxer.hikari.HikariDataSource","message":"HikariPool-3 - Start completed."}
{"timestamp":"2026-09-13 12:05:31.817","level":"INFO","thread":"restartedMain","logger":"org.hibernate.orm.jpa","message":"HHH008540: Processing PersistenceUnitInfo [name: default]"}
{"timestamp":"2026-09-13 12:05:31.872","level":"INFO","thread":"restartedMain","logger":"o.s.o.j.p.SpringPersistenceUnitInfo","message":"No LoadTimeWeaver setup: ignoring JPA class transformer"}
{"timestamp":"2026-09-13 12:05:31.883","level":"INFO","thread":"restartedMain","logger":"o.hibernate.orm.connections.pooling","message":"HHH10001005: Database info:
	Database JDBC URL [jdbc:mysql://127.0.0.1:3308/jobportal]
	Database driver: MySQL Connector/J
	Database dialect: MySQLDialect
	Database version: 9.1
	Default catalog/schema: jobportal/undefined
	Autocommit mode: undefined/unknown
	Isolation level: REPEATABLE_READ [default REPEATABLE_READ]
	JDBC fetch size: none
	Pool: DataSourceConnectionProvider
	Minimum pool size: undefined/unknown
	Maximum pool size: undefined/unknown"}
{"timestamp":"2026-09-13 12:05:33.353","level":"INFO","thread":"restartedMain","logger":"org.hibernate.orm.core","message":"HHH000489: No JTA platform available (set 'hibernate.transaction.jta.platform' to enable JTA platform integration)"}
{"timestamp":"2026-09-13 12:05:33.364","level":"INFO","thread":"restartedMain","logger":"o.s.o.j.LocalContainerEntityManagerFactoryBean","message":"Initialized JPA EntityManagerFactory for persistence unit 'default'"}
{"timestamp":"2026-09-13 12:05:34.512","level":"WARN","thread":"restartedMain","logger":"o.s.b.j.a.JpaBaseConfiguration$JpaWebConfiguration","message":"spring.jpa.open-in-view is enabled by default. Therefore, database queries may be performed during view rendering. Explicitly configure spring.jpa.open-in-view to disable this warning"}
{"timestamp":"2026-09-13 12:05:34.765","level":"INFO","thread":"restartedMain","logger":"o.s.s.c.a.a.c.InitializeAuthenticationProviderBeanManagerConfigurer$InitializeAuthenticationProviderManagerConfigurer","message":"Global AuthenticationManager configured with AuthenticationProvider bean with name jobPortalUsernamePwdAuthenticationProvider"}
{"timestamp":"2026-09-13 12:05:36.086","level":"INFO","thread":"restartedMain","logger":"o.a.coyote.http11.Http11NioProtocol","message":"Starting ProtocolHandler ["http-nio-8000"]"}
{"timestamp":"2026-09-13 12:05:36.102","level":"INFO","thread":"restartedMain","logger":"o.s.boot.tomcat.TomcatWebServer","message":"Tomcat started on port 8000 (http) with context path '/'"}
{"timestamp":"2026-09-13 12:05:36.111","level":"INFO","thread":"restartedMain","logger":"com.jimmy.portal.PortalApplication","message":"Started PortalApplication in 8.821 seconds (process running for 817.199)"}
{"timestamp":"2026-09-13 12:05:36.116","level":"WARN","thread":"restartedMain","logger":"o.s.c.events.SpringDocAppInitializer","message":"SpringDoc /v3/api-docs endpoint is enabled by default. To disable it in production, set the property 'springdoc.api-docs.enabled=false'"}
{"timestamp":"2026-09-13 12:05:36.120","level":"WARN","thread":"restartedMain","logger":"o.s.c.events.SpringDocAppInitializer","message":"SpringDoc /swagger-ui.html endpoint is enabled by default. To disable it in production, set the property 'springdoc.swagger-ui.enabled=false'"}
{"timestamp":"2026-09-13 12:05:36.123","level":"INFO","thread":"restartedMain","logger":"o.s.b.d.a.ConditionEvaluationDeltaLoggingListener","message":"Condition evaluation unchanged"}
{"timestamp":"2026-09-13 12:19:17.043","level":"INFO","thread":"http-nio-8000-exec-1","logger":"o.a.c.c.C.[Tomcat].[localhost].[/]","message":"Initializing Spring DispatcherServlet 'dispatcherServlet'"}
{"timestamp":"2026-09-13 12:19:17.098","level":"INFO","thread":"http-nio-8000-exec-1","logger":"o.s.web.servlet.DispatcherServlet","message":"Initializing Servlet 'dispatcherServlet'"}
{"timestamp":"2026-09-13 12:19:18.055","level":"INFO","thread":"http-nio-8000-exec-1","logger":"o.s.web.servlet.DispatcherServlet","message":"Completed initialization in 947 ms"}
{"timestamp":"2026-09-13 12:19:19.312","level":"WARN","thread":"http-nio-8000-exec-1","logger":"o.a.c.util.SessionIdGeneratorBase","message":"Creation of SecureRandom instance for session ID generation using [SHA1PRNG] took [165] milliseconds."}
{"timestamp":"2026-09-13 12:24:26.731","level":"INFO","thread":"File Watcher","logger":"o.s.b.d.a.LocalDevToolsAutoConfiguration$RestartingClassPathChangeChangedEventListener","message":"Restarting due to 5 class path changes (0 additions, 5 deletions, 0 modifications)"}
{"timestamp":"2026-09-13 12:24:26.855","level":"INFO","thread":"Thread-29","logger":"o.s.boot.tomcat.GracefulShutdown","message":"Commencing graceful shutdown. Waiting for active requests to complete"}
{"timestamp":"2026-09-13 12:24:26.881","level":"INFO","thread":"tomcat-shutdown","logger":"o.a.coyote.http11.Http11NioProtocol","message":"Pausing ProtocolHandler ["http-nio-8000"]"}
{"timestamp":"2026-09-13 12:24:26.928","level":"INFO","thread":"tomcat-shutdown","logger":"o.s.boot.tomcat.GracefulShutdown","message":"Graceful shutdown complete"}
{"timestamp":"2026-09-13 12:24:26.939","level":"INFO","thread":"Thread-29","logger":"o.a.coyote.http11.Http11NioProtocol","message":"Stopping ProtocolHandler ["http-nio-8000"]"}
{"timestamp":"2026-09-13 12:24:27.013","level":"INFO","thread":"Thread-29","logger":"o.s.o.j.LocalContainerEntityManagerFactoryBean","message":"Closing JPA EntityManagerFactory for persistence unit 'default'"}
{"timestamp":"2026-09-13 12:24:27.105","level":"INFO","thread":"Thread-29","logger":"com.zaxxer.hikari.HikariDataSource","message":"HikariPool-3 - Shutdown initiated..."}
{"timestamp":"2026-09-13 12:24:27.162","level":"INFO","thread":"Thread-29","logger":"com.zaxxer.hikari.HikariDataSource","message":"HikariPool-3 - Shutdown completed."}
{"timestamp":"2026-09-13 12:24:29.981","level":"INFO","thread":"restartedMain","logger":"com.jimmy.portal.PortalApplication","message":"Starting PortalApplication using Java 26.0.2.1 with PID 15332 (D:\job-portal-server\target\classes started by JIMMY in D:\job-portal-server)"}
{"timestamp":"2026-09-13 12:24:29.982","level":"INFO","thread":"restartedMain","logger":"com.jimmy.portal.PortalApplication","message":"No active profile set, falling back to 1 default profile: "default""}
{"timestamp":"2026-09-13 12:24:30.001","level":"INFO","thread":"restartedMain","logger":"o.s.b.d.c.l.DockerComposeLifecycleManager","message":"Using Docker Compose file D:\job-portal-server\compose.yml"}
{"timestamp":"2026-09-13 12:24:31.917","level":"INFO","thread":"restartedMain","logger":"o.s.b.d.c.l.DockerComposeLifecycleManager","message":"There are already Docker Compose services running, skipping startup"}
{"timestamp":"2026-09-13 12:24:33.574","level":"INFO","thread":"restartedMain","logger":"o.s.d.r.c.RepositoryConfigurationDelegate","message":"Bootstrapping Spring Data JPA repositories in DEFAULT mode."}
{"timestamp":"2026-09-13 12:24:33.627","level":"INFO","thread":"restartedMain","logger":"o.s.d.r.c.RepositoryConfigurationDelegate","message":"Finished Spring Data repository scanning in 50 ms. Found 3 JPA repository interfaces."}
{"timestamp":"2026-09-13 12:24:34.367","level":"INFO","thread":"restartedMain","logger":"o.s.boot.tomcat.TomcatWebServer","message":"Tomcat initialized with port 8000 (http)"}
{"timestamp":"2026-09-13 12:24:34.378","level":"INFO","thread":"restartedMain","logger":"o.a.coyote.http11.Http11NioProtocol","message":"Initializing ProtocolHandler ["http-nio-8000"]"}
{"timestamp":"2026-09-13 12:24:34.379","level":"INFO","thread":"restartedMain","logger":"o.a.catalina.core.StandardService","message":"Starting service [Tomcat]"}
{"timestamp":"2026-09-13 12:24:34.380","level":"INFO","thread":"restartedMain","logger":"o.a.catalina.core.StandardEngine","message":"Starting Servlet engine: [Apache Tomcat/11.0.22]"}
{"timestamp":"2026-09-13 12:24:34.489","level":"INFO","thread":"restartedMain","logger":"o.s.b.w.c.s.WebApplicationContextInitializer","message":"Root WebApplicationContext: initialization completed in 2571 ms"}
{"timestamp":"2026-09-13 12:24:35.004","level":"INFO","thread":"restartedMain","logger":"com.zaxxer.hikari.HikariDataSource","message":"HikariPool-4 - Starting..."}
{"timestamp":"2026-09-13 12:24:35.263","level":"INFO","thread":"restartedMain","logger":"com.zaxxer.hikari.pool.HikariPool","message":"HikariPool-4 - Added connection com.mysql.cj.jdbc.ConnectionImpl@de21532"}
{"timestamp":"2026-09-13 12:24:35.264","level":"INFO","thread":"restartedMain","logger":"com.zaxxer.hikari.HikariDataSource","message":"HikariPool-4 - Start completed."}
{"timestamp":"2026-09-13 12:24:35.268","level":"INFO","thread":"restartedMain","logger":"org.hibernate.orm.jpa","message":"HHH008540: Processing PersistenceUnitInfo [name: default]"}
{"timestamp":"2026-09-13 12:24:35.340","level":"INFO","thread":"restartedMain","logger":"o.s.o.j.p.SpringPersistenceUnitInfo","message":"No LoadTimeWeaver setup: ignoring JPA class transformer"}
{"timestamp":"2026-09-13 12:24:35.355","level":"INFO","thread":"restartedMain","logger":"o.hibernate.orm.connections.pooling","message":"HHH10001005: Database info:
	Database JDBC URL [jdbc:mysql://127.0.0.1:3308/jobportal]
	Database driver: MySQL Connector/J
	Database dialect: MySQLDialect
	Database version: 9.1
	Default catalog/schema: jobportal/undefined
	Autocommit mode: undefined/unknown
	Isolation level: REPEATABLE_READ [default REPEATABLE_READ]
	JDBC fetch size: none
	Pool: DataSourceConnectionProvider
	Minimum pool size: undefined/unknown
	Maximum pool size: undefined/unknown"}
{"timestamp":"2026-09-13 12:24:35.901","level":"INFO","thread":"restartedMain","logger":"org.hibernate.orm.core","message":"HHH000489: No JTA platform available (set 'hibernate.transaction.jta.platform' to enable JTA platform integration)"}
{"timestamp":"2026-09-13 12:24:35.904","level":"INFO","thread":"restartedMain","logger":"o.s.o.j.LocalContainerEntityManagerFactoryBean","message":"Initialized JPA EntityManagerFactory for persistence unit 'default'"}
{"timestamp":"2026-09-13 12:24:35.966","level":"WARN","thread":"restartedMain","logger":"o.s.b.w.s.s.c.AnnotationConfigServletWebServerApplicationContext","message":"Exception encountered during context initialization - cancelling refresh attempt: org.springframework.beans.factory.UnsatisfiedDependencyException: Error creating bean with name 'registerValidationAspect' defined in file [D:\job-portal-server\target\classes\com\jimmy\portal\aspects\RegisterValidationAspect.class]: Unsatisfied dependency expressed through constructor parameter 0: No qualifying bean of type 'org.springframework.security.authentication.password.CompromisedPasswordChecker' available: expected at least 1 bean which qualifies as autowire candidate. Dependency annotations: {}"}
{"timestamp":"2026-09-13 12:24:35.967","level":"INFO","thread":"restartedMain","logger":"o.s.o.j.LocalContainerEntityManagerFactoryBean","message":"Closing JPA EntityManagerFactory for persistence unit 'default'"}
{"timestamp":"2026-09-13 12:24:35.969","level":"INFO","thread":"restartedMain","logger":"com.zaxxer.hikari.HikariDataSource","message":"HikariPool-4 - Shutdown initiated..."}
{"timestamp":"2026-09-13 12:24:36.006","level":"INFO","thread":"restartedMain","logger":"com.zaxxer.hikari.HikariDataSource","message":"HikariPool-4 - Shutdown completed."}
{"timestamp":"2026-09-13 12:24:36.009","level":"INFO","thread":"restartedMain","logger":"o.a.catalina.core.StandardService","message":"Stopping service [Tomcat]"}
{"timestamp":"2026-09-13 12:24:36.031","level":"INFO","thread":"restartedMain","logger":"o.s.b.a.l.ConditionEvaluationReportLogger","message":"

Error starting ApplicationContext. To display the condition evaluation report re-run your application with 'debug' enabled."}
{"timestamp":"2026-09-13 12:24:36.104","level":"ERROR","thread":"restartedMain","logger":"o.s.b.d.LoggingFailureAnalysisReporter","message":"

***************************
APPLICATION FAILED TO START
***************************

Description:

Parameter 0 of constructor in com.jimmy.portal.aspects.RegisterValidationAspect required a bean of type 'org.springframework.security.authentication.password.CompromisedPasswordChecker' that could not be found.


Action:

Consider defining a bean of type 'org.springframework.security.authentication.password.CompromisedPasswordChecker' in your configuration.
"}
{"timestamp":"2026-09-13 12:24:40.704","level":"INFO","thread":"restartedMain","logger":"com.jimmy.portal.PortalApplication","message":"Starting PortalApplication using Java 26.0.2.1 with PID 15332 (D:\job-portal-server\target\classes started by JIMMY in D:\job-portal-server)"}
{"timestamp":"2026-09-13 12:24:40.704","level":"INFO","thread":"restartedMain","logger":"com.jimmy.portal.PortalApplication","message":"No active profile set, falling back to 1 default profile: "default""}
{"timestamp":"2026-09-13 12:24:40.714","level":"INFO","thread":"restartedMain","logger":"o.s.b.d.c.l.DockerComposeLifecycleManager","message":"Using Docker Compose file D:\job-portal-server\compose.yml"}
{"timestamp":"2026-09-13 12:24:43.839","level":"INFO","thread":"restartedMain","logger":"o.s.b.d.c.l.DockerComposeLifecycleManager","message":"There are already Docker Compose services running, skipping startup"}
{"timestamp":"2026-09-13 12:24:45.054","level":"INFO","thread":"restartedMain","logger":"o.s.d.r.c.RepositoryConfigurationDelegate","message":"Bootstrapping Spring Data JPA repositories in DEFAULT mode."}
{"timestamp":"2026-09-13 12:24:45.107","level":"INFO","thread":"restartedMain","logger":"o.s.d.r.c.RepositoryConfigurationDelegate","message":"Finished Spring Data repository scanning in 50 ms. Found 4 JPA repository interfaces."}
{"timestamp":"2026-09-13 12:24:45.509","level":"INFO","thread":"restartedMain","logger":"o.s.boot.tomcat.TomcatWebServer","message":"Tomcat initialized with port 8000 (http)"}
{"timestamp":"2026-09-13 12:24:45.513","level":"INFO","thread":"restartedMain","logger":"o.a.coyote.http11.Http11NioProtocol","message":"Initializing ProtocolHandler ["http-nio-8000"]"}
{"timestamp":"2026-09-13 12:24:45.514","level":"INFO","thread":"restartedMain","logger":"o.a.catalina.core.StandardService","message":"Starting service [Tomcat]"}
{"timestamp":"2026-09-13 12:24:45.515","level":"INFO","thread":"restartedMain","logger":"o.a.catalina.core.StandardEngine","message":"Starting Servlet engine: [Apache Tomcat/11.0.22]"}
{"timestamp":"2026-09-13 12:24:45.564","level":"INFO","thread":"restartedMain","logger":"o.s.b.w.c.s.WebApplicationContextInitializer","message":"Root WebApplicationContext: initialization completed in 1723 ms"}
{"timestamp":"2026-09-13 12:24:45.891","level":"INFO","thread":"restartedMain","logger":"com.zaxxer.hikari.HikariDataSource","message":"HikariPool-5 - Starting..."}
{"timestamp":"2026-09-13 12:24:45.965","level":"INFO","thread":"restartedMain","logger":"com.zaxxer.hikari.pool.HikariPool","message":"HikariPool-5 - Added connection com.mysql.cj.jdbc.ConnectionImpl@66de4fcb"}
{"timestamp":"2026-09-13 12:24:45.965","level":"INFO","thread":"restartedMain","logger":"com.zaxxer.hikari.HikariDataSource","message":"HikariPool-5 - Start completed."}
{"timestamp":"2026-09-13 12:24:45.968","level":"INFO","thread":"restartedMain","logger":"org.hibernate.orm.jpa","message":"HHH008540: Processing PersistenceUnitInfo [name: default]"}
{"timestamp":"2026-09-13 12:24:46.051","level":"INFO","thread":"restartedMain","logger":"o.s.o.j.p.SpringPersistenceUnitInfo","message":"No LoadTimeWeaver setup: ignoring JPA class transformer"}
{"timestamp":"2026-09-13 12:24:46.065","level":"INFO","thread":"restartedMain","logger":"o.hibernate.orm.connections.pooling","message":"HHH10001005: Database info:
	Database JDBC URL [jdbc:mysql://127.0.0.1:3308/jobportal]
	Database driver: MySQL Connector/J
	Database dialect: MySQLDialect
	Database version: 9.1
	Default catalog/schema: jobportal/undefined
	Autocommit mode: undefined/unknown
	Isolation level: REPEATABLE_READ [default REPEATABLE_READ]
	JDBC fetch size: none
	Pool: DataSourceConnectionProvider
	Minimum pool size: undefined/unknown
	Maximum pool size: undefined/unknown"}
{"timestamp":"2026-09-13 12:24:46.588","level":"INFO","thread":"restartedMain","logger":"org.hibernate.orm.core","message":"HHH000489: No JTA platform available (set 'hibernate.transaction.jta.platform' to enable JTA platform integration)"}
{"timestamp":"2026-09-13 12:24:46.592","level":"INFO","thread":"restartedMain","logger":"o.s.o.j.LocalContainerEntityManagerFactoryBean","message":"Initialized JPA EntityManagerFactory for persistence unit 'default'"}
{"timestamp":"2026-09-13 12:24:47.639","level":"WARN","thread":"restartedMain","logger":"o.s.b.j.a.JpaBaseConfiguration$JpaWebConfiguration","message":"spring.jpa.open-in-view is enabled by default. Therefore, database queries may be performed during view rendering. Explicitly configure spring.jpa.open-in-view to disable this warning"}
{"timestamp":"2026-09-13 12:24:47.891","level":"INFO","thread":"restartedMain","logger":"o.s.s.c.a.a.c.InitializeAuthenticationProviderBeanManagerConfigurer$InitializeAuthenticationProviderManagerConfigurer","message":"Global AuthenticationManager configured with AuthenticationProvider bean with name jobPortalUsernamePwdAuthenticationProvider"}
{"timestamp":"2026-09-13 12:24:49.203","level":"INFO","thread":"restartedMain","logger":"o.a.coyote.http11.Http11NioProtocol","message":"Starting ProtocolHandler ["http-nio-8000"]"}
{"timestamp":"2026-09-13 12:24:49.212","level":"INFO","thread":"restartedMain","logger":"o.s.boot.tomcat.TomcatWebServer","message":"Tomcat started on port 8000 (http) with context path '/'"}
{"timestamp":"2026-09-13 12:24:49.221","level":"INFO","thread":"restartedMain","logger":"com.jimmy.portal.PortalApplication","message":"Started PortalApplication in 8.587 seconds (process running for 1970.308)"}
{"timestamp":"2026-09-13 12:24:49.223","level":"WARN","thread":"restartedMain","logger":"o.s.c.events.SpringDocAppInitializer","message":"SpringDoc /v3/api-docs endpoint is enabled by default. To disable it in production, set the property 'springdoc.api-docs.enabled=false'"}
{"timestamp":"2026-09-13 12:24:49.223","level":"WARN","thread":"restartedMain","logger":"o.s.c.events.SpringDocAppInitializer","message":"SpringDoc /swagger-ui.html endpoint is enabled by default. To disable it in production, set the property 'springdoc.swagger-ui.enabled=false'"}
{"timestamp":"2026-09-13 12:24:49.226","level":"INFO","thread":"restartedMain","logger":"o.s.b.d.a.ConditionEvaluationDeltaLoggingListener","message":"Condition evaluation unchanged"}
{"timestamp":"2026-09-13 12:25:04.633","level":"INFO","thread":"http-nio-8000-exec-1","logger":"o.a.c.c.C.[Tomcat-1].[localhost].[/]","message":"Initializing Spring DispatcherServlet 'dispatcherServlet'"}
{"timestamp":"2026-09-13 12:25:04.633","level":"INFO","thread":"http-nio-8000-exec-1","logger":"o.s.web.servlet.DispatcherServlet","message":"Initializing Servlet 'dispatcherServlet'"}
{"timestamp":"2026-09-13 12:25:04.653","level":"INFO","thread":"http-nio-8000-exec-1","logger":"o.s.web.servlet.DispatcherServlet","message":"Completed initialization in 14 ms"}
{"timestamp":"2026-09-13 12:25:14.477","level":"INFO","thread":"http-nio-8000-exec-2","logger":"c.j.p.logging.RequestLoggingFilter","message":"HTTP_REQUEST_STARTED method=POST uri=/api/auth/login/public"}
{"timestamp":"2026-09-13 12:25:15.121","level":"INFO","thread":"http-nio-8000-exec-2","logger":"c.j.p.a.LoginSuccessAuditAspect","message":"✅ LOGIN SUCCESS | User: praveen@gmail.com | Role: ROLE_JOB_SEEKER"}
{"timestamp":"2026-09-13 12:25:15.153","level":"INFO","thread":"http-nio-8000-exec-2","logger":"c.j.p.logging.RequestLoggingFilter","message":"HTTP_REQUEST_BODY payload={"username":"praveen@gmail.com","password":"*****"}"}
{"timestamp":"2026-09-13 12:25:15.153","level":"INFO","thread":"http-nio-8000-exec-2","logger":"c.j.p.logging.RequestLoggingFilter","message":"HTTP_REQUEST_COMPLETED method=POST uri=/api/auth/login/public status=200 durationMs=682"}
{"timestamp":"2026-09-13 12:27:00.895","level":"ERROR","thread":"http-nio-8000-exec-4","logger":"o.a.c.c.C.[.[.[.[dispatcherServlet]","message":"Servlet.service() for servlet [dispatcherServlet] in context with path [] threw exception"}
org.springframework.security.authentication.BadCredentialsException: Invalid Token received!
	at com.jimmy.portal.security.filter.JwtTokenValidatorFilter.doFilterInternal(JwtTokenValidatorFilter.java:95)
	at org.springframework.web.filter.OncePerRequestFilter.doFilter(OncePerRequestFilter.java:116)
	at org.springframework.security.web.FilterChainProxy$VirtualFilterChain.doFilter(FilterChainProxy.java:385)
	at org.springframework.security.web.authentication.logout.LogoutFilter.doFilter(LogoutFilter.java:110)
	at org.springframework.security.web.authentication.logout.LogoutFilter.doFilter(LogoutFilter.java:96)
	at org.springframework.security.web.FilterChainProxy$VirtualFilterChain.doFilter(FilterChainProxy.java:385)
	at org.springframework.web.filter.CorsFilter.doFilterInternal(CorsFilter.java:91)
	at org.springframework.web.filter.OncePerRequestFilter.doFilter(OncePerRequestFilter.java:116)
	at org.springframework.security.web.FilterChainProxy$VirtualFilterChain.doFilter(FilterChainProxy.java:385)
	at org.springframework.security.web.header.HeaderWriterFilter.doHeadersAfter(HeaderWriterFilter.java:90)
	at org.springframework.security.web.header.HeaderWriterFilter.doFilterInternal(HeaderWriterFilter.java:75)
	at org.springframework.web.filter.OncePerRequestFilter.doFilter(OncePerRequestFilter.java:116)
	at org.springframework.security.web.FilterChainProxy$VirtualFilterChain.doFilter(FilterChainProxy.java:385)
	at org.springframework.security.web.context.SecurityContextHolderFilter.doFilter(SecurityContextHolderFilter.java:82)
	at org.springframework.security.web.context.SecurityContextHolderFilter.doFilter(SecurityContextHolderFilter.java:69)
	at org.springframework.security.web.FilterChainProxy$VirtualFilterChain.doFilter(FilterChainProxy.java:385)
	at org.springframework.security.web.context.request.async.WebAsyncManagerIntegrationFilter.doFilterInternal(WebAsyncManagerIntegrationFilter.java:62)
	at org.springframework.web.filter.OncePerRequestFilter.doFilter(OncePerRequestFilter.java:116)
	at org.springframework.security.web.FilterChainProxy$VirtualFilterChain.doFilter(FilterChainProxy.java:385)
	at org.springframework.security.web.session.DisableEncodeUrlFilter.doFilterInternal(DisableEncodeUrlFilter.java:42)
	at org.springframework.web.filter.OncePerRequestFilter.doFilter(OncePerRequestFilter.java:116)
	at org.springframework.security.web.FilterChainProxy$VirtualFilterChain.doFilter(FilterChainProxy.java:385)
	at org.springframework.security.web.FilterChainProxy.doFilterInternal(FilterChainProxy.java:237)
	at org.springframework.security.web.FilterChainProxy.doFilter(FilterChainProxy.java:195)
	at org.springframework.web.filter.CompositeFilter$VirtualFilterChain.doFilter(CompositeFilter.java:113)
	at org.springframework.web.filter.ServletRequestPathFilter.doFilter(ServletRequestPathFilter.java:52)
	at org.springframework.web.filter.CompositeFilter$VirtualFilterChain.doFilter(CompositeFilter.java:113)
	at org.springframework.web.filter.CompositeFilter.doFilter(CompositeFilter.java:74)
	at org.springframework.security.config.annotation.web.configuration.WebSecurityConfiguration$CompositeFilterChainProxy.doFilter(WebSecurityConfiguration.java:317)
	at org.springframework.web.filter.DelegatingFilterProxy.invokeDelegate(DelegatingFilterProxy.java:355)
	at org.springframework.web.filter.DelegatingFilterProxy.doFilter(DelegatingFilterProxy.java:272)
	at org.apache.catalina.core.ApplicationFilterChain.doFilter(ApplicationFilterChain.java:107)
	at org.springframework.web.filter.RequestContextFilter.doFilterInternal(RequestContextFilter.java:100)
	at org.springframework.web.filter.OncePerRequestFilter.doFilter(OncePerRequestFilter.java:116)
	at org.apache.catalina.core.ApplicationFilterChain.doFilter(ApplicationFilterChain.java:107)
	at org.springframework.web.filter.FormContentFilter.doFilterInternal(FormContentFilter.java:93)
	at org.springframework.web.filter.OncePerRequestFilter.doFilter(OncePerRequestFilter.java:116)
	at org.apache.catalina.core.ApplicationFilterChain.doFilter(ApplicationFilterChain.java:107)
	at org.springframework.web.filter.CharacterEncodingFilter.doFilterInternal(CharacterEncodingFilter.java:199)
	at org.springframework.web.filter.OncePerRequestFilter.doFilter(OncePerRequestFilter.java:116)
	at org.apache.catalina.core.ApplicationFilterChain.doFilter(ApplicationFilterChain.java:107)
	at org.apache.catalina.core.StandardWrapperValve.invoke(StandardWrapperValve.java:165)
	at org.apache.catalina.core.StandardContextValve.invoke(StandardContextValve.java:77)
	at org.apache.catalina.authenticator.AuthenticatorBase.invoke(AuthenticatorBase.java:492)
	at org.apache.catalina.core.StandardHostValve.invoke(StandardHostValve.java:113)
	at org.apache.catalina.valves.ErrorReportValve.invoke(ErrorReportValve.java:83)
	at org.apache.catalina.core.StandardEngineValve.invoke(StandardEngineValve.java:72)
	at org.apache.catalina.connector.CoyoteAdapter.service(CoyoteAdapter.java:341)
	at org.apache.coyote.http11.Http11Processor.service(Http11Processor.java:397)
	at org.apache.coyote.AbstractProcessorLight.process(AbstractProcessorLight.java:63)
	at org.apache.coyote.AbstractProtocol$ConnectionHandler.process(AbstractProtocol.java:1272)
	at org.apache.tomcat.util.net.NioEndpoint$SocketProcessor.doRun(NioEndpoint.java:1801)
	at org.apache.tomcat.util.net.SocketProcessorBase.run(SocketProcessorBase.java:52)
	at org.apache.tomcat.util.threads.ThreadPoolExecutor.runWorker(ThreadPoolExecutor.java:946)
	at org.apache.tomcat.util.threads.ThreadPoolExecutor$Worker.run(ThreadPoolExecutor.java:480)
	at org.apache.tomcat.util.threads.TaskThread$WrappingRunnable.run(TaskThread.java:57)
	at java.base/java.lang.Thread.run(Thread.java:1516)
{"timestamp":"2026-09-13 12:27:19.698","level":"INFO","thread":"http-nio-8000-exec-5","logger":"c.j.p.logging.RequestLoggingFilter","message":"HTTP_REQUEST_STARTED method=POST uri=/api/auth/login/public"}
{"timestamp":"2026-09-13 12:27:20.174","level":"INFO","thread":"http-nio-8000-exec-5","logger":"c.j.p.a.LoginSuccessAuditAspect","message":"✅ LOGIN SUCCESS | User: admin@gmail.com | Role: ROLE_ADMIN"}
{"timestamp":"2026-09-13 12:27:20.198","level":"INFO","thread":"http-nio-8000-exec-5","logger":"c.j.p.logging.RequestLoggingFilter","message":"HTTP_REQUEST_BODY payload={"username":"admin@gmail.com","password":"*****"}"}
{"timestamp":"2026-09-13 12:27:20.200","level":"INFO","thread":"http-nio-8000-exec-5","logger":"c.j.p.logging.RequestLoggingFilter","message":"HTTP_REQUEST_COMPLETED method=POST uri=/api/auth/login/public status=200 durationMs=504"}
{"timestamp":"2026-09-13 12:27:47.048","level":"ERROR","thread":"http-nio-8000-exec-6","logger":"o.a.c.c.C.[.[.[.[dispatcherServlet]","message":"Servlet.service() for servlet [dispatcherServlet] in context with path [] threw exception"}
org.springframework.security.authentication.BadCredentialsException: Invalid Token received!
	at com.jimmy.portal.security.filter.JwtTokenValidatorFilter.doFilterInternal(JwtTokenValidatorFilter.java:95)
	at org.springframework.web.filter.OncePerRequestFilter.doFilter(OncePerRequestFilter.java:116)
	at org.springframework.security.web.FilterChainProxy$VirtualFilterChain.doFilter(FilterChainProxy.java:385)
	at org.springframework.security.web.authentication.logout.LogoutFilter.doFilter(LogoutFilter.java:110)
	at org.springframework.security.web.authentication.logout.LogoutFilter.doFilter(LogoutFilter.java:96)
	at org.springframework.security.web.FilterChainProxy$VirtualFilterChain.doFilter(FilterChainProxy.java:385)
	at org.springframework.web.filter.CorsFilter.doFilterInternal(CorsFilter.java:91)
	at org.springframework.web.filter.OncePerRequestFilter.doFilter(OncePerRequestFilter.java:116)
	at org.springframework.security.web.FilterChainProxy$VirtualFilterChain.doFilter(FilterChainProxy.java:385)
	at org.springframework.security.web.header.HeaderWriterFilter.doHeadersAfter(HeaderWriterFilter.java:90)
	at org.springframework.security.web.header.HeaderWriterFilter.doFilterInternal(HeaderWriterFilter.java:75)
	at org.springframework.web.filter.OncePerRequestFilter.doFilter(OncePerRequestFilter.java:116)
	at org.springframework.security.web.FilterChainProxy$VirtualFilterChain.doFilter(FilterChainProxy.java:385)
	at org.springframework.security.web.context.SecurityContextHolderFilter.doFilter(SecurityContextHolderFilter.java:82)
	at org.springframework.security.web.context.SecurityContextHolderFilter.doFilter(SecurityContextHolderFilter.java:69)
	at org.springframework.security.web.FilterChainProxy$VirtualFilterChain.doFilter(FilterChainProxy.java:385)
	at org.springframework.security.web.context.request.async.WebAsyncManagerIntegrationFilter.doFilterInternal(WebAsyncManagerIntegrationFilter.java:62)
	at org.springframework.web.filter.OncePerRequestFilter.doFilter(OncePerRequestFilter.java:116)
	at org.springframework.security.web.FilterChainProxy$VirtualFilterChain.doFilter(FilterChainProxy.java:385)
	at org.springframework.security.web.session.DisableEncodeUrlFilter.doFilterInternal(DisableEncodeUrlFilter.java:42)
	at org.springframework.web.filter.OncePerRequestFilter.doFilter(OncePerRequestFilter.java:116)
	at org.springframework.security.web.FilterChainProxy$VirtualFilterChain.doFilter(FilterChainProxy.java:385)
	at org.springframework.security.web.FilterChainProxy.doFilterInternal(FilterChainProxy.java:237)
	at org.springframework.security.web.FilterChainProxy.doFilter(FilterChainProxy.java:195)
	at org.springframework.web.filter.CompositeFilter$VirtualFilterChain.doFilter(CompositeFilter.java:113)
	at org.springframework.web.filter.ServletRequestPathFilter.doFilter(ServletRequestPathFilter.java:52)
	at org.springframework.web.filter.CompositeFilter$VirtualFilterChain.doFilter(CompositeFilter.java:113)
	at org.springframework.web.filter.CompositeFilter.doFilter(CompositeFilter.java:74)
	at org.springframework.security.config.annotation.web.configuration.WebSecurityConfiguration$CompositeFilterChainProxy.doFilter(WebSecurityConfiguration.java:317)
	at org.springframework.web.filter.DelegatingFilterProxy.invokeDelegate(DelegatingFilterProxy.java:355)
	at org.springframework.web.filter.DelegatingFilterProxy.doFilter(DelegatingFilterProxy.java:272)
	at org.apache.catalina.core.ApplicationFilterChain.doFilter(ApplicationFilterChain.java:107)
	at org.springframework.web.filter.RequestContextFilter.doFilterInternal(RequestContextFilter.java:100)
	at org.springframework.web.filter.OncePerRequestFilter.doFilter(OncePerRequestFilter.java:116)
	at org.apache.catalina.core.ApplicationFilterChain.doFilter(ApplicationFilterChain.java:107)
	at org.springframework.web.filter.FormContentFilter.doFilterInternal(FormContentFilter.java:93)
	at org.springframework.web.filter.OncePerRequestFilter.doFilter(OncePerRequestFilter.java:116)
	at org.apache.catalina.core.ApplicationFilterChain.doFilter(ApplicationFilterChain.java:107)
	at org.springframework.web.filter.CharacterEncodingFilter.doFilterInternal(CharacterEncodingFilter.java:199)
	at org.springframework.web.filter.OncePerRequestFilter.doFilter(OncePerRequestFilter.java:116)
	at org.apache.catalina.core.ApplicationFilterChain.doFilter(ApplicationFilterChain.java:107)
	at org.apache.catalina.core.StandardWrapperValve.invoke(StandardWrapperValve.java:165)
	at org.apache.catalina.core.StandardContextValve.invoke(StandardContextValve.java:77)
	at org.apache.catalina.authenticator.AuthenticatorBase.invoke(AuthenticatorBase.java:492)
	at org.apache.catalina.core.StandardHostValve.invoke(StandardHostValve.java:113)
	at org.apache.catalina.valves.ErrorReportValve.invoke(ErrorReportValve.java:83)
	at org.apache.catalina.core.StandardEngineValve.invoke(StandardEngineValve.java:72)
	at org.apache.catalina.connector.CoyoteAdapter.service(CoyoteAdapter.java:341)
	at org.apache.coyote.http11.Http11Processor.service(Http11Processor.java:397)
	at org.apache.coyote.AbstractProcessorLight.process(AbstractProcessorLight.java:63)
	at org.apache.coyote.AbstractProtocol$ConnectionHandler.process(AbstractProtocol.java:1272)
	at org.apache.tomcat.util.net.NioEndpoint$SocketProcessor.doRun(NioEndpoint.java:1801)
	at org.apache.tomcat.util.net.SocketProcessorBase.run(SocketProcessorBase.java:52)
	at org.apache.tomcat.util.threads.ThreadPoolExecutor.runWorker(ThreadPoolExecutor.java:946)
	at org.apache.tomcat.util.threads.ThreadPoolExecutor$Worker.run(ThreadPoolExecutor.java:480)
	at org.apache.tomcat.util.threads.TaskThread$WrappingRunnable.run(TaskThread.java:57)
	at java.base/java.lang.Thread.run(Thread.java:1516)
{"timestamp":"2026-09-13 12:28:53.685","level":"ERROR","thread":"http-nio-8000-exec-8","logger":"o.a.c.c.C.[.[.[.[dispatcherServlet]","message":"Servlet.service() for servlet [dispatcherServlet] in context with path [] threw exception"}
org.springframework.security.authentication.BadCredentialsException: Invalid Token received!
	at com.jimmy.portal.security.filter.JwtTokenValidatorFilter.doFilterInternal(JwtTokenValidatorFilter.java:95)
	at org.springframework.web.filter.OncePerRequestFilter.doFilter(OncePerRequestFilter.java:116)
	at org.springframework.security.web.FilterChainProxy$VirtualFilterChain.doFilter(FilterChainProxy.java:385)
	at org.springframework.security.web.authentication.logout.LogoutFilter.doFilter(LogoutFilter.java:110)
	at org.springframework.security.web.authentication.logout.LogoutFilter.doFilter(LogoutFilter.java:96)
	at org.springframework.security.web.FilterChainProxy$VirtualFilterChain.doFilter(FilterChainProxy.java:385)
	at org.springframework.web.filter.CorsFilter.doFilterInternal(CorsFilter.java:91)
	at org.springframework.web.filter.OncePerRequestFilter.doFilter(OncePerRequestFilter.java:116)
	at org.springframework.security.web.FilterChainProxy$VirtualFilterChain.doFilter(FilterChainProxy.java:385)
	at org.springframework.security.web.header.HeaderWriterFilter.doHeadersAfter(HeaderWriterFilter.java:90)
	at org.springframework.security.web.header.HeaderWriterFilter.doFilterInternal(HeaderWriterFilter.java:75)
	at org.springframework.web.filter.OncePerRequestFilter.doFilter(OncePerRequestFilter.java:116)
	at org.springframework.security.web.FilterChainProxy$VirtualFilterChain.doFilter(FilterChainProxy.java:385)
	at org.springframework.security.web.context.SecurityContextHolderFilter.doFilter(SecurityContextHolderFilter.java:82)
	at org.springframework.security.web.context.SecurityContextHolderFilter.doFilter(SecurityContextHolderFilter.java:69)
	at org.springframework.security.web.FilterChainProxy$VirtualFilterChain.doFilter(FilterChainProxy.java:385)
	at org.springframework.security.web.context.request.async.WebAsyncManagerIntegrationFilter.doFilterInternal(WebAsyncManagerIntegrationFilter.java:62)
	at org.springframework.web.filter.OncePerRequestFilter.doFilter(OncePerRequestFilter.java:116)
	at org.springframework.security.web.FilterChainProxy$VirtualFilterChain.doFilter(FilterChainProxy.java:385)
	at org.springframework.security.web.session.DisableEncodeUrlFilter.doFilterInternal(DisableEncodeUrlFilter.java:42)
	at org.springframework.web.filter.OncePerRequestFilter.doFilter(OncePerRequestFilter.java:116)
	at org.springframework.security.web.FilterChainProxy$VirtualFilterChain.doFilter(FilterChainProxy.java:385)
	at org.springframework.security.web.FilterChainProxy.doFilterInternal(FilterChainProxy.java:237)
	at org.springframework.security.web.FilterChainProxy.doFilter(FilterChainProxy.java:195)
	at org.springframework.web.filter.CompositeFilter$VirtualFilterChain.doFilter(CompositeFilter.java:113)
	at org.springframework.web.filter.ServletRequestPathFilter.doFilter(ServletRequestPathFilter.java:52)
	at org.springframework.web.filter.CompositeFilter$VirtualFilterChain.doFilter(CompositeFilter.java:113)
	at org.springframework.web.filter.CompositeFilter.doFilter(CompositeFilter.java:74)
	at org.springframework.security.config.annotation.web.configuration.WebSecurityConfiguration$CompositeFilterChainProxy.doFilter(WebSecurityConfiguration.java:317)
	at org.springframework.web.filter.DelegatingFilterProxy.invokeDelegate(DelegatingFilterProxy.java:355)
	at org.springframework.web.filter.DelegatingFilterProxy.doFilter(DelegatingFilterProxy.java:272)
	at org.apache.catalina.core.ApplicationFilterChain.doFilter(ApplicationFilterChain.java:107)
	at org.springframework.web.filter.RequestContextFilter.doFilterInternal(RequestContextFilter.java:100)
	at org.springframework.web.filter.OncePerRequestFilter.doFilter(OncePerRequestFilter.java:116)
	at org.apache.catalina.core.ApplicationFilterChain.doFilter(ApplicationFilterChain.java:107)
	at org.springframework.web.filter.FormContentFilter.doFilterInternal(FormContentFilter.java:93)
	at org.springframework.web.filter.OncePerRequestFilter.doFilter(OncePerRequestFilter.java:116)
	at org.apache.catalina.core.ApplicationFilterChain.doFilter(ApplicationFilterChain.java:107)
	at org.springframework.web.filter.CharacterEncodingFilter.doFilterInternal(CharacterEncodingFilter.java:199)
	at org.springframework.web.filter.OncePerRequestFilter.doFilter(OncePerRequestFilter.java:116)
	at org.apache.catalina.core.ApplicationFilterChain.doFilter(ApplicationFilterChain.java:107)
	at org.apache.catalina.core.StandardWrapperValve.invoke(StandardWrapperValve.java:165)
	at org.apache.catalina.core.StandardContextValve.invoke(StandardContextValve.java:77)
	at org.apache.catalina.authenticator.AuthenticatorBase.invoke(AuthenticatorBase.java:492)
	at org.apache.catalina.core.StandardHostValve.invoke(StandardHostValve.java:113)
	at org.apache.catalina.valves.ErrorReportValve.invoke(ErrorReportValve.java:83)
	at org.apache.catalina.core.StandardEngineValve.invoke(StandardEngineValve.java:72)
	at org.apache.catalina.connector.CoyoteAdapter.service(CoyoteAdapter.java:341)
	at org.apache.coyote.http11.Http11Processor.service(Http11Processor.java:397)
	at org.apache.coyote.AbstractProcessorLight.process(AbstractProcessorLight.java:63)
	at org.apache.coyote.AbstractProtocol$ConnectionHandler.process(AbstractProtocol.java:1272)
	at org.apache.tomcat.util.net.NioEndpoint$SocketProcessor.doRun(NioEndpoint.java:1801)
	at org.apache.tomcat.util.net.SocketProcessorBase.run(SocketProcessorBase.java:52)
	at org.apache.tomcat.util.threads.ThreadPoolExecutor.runWorker(ThreadPoolExecutor.java:946)
	at org.apache.tomcat.util.threads.ThreadPoolExecutor$Worker.run(ThreadPoolExecutor.java:480)
	at org.apache.tomcat.util.threads.TaskThread$WrappingRunnable.run(TaskThread.java:57)
	at java.base/java.lang.Thread.run(Thread.java:1516)
{"timestamp":"2026-09-13 12:29:36.355","level":"INFO","thread":"http-nio-8000-exec-9","logger":"c.j.p.logging.RequestLoggingFilter","message":"HTTP_REQUEST_STARTED method=GET uri=/api/contacts/admin"}
{"timestamp":"2026-09-13 12:29:37.146","level":"INFO","thread":"http-nio-8000-exec-9","logger":"c.j.p.logging.RequestLoggingFilter","message":"HTTP_REQUEST_COMPLETED method=GET uri=/api/contacts/admin status=200 durationMs=791"}
{"timestamp":"2026-09-13 12:38:09.755","level":"INFO","thread":"http-nio-8000-exec-1","logger":"c.j.p.logging.RequestLoggingFilter","message":"HTTP_REQUEST_STARTED method=GET uri=/api/contacts/admin"}
{"timestamp":"2026-09-13 12:38:10.794","level":"INFO","thread":"http-nio-8000-exec-1","logger":"c.j.p.logging.RequestLoggingFilter","message":"HTTP_REQUEST_COMPLETED method=GET uri=/api/contacts/admin status=200 durationMs=1065"}
{"timestamp":"2026-09-13 13:02:35.485","level":"WARN","thread":"HikariPool-5:housekeeper","logger":"com.zaxxer.hikari.pool.HikariPool","message":"HikariPool-5 - Thread starvation or clock leap detected (housekeeper delta=15m14s792ms634µs900ns)."}
{"timestamp":"2026-09-13 13:03:27.897","level":"INFO","thread":"http-nio-8000-exec-4","logger":"c.j.p.logging.RequestLoggingFilter","message":"HTTP_REQUEST_STARTED method=GET uri=/api/companies/public"}
{"timestamp":"2026-09-13 13:03:27.897","level":"INFO","thread":"http-nio-8000-exec-3","logger":"c.j.p.logging.RequestLoggingFilter","message":"HTTP_REQUEST_STARTED method=GET uri=/api/companies/public"}
{"timestamp":"2026-09-13 13:03:38.425","level":"INFO","thread":"http-nio-8000-exec-4","logger":"c.j.p.logging.RequestLoggingFilter","message":"HTTP_REQUEST_COMPLETED method=GET uri=/api/companies/public status=200 durationMs=10534"}
{"timestamp":"2026-09-13 13:03:38.438","level":"INFO","thread":"http-nio-8000-exec-3","logger":"c.j.p.logging.RequestLoggingFilter","message":"HTTP_REQUEST_COMPLETED method=GET uri=/api/companies/public status=200 durationMs=10548"}
{"timestamp":"2026-09-13 13:03:41.754","level":"INFO","thread":"http-nio-8000-exec-5","logger":"c.j.p.logging.RequestLoggingFilter","message":"HTTP_REQUEST_STARTED method=GET uri=/api/companies/public"}
{"timestamp":"2026-09-13 13:03:41.822","level":"INFO","thread":"http-nio-8000-exec-6","logger":"c.j.p.logging.RequestLoggingFilter","message":"HTTP_REQUEST_STARTED method=GET uri=/api/companies/public"}
{"timestamp":"2026-09-13 13:03:43.781","level":"INFO","thread":"http-nio-8000-exec-5","logger":"c.j.p.logging.RequestLoggingFilter","message":"HTTP_REQUEST_COMPLETED method=GET uri=/api/companies/public status=200 durationMs=2027"}
{"timestamp":"2026-09-13 13:03:44.096","level":"INFO","thread":"http-nio-8000-exec-6","logger":"c.j.p.logging.RequestLoggingFilter","message":"HTTP_REQUEST_COMPLETED method=GET uri=/api/companies/public status=200 durationMs=2274"}
{"timestamp":"2026-09-13 13:10:48.540","level":"INFO","thread":"http-nio-8000-exec-9","logger":"c.j.p.logging.RequestLoggingFilter","message":"HTTP_REQUEST_STARTED method=GET uri=/api/contacts/admin"}
{"timestamp":"2026-09-13 13:10:48.843","level":"INFO","thread":"http-nio-8000-exec-9","logger":"c.j.p.logging.RequestLoggingFilter","message":"HTTP_REQUEST_COMPLETED method=GET uri=/api/contacts/admin status=200 durationMs=304"}
{"timestamp":"2026-09-13 13:32:14.143","level":"INFO","thread":"File Watcher","logger":"o.s.b.d.a.LocalDevToolsAutoConfiguration$RestartingClassPathChangeChangedEventListener","message":"Restarting due to 6 class path changes (0 additions, 6 deletions, 0 modifications)"}
{"timestamp":"2026-09-13 13:32:14.383","level":"INFO","thread":"Thread-41","logger":"o.s.boot.tomcat.GracefulShutdown","message":"Commencing graceful shutdown. Waiting for active requests to complete"}
{"timestamp":"2026-09-13 13:32:14.443","level":"INFO","thread":"tomcat-shutdown","logger":"o.a.coyote.http11.Http11NioProtocol","message":"Pausing ProtocolHandler ["http-nio-8000"]"}
{"timestamp":"2026-09-13 13:32:14.515","level":"INFO","thread":"tomcat-shutdown","logger":"o.s.boot.tomcat.GracefulShutdown","message":"Graceful shutdown complete"}
{"timestamp":"2026-09-13 13:32:14.535","level":"INFO","thread":"Thread-41","logger":"o.a.coyote.http11.Http11NioProtocol","message":"Stopping ProtocolHandler ["http-nio-8000"]"}
{"timestamp":"2026-09-13 13:32:14.762","level":"INFO","thread":"Thread-41","logger":"o.s.o.j.LocalContainerEntityManagerFactoryBean","message":"Closing JPA EntityManagerFactory for persistence unit 'default'"}
{"timestamp":"2026-09-13 13:32:14.916","level":"INFO","thread":"Thread-41","logger":"com.zaxxer.hikari.HikariDataSource","message":"HikariPool-5 - Shutdown initiated..."}
{"timestamp":"2026-09-13 13:32:14.943","level":"INFO","thread":"Thread-41","logger":"com.zaxxer.hikari.HikariDataSource","message":"HikariPool-5 - Shutdown completed."}
{"timestamp":"2026-09-13 13:32:17.834","level":"INFO","thread":"restartedMain","logger":"com.jimmy.portal.PortalApplication","message":"Starting PortalApplication using Java 26.0.2.1 with PID 15332 (D:\job-portal-server\target\classes started by JIMMY in D:\job-portal-server)"}
{"timestamp":"2026-09-13 13:32:17.835","level":"INFO","thread":"restartedMain","logger":"com.jimmy.portal.PortalApplication","message":"No active profile set, falling back to 1 default profile: "default""}
{"timestamp":"2026-09-13 13:32:17.853","level":"INFO","thread":"restartedMain","logger":"o.s.b.d.c.l.DockerComposeLifecycleManager","message":"Using Docker Compose file D:\job-portal-server\compose.yml"}
{"timestamp":"2026-09-13 13:32:19.567","level":"INFO","thread":"restartedMain","logger":"o.s.b.d.c.l.DockerComposeLifecycleManager","message":"There are already Docker Compose services running, skipping startup"}
{"timestamp":"2026-09-13 13:32:21.010","level":"INFO","thread":"restartedMain","logger":"o.s.d.r.c.RepositoryConfigurationDelegate","message":"Bootstrapping Spring Data JPA repositories in DEFAULT mode."}
{"timestamp":"2026-09-13 13:32:21.054","level":"INFO","thread":"restartedMain","logger":"o.s.d.r.c.RepositoryConfigurationDelegate","message":"Finished Spring Data repository scanning in 40 ms. Found 3 JPA repository interfaces."}
{"timestamp":"2026-09-13 13:32:21.548","level":"INFO","thread":"restartedMain","logger":"o.s.boot.tomcat.TomcatWebServer","message":"Tomcat initialized with port 8000 (http)"}
{"timestamp":"2026-09-13 13:32:21.553","level":"INFO","thread":"restartedMain","logger":"o.a.coyote.http11.Http11NioProtocol","message":"Initializing ProtocolHandler ["http-nio-8000"]"}
{"timestamp":"2026-09-13 13:32:21.554","level":"INFO","thread":"restartedMain","logger":"o.a.catalina.core.StandardService","message":"Starting service [Tomcat]"}
{"timestamp":"2026-09-13 13:32:21.554","level":"INFO","thread":"restartedMain","logger":"o.a.catalina.core.StandardEngine","message":"Starting Servlet engine: [Apache Tomcat/11.0.22]"}
{"timestamp":"2026-09-13 13:32:21.632","level":"INFO","thread":"restartedMain","logger":"o.s.b.w.c.s.WebApplicationContextInitializer","message":"Root WebApplicationContext: initialization completed in 2064 ms"}
{"timestamp":"2026-09-13 13:32:21.978","level":"INFO","thread":"restartedMain","logger":"com.zaxxer.hikari.HikariDataSource","message":"HikariPool-6 - Starting..."}
{"timestamp":"2026-09-13 13:32:22.028","level":"INFO","thread":"restartedMain","logger":"com.zaxxer.hikari.pool.HikariPool","message":"HikariPool-6 - Added connection com.mysql.cj.jdbc.ConnectionImpl@3cf681c6"}
{"timestamp":"2026-09-13 13:32:22.029","level":"INFO","thread":"restartedMain","logger":"com.zaxxer.hikari.HikariDataSource","message":"HikariPool-6 - Start completed."}
{"timestamp":"2026-09-13 13:32:22.032","level":"INFO","thread":"restartedMain","logger":"org.hibernate.orm.jpa","message":"HHH008540: Processing PersistenceUnitInfo [name: default]"}
{"timestamp":"2026-09-13 13:32:22.110","level":"INFO","thread":"restartedMain","logger":"o.s.o.j.p.SpringPersistenceUnitInfo","message":"No LoadTimeWeaver setup: ignoring JPA class transformer"}
{"timestamp":"2026-09-13 13:32:22.122","level":"INFO","thread":"restartedMain","logger":"o.hibernate.orm.connections.pooling","message":"HHH10001005: Database info:
	Database JDBC URL [jdbc:mysql://127.0.0.1:3308/jobportal]
	Database driver: MySQL Connector/J
	Database dialect: MySQLDialect
	Database version: 9.1
	Default catalog/schema: jobportal/undefined
	Autocommit mode: undefined/unknown
	Isolation level: REPEATABLE_READ [default REPEATABLE_READ]
	JDBC fetch size: none
	Pool: DataSourceConnectionProvider
	Minimum pool size: undefined/unknown
	Maximum pool size: undefined/unknown"}
{"timestamp":"2026-09-13 13:32:22.799","level":"INFO","thread":"restartedMain","logger":"org.hibernate.orm.core","message":"HHH000489: No JTA platform available (set 'hibernate.transaction.jta.platform' to enable JTA platform integration)"}
{"timestamp":"2026-09-13 13:32:22.801","level":"INFO","thread":"restartedMain","logger":"o.s.o.j.LocalContainerEntityManagerFactoryBean","message":"Initialized JPA EntityManagerFactory for persistence unit 'default'"}
{"timestamp":"2026-09-13 13:32:23.445","level":"WARN","thread":"restartedMain","logger":"o.s.b.j.a.JpaBaseConfiguration$JpaWebConfiguration","message":"spring.jpa.open-in-view is enabled by default. Therefore, database queries may be performed during view rendering. Explicitly configure spring.jpa.open-in-view to disable this warning"}
{"timestamp":"2026-09-13 13:32:23.645","level":"INFO","thread":"restartedMain","logger":"o.s.s.c.a.a.c.InitializeAuthenticationProviderBeanManagerConfigurer$InitializeAuthenticationProviderManagerConfigurer","message":"Global AuthenticationManager configured with AuthenticationProvider bean with name jobPortalUsernamePwdAuthenticationProvider"}
{"timestamp":"2026-09-13 13:32:24.474","level":"INFO","thread":"restartedMain","logger":"o.a.coyote.http11.Http11NioProtocol","message":"Starting ProtocolHandler ["http-nio-8000"]"}
{"timestamp":"2026-09-13 13:32:24.480","level":"INFO","thread":"restartedMain","logger":"o.s.boot.tomcat.TomcatWebServer","message":"Tomcat started on port 8000 (http) with context path '/'"}
{"timestamp":"2026-09-13 13:32:24.489","level":"INFO","thread":"restartedMain","logger":"com.jimmy.portal.PortalApplication","message":"Started PortalApplication in 7.255 seconds (process running for 6025.657)"}
{"timestamp":"2026-09-13 13:32:24.491","level":"WARN","thread":"restartedMain","logger":"o.s.c.events.SpringDocAppInitializer","message":"SpringDoc /v3/api-docs endpoint is enabled by default. To disable it in production, set the property 'springdoc.api-docs.enabled=false'"}
{"timestamp":"2026-09-13 13:32:24.491","level":"WARN","thread":"restartedMain","logger":"o.s.c.events.SpringDocAppInitializer","message":"SpringDoc /swagger-ui.html endpoint is enabled by default. To disable it in production, set the property 'springdoc.swagger-ui.enabled=false'"}
{"timestamp":"2026-09-13 13:32:24.493","level":"INFO","thread":"restartedMain","logger":"o.s.b.d.a.ConditionEvaluationDeltaLoggingListener","message":"Condition evaluation unchanged"}
{"timestamp":"2026-09-13 13:32:29.241","level":"INFO","thread":"File Watcher","logger":"o.s.b.d.a.LocalDevToolsAutoConfiguration$RestartingClassPathChangeChangedEventListener","message":"Restarting due to 6 class path changes (6 additions, 0 deletions, 0 modifications)"}
{"timestamp":"2026-09-13 13:32:29.251","level":"INFO","thread":"Thread-64","logger":"o.s.boot.tomcat.GracefulShutdown","message":"Commencing graceful shutdown. Waiting for active requests to complete"}
{"timestamp":"2026-09-13 13:32:29.253","level":"INFO","thread":"tomcat-shutdown","logger":"o.a.coyote.http11.Http11NioProtocol","message":"Pausing ProtocolHandler ["http-nio-8000"]"}
{"timestamp":"2026-09-13 13:32:29.283","level":"INFO","thread":"tomcat-shutdown","logger":"o.s.boot.tomcat.GracefulShutdown","message":"Graceful shutdown complete"}
{"timestamp":"2026-09-13 13:32:29.283","level":"INFO","thread":"Thread-64","logger":"o.a.coyote.http11.Http11NioProtocol","message":"Stopping ProtocolHandler ["http-nio-8000"]"}
{"timestamp":"2026-09-13 13:32:29.290","level":"INFO","thread":"Thread-64","logger":"o.s.o.j.LocalContainerEntityManagerFactoryBean","message":"Closing JPA EntityManagerFactory for persistence unit 'default'"}
{"timestamp":"2026-09-13 13:32:29.292","level":"INFO","thread":"Thread-64","logger":"com.zaxxer.hikari.HikariDataSource","message":"HikariPool-6 - Shutdown initiated..."}
{"timestamp":"2026-09-13 13:32:29.301","level":"INFO","thread":"Thread-64","logger":"com.zaxxer.hikari.HikariDataSource","message":"HikariPool-6 - Shutdown completed."}
{"timestamp":"2026-09-13 13:32:29.570","level":"INFO","thread":"restartedMain","logger":"com.jimmy.portal.PortalApplication","message":"Starting PortalApplication using Java 26.0.2.1 with PID 15332 (D:\job-portal-server\target\classes started by JIMMY in D:\job-portal-server)"}
{"timestamp":"2026-09-13 13:32:29.570","level":"INFO","thread":"restartedMain","logger":"com.jimmy.portal.PortalApplication","message":"No active profile set, falling back to 1 default profile: "default""}
{"timestamp":"2026-09-13 13:32:29.579","level":"INFO","thread":"restartedMain","logger":"o.s.b.d.c.l.DockerComposeLifecycleManager","message":"Using Docker Compose file D:\job-portal-server\compose.yml"}
{"timestamp":"2026-09-13 13:32:31.172","level":"INFO","thread":"restartedMain","logger":"o.s.b.d.c.l.DockerComposeLifecycleManager","message":"There are already Docker Compose services running, skipping startup"}
{"timestamp":"2026-09-13 13:32:31.998","level":"INFO","thread":"restartedMain","logger":"o.s.d.r.c.RepositoryConfigurationDelegate","message":"Bootstrapping Spring Data JPA repositories in DEFAULT mode."}
{"timestamp":"2026-09-13 13:32:32.060","level":"INFO","thread":"restartedMain","logger":"o.s.d.r.c.RepositoryConfigurationDelegate","message":"Finished Spring Data repository scanning in 59 ms. Found 4 JPA repository interfaces."}
{"timestamp":"2026-09-13 13:32:32.502","level":"INFO","thread":"restartedMain","logger":"o.s.boot.tomcat.TomcatWebServer","message":"Tomcat initialized with port 8000 (http)"}
{"timestamp":"2026-09-13 13:32:32.505","level":"INFO","thread":"restartedMain","logger":"o.a.coyote.http11.Http11NioProtocol","message":"Initializing ProtocolHandler ["http-nio-8000"]"}
{"timestamp":"2026-09-13 13:32:32.505","level":"INFO","thread":"restartedMain","logger":"o.a.catalina.core.StandardService","message":"Starting service [Tomcat]"}
{"timestamp":"2026-09-13 13:32:32.505","level":"INFO","thread":"restartedMain","logger":"o.a.catalina.core.StandardEngine","message":"Starting Servlet engine: [Apache Tomcat/11.0.22]"}
{"timestamp":"2026-09-13 13:32:32.580","level":"INFO","thread":"restartedMain","logger":"o.s.b.w.c.s.WebApplicationContextInitializer","message":"Root WebApplicationContext: initialization completed in 1407 ms"}
{"timestamp":"2026-09-13 13:32:32.983","level":"INFO","thread":"restartedMain","logger":"com.zaxxer.hikari.HikariDataSource","message":"HikariPool-7 - Starting..."}
{"timestamp":"2026-09-13 13:32:33.043","level":"INFO","thread":"restartedMain","logger":"com.zaxxer.hikari.pool.HikariPool","message":"HikariPool-7 - Added connection com.mysql.cj.jdbc.ConnectionImpl@2be472fb"}
{"timestamp":"2026-09-13 13:32:33.044","level":"INFO","thread":"restartedMain","logger":"com.zaxxer.hikari.HikariDataSource","message":"HikariPool-7 - Start completed."}
{"timestamp":"2026-09-13 13:32:33.045","level":"INFO","thread":"restartedMain","logger":"org.hibernate.orm.jpa","message":"HHH008540: Processing PersistenceUnitInfo [name: default]"}
{"timestamp":"2026-09-13 13:32:33.101","level":"INFO","thread":"restartedMain","logger":"o.s.o.j.p.SpringPersistenceUnitInfo","message":"No LoadTimeWeaver setup: ignoring JPA class transformer"}
{"timestamp":"2026-09-13 13:32:33.110","level":"INFO","thread":"restartedMain","logger":"o.hibernate.orm.connections.pooling","message":"HHH10001005: Database info:
	Database JDBC URL [jdbc:mysql://127.0.0.1:3308/jobportal]
	Database driver: MySQL Connector/J
	Database dialect: MySQLDialect
	Database version: 9.1
	Default catalog/schema: jobportal/undefined
	Autocommit mode: undefined/unknown
	Isolation level: REPEATABLE_READ [default REPEATABLE_READ]
	JDBC fetch size: none
	Pool: DataSourceConnectionProvider
	Minimum pool size: undefined/unknown
	Maximum pool size: undefined/unknown"}
{"timestamp":"2026-09-13 13:32:33.930","level":"INFO","thread":"restartedMain","logger":"org.hibernate.orm.core","message":"HHH000489: No JTA platform available (set 'hibernate.transaction.jta.platform' to enable JTA platform integration)"}
{"timestamp":"2026-09-13 13:32:33.935","level":"INFO","thread":"restartedMain","logger":"o.s.o.j.LocalContainerEntityManagerFactoryBean","message":"Initialized JPA EntityManagerFactory for persistence unit 'default'"}
{"timestamp":"2026-09-13 13:32:34.676","level":"WARN","thread":"restartedMain","logger":"o.s.b.j.a.JpaBaseConfiguration$JpaWebConfiguration","message":"spring.jpa.open-in-view is enabled by default. Therefore, database queries may be performed during view rendering. Explicitly configure spring.jpa.open-in-view to disable this warning"}
{"timestamp":"2026-09-13 13:32:34.867","level":"INFO","thread":"restartedMain","logger":"o.s.s.c.a.a.c.InitializeAuthenticationProviderBeanManagerConfigurer$InitializeAuthenticationProviderManagerConfigurer","message":"Global AuthenticationManager configured with AuthenticationProvider bean with name jobPortalUsernamePwdAuthenticationProvider"}
{"timestamp":"2026-09-13 13:32:35.565","level":"INFO","thread":"restartedMain","logger":"o.a.coyote.http11.Http11NioProtocol","message":"Starting ProtocolHandler ["http-nio-8000"]"}
{"timestamp":"2026-09-13 13:32:35.570","level":"INFO","thread":"restartedMain","logger":"o.s.boot.tomcat.TomcatWebServer","message":"Tomcat started on port 8000 (http) with context path '/'"}
{"timestamp":"2026-09-13 13:32:35.575","level":"INFO","thread":"restartedMain","logger":"com.jimmy.portal.PortalApplication","message":"Started PortalApplication in 6.085 seconds (process running for 6036.744)"}
{"timestamp":"2026-09-13 13:32:35.577","level":"WARN","thread":"restartedMain","logger":"o.s.c.events.SpringDocAppInitializer","message":"SpringDoc /v3/api-docs endpoint is enabled by default. To disable it in production, set the property 'springdoc.api-docs.enabled=false'"}
{"timestamp":"2026-09-13 13:32:35.577","level":"WARN","thread":"restartedMain","logger":"o.s.c.events.SpringDocAppInitializer","message":"SpringDoc /swagger-ui.html endpoint is enabled by default. To disable it in production, set the property 'springdoc.swagger-ui.enabled=false'"}
{"timestamp":"2026-09-13 13:32:35.578","level":"INFO","thread":"restartedMain","logger":"o.s.b.d.a.ConditionEvaluationDeltaLoggingListener","message":"Condition evaluation unchanged"}
{"timestamp":"2026-09-13 13:32:45.090","level":"INFO","thread":"http-nio-8000-exec-1","logger":"o.a.c.c.C.[Tomcat-1].[localhost].[/]","message":"Initializing Spring DispatcherServlet 'dispatcherServlet'"}
{"timestamp":"2026-09-13 13:32:45.090","level":"INFO","thread":"http-nio-8000-exec-1","logger":"o.s.web.servlet.DispatcherServlet","message":"Initializing Servlet 'dispatcherServlet'"}
{"timestamp":"2026-09-13 13:32:45.095","level":"INFO","thread":"http-nio-8000-exec-1","logger":"o.s.web.servlet.DispatcherServlet","message":"Completed initialization in 5 ms"}
{"timestamp":"2026-09-13 13:32:45.106","level":"INFO","thread":"http-nio-8000-exec-1","logger":"c.j.p.logging.RequestLoggingFilter","message":"HTTP_REQUEST_STARTED method=GET uri=/api/companies/public"}
{"timestamp":"2026-09-13 13:32:45.176","level":"INFO","thread":"http-nio-8000-exec-2","logger":"c.j.p.logging.RequestLoggingFilter","message":"HTTP_REQUEST_STARTED method=GET uri=/api/companies/public"}
{"timestamp":"2026-09-13 13:32:46.120","level":"INFO","thread":"http-nio-8000-exec-2","logger":"c.j.p.logging.RequestLoggingFilter","message":"HTTP_REQUEST_COMPLETED method=GET uri=/api/companies/public status=200 durationMs=944"}
{"timestamp":"2026-09-13 13:32:46.143","level":"INFO","thread":"http-nio-8000-exec-1","logger":"c.j.p.logging.RequestLoggingFilter","message":"HTTP_REQUEST_COMPLETED method=GET uri=/api/companies/public status=200 durationMs=1035"}
{"timestamp":"2026-09-13 13:32:57.624","level":"INFO","thread":"http-nio-8000-exec-3","logger":"c.j.p.logging.RequestLoggingFilter","message":"HTTP_REQUEST_STARTED method=GET uri=/api/companies/public"}
{"timestamp":"2026-09-13 13:32:57.656","level":"INFO","thread":"http-nio-8000-exec-4","logger":"c.j.p.logging.RequestLoggingFilter","message":"HTTP_REQUEST_STARTED method=GET uri=/api/companies/public"}
{"timestamp":"2026-09-13 13:32:59.262","level":"INFO","thread":"http-nio-8000-exec-3","logger":"c.j.p.logging.RequestLoggingFilter","message":"HTTP_REQUEST_COMPLETED method=GET uri=/api/companies/public status=200 durationMs=1638"}
{"timestamp":"2026-09-13 13:32:59.371","level":"INFO","thread":"http-nio-8000-exec-4","logger":"c.j.p.logging.RequestLoggingFilter","message":"HTTP_REQUEST_COMPLETED method=GET uri=/api/companies/public status=200 durationMs=1717"}
{"timestamp":"2026-09-13 13:33:07.644","level":"INFO","thread":"http-nio-8000-exec-6","logger":"c.j.p.logging.RequestLoggingFilter","message":"HTTP_REQUEST_STARTED method=POST uri=/api/auth/login/public"}
{"timestamp":"2026-09-13 13:33:07.844","level":"INFO","thread":"http-nio-8000-exec-6","logger":"c.j.p.a.LoginSuccessAuditAspect","message":"✅ LOGIN SUCCESS | User: admin@gmail.com | Role: ROLE_ADMIN"}
{"timestamp":"2026-09-13 13:33:07.860","level":"INFO","thread":"http-nio-8000-exec-6","logger":"c.j.p.logging.RequestLoggingFilter","message":"HTTP_REQUEST_BODY payload={"username":"admin@gmail.com","password":"*****"}"}
{"timestamp":"2026-09-13 13:33:07.860","level":"INFO","thread":"http-nio-8000-exec-6","logger":"c.j.p.logging.RequestLoggingFilter","message":"HTTP_REQUEST_COMPLETED method=POST uri=/api/auth/login/public status=200 durationMs=214"}
{"timestamp":"2026-09-13 13:33:08.164","level":"INFO","thread":"http-nio-8000-exec-8","logger":"c.j.p.logging.RequestLoggingFilter","message":"HTTP_REQUEST_STARTED method=GET uri=/api/admin/contacts/page"}
{"timestamp":"2026-09-13 13:33:08.164","level":"INFO","thread":"http-nio-8000-exec-10","logger":"c.j.p.logging.RequestLoggingFilter","message":"HTTP_REQUEST_STARTED method=GET uri=/api/admin/contacts/page"}
{"timestamp":"2026-09-13 13:33:08.220","level":"WARN","thread":"http-nio-8000-exec-8","logger":"o.s.w.s.m.m.a.ExceptionHandlerExceptionResolver","message":"Resolved [org.springframework.web.servlet.resource.NoResourceFoundException: No static resource api/admin/contacts/page for request '/api/admin/contacts/page'.]"}
{"timestamp":"2026-09-13 13:33:08.222","level":"WARN","thread":"http-nio-8000-exec-10","logger":"o.s.w.s.m.m.a.ExceptionHandlerExceptionResolver","message":"Resolved [org.springframework.web.servlet.resource.NoResourceFoundException: No static resource api/admin/contacts/page for request '/api/admin/contacts/page'.]"}
{"timestamp":"2026-09-13 13:33:08.224","level":"ERROR","thread":"http-nio-8000-exec-8","logger":"c.j.p.logging.RequestLoggingFilter","message":"HTTP_REQUEST_COMPLETED method=GET uri=/api/admin/contacts/page status=500 durationMs=59"}
{"timestamp":"2026-09-13 13:33:08.224","level":"ERROR","thread":"http-nio-8000-exec-10","logger":"c.j.p.logging.RequestLoggingFilter","message":"HTTP_REQUEST_COMPLETED method=GET uri=/api/admin/contacts/page status=500 durationMs=59"}
{"timestamp":"2026-09-13 13:35:52.336","level":"INFO","thread":"http-nio-8000-exec-1","logger":"c.j.p.logging.RequestLoggingFilter","message":"HTTP_REQUEST_STARTED method=GET uri=/api/companies/public"}
{"timestamp":"2026-09-13 13:35:52.335","level":"INFO","thread":"http-nio-8000-exec-2","logger":"c.j.p.logging.RequestLoggingFilter","message":"HTTP_REQUEST_STARTED method=GET uri=/api/companies/public"}
{"timestamp":"2026-09-13 13:35:55.144","level":"INFO","thread":"http-nio-8000-exec-2","logger":"c.j.p.logging.RequestLoggingFilter","message":"HTTP_REQUEST_COMPLETED method=GET uri=/api/companies/public status=200 durationMs=2812"}
{"timestamp":"2026-09-13 13:35:55.242","level":"INFO","thread":"http-nio-8000-exec-1","logger":"c.j.p.logging.RequestLoggingFilter","message":"HTTP_REQUEST_COMPLETED method=GET uri=/api/companies/public status=200 durationMs=2910"}
{"timestamp":"2026-09-13 13:36:01.081","level":"INFO","thread":"http-nio-8000-exec-3","logger":"c.j.p.logging.RequestLoggingFilter","message":"HTTP_REQUEST_STARTED method=GET uri=/api/companies/public"}
{"timestamp":"2026-09-13 13:36:01.083","level":"INFO","thread":"http-nio-8000-exec-4","logger":"c.j.p.logging.RequestLoggingFilter","message":"HTTP_REQUEST_STARTED method=GET uri=/api/companies/public"}
{"timestamp":"2026-09-13 13:36:02.410","level":"INFO","thread":"http-nio-8000-exec-4","logger":"c.j.p.logging.RequestLoggingFilter","message":"HTTP_REQUEST_COMPLETED method=GET uri=/api/companies/public status=200 durationMs=1326"}
{"timestamp":"2026-09-13 13:36:02.899","level":"INFO","thread":"http-nio-8000-exec-3","logger":"c.j.p.logging.RequestLoggingFilter","message":"HTTP_REQUEST_COMPLETED method=GET uri=/api/companies/public status=200 durationMs=1817"}
{"timestamp":"2026-09-13 13:36:08.046","level":"INFO","thread":"http-nio-8000-exec-5","logger":"c.j.p.logging.RequestLoggingFilter","message":"HTTP_REQUEST_STARTED method=POST uri=/api/auth/login/public"}
{"timestamp":"2026-09-13 13:36:08.673","level":"INFO","thread":"http-nio-8000-exec-5","logger":"c.j.p.a.LoginSuccessAuditAspect","message":"✅ LOGIN SUCCESS | User: admin@gmail.com | Role: ROLE_ADMIN"}
{"timestamp":"2026-09-13 13:36:08.694","level":"INFO","thread":"http-nio-8000-exec-5","logger":"c.j.p.logging.RequestLoggingFilter","message":"HTTP_REQUEST_BODY payload={"username":"admin@gmail.com","password":"*****"}"}
{"timestamp":"2026-09-13 13:36:08.694","level":"INFO","thread":"http-nio-8000-exec-5","logger":"c.j.p.logging.RequestLoggingFilter","message":"HTTP_REQUEST_COMPLETED method=POST uri=/api/auth/login/public status=200 durationMs=648"}
{"timestamp":"2026-09-13 13:36:09.237","level":"INFO","thread":"http-nio-8000-exec-10","logger":"c.j.p.logging.RequestLoggingFilter","message":"HTTP_REQUEST_STARTED method=GET uri=/api/api/contacts/page/admin"}
{"timestamp":"2026-09-13 13:36:09.238","level":"INFO","thread":"http-nio-8000-exec-7","logger":"c.j.p.logging.RequestLoggingFilter","message":"HTTP_REQUEST_STARTED method=GET uri=/api/api/contacts/page/admin"}
{"timestamp":"2026-09-13 13:36:09.312","level":"WARN","thread":"http-nio-8000-exec-7","logger":"o.s.w.s.m.m.a.ExceptionHandlerExceptionResolver","message":"Resolved [org.springframework.web.servlet.resource.NoResourceFoundException: No static resource api/api/contacts/page/admin for request '/api/api/contacts/page/admin'.]"}
{"timestamp":"2026-09-13 13:36:09.312","level":"WARN","thread":"http-nio-8000-exec-10","logger":"o.s.w.s.m.m.a.ExceptionHandlerExceptionResolver","message":"Resolved [org.springframework.web.servlet.resource.NoResourceFoundException: No static resource api/api/contacts/page/admin for request '/api/api/contacts/page/admin'.]"}
{"timestamp":"2026-09-13 13:36:09.313","level":"ERROR","thread":"http-nio-8000-exec-10","logger":"c.j.p.logging.RequestLoggingFilter","message":"HTTP_REQUEST_COMPLETED method=GET uri=/api/api/contacts/page/admin status=500 durationMs=75"}
{"timestamp":"2026-09-13 13:36:09.314","level":"ERROR","thread":"http-nio-8000-exec-7","logger":"c.j.p.logging.RequestLoggingFilter","message":"HTTP_REQUEST_COMPLETED method=GET uri=/api/api/contacts/page/admin status=500 durationMs=75"}
{"timestamp":"2026-09-13 13:36:47.235","level":"INFO","thread":"http-nio-8000-exec-2","logger":"c.j.p.logging.RequestLoggingFilter","message":"HTTP_REQUEST_STARTED method=GET uri=/api/companies/public"}
{"timestamp":"2026-09-13 13:36:47.234","level":"INFO","thread":"http-nio-8000-exec-8","logger":"c.j.p.logging.RequestLoggingFilter","message":"HTTP_REQUEST_STARTED method=GET uri=/api/companies/public"}
{"timestamp":"2026-09-13 13:36:48.665","level":"INFO","thread":"http-nio-8000-exec-2","logger":"c.j.p.logging.RequestLoggingFilter","message":"HTTP_REQUEST_COMPLETED method=GET uri=/api/companies/public status=200 durationMs=1429"}
{"timestamp":"2026-09-13 13:36:48.702","level":"INFO","thread":"http-nio-8000-exec-8","logger":"c.j.p.logging.RequestLoggingFilter","message":"HTTP_REQUEST_COMPLETED method=GET uri=/api/companies/public status=200 durationMs=1468"}
{"timestamp":"2026-09-13 13:36:59.929","level":"INFO","thread":"http-nio-8000-exec-1","logger":"c.j.p.logging.RequestLoggingFilter","message":"HTTP_REQUEST_STARTED method=GET uri=/api/companies/public"}
{"timestamp":"2026-09-13 13:36:59.932","level":"INFO","thread":"http-nio-8000-exec-4","logger":"c.j.p.logging.RequestLoggingFilter","message":"HTTP_REQUEST_STARTED method=GET uri=/api/companies/public"}
{"timestamp":"2026-09-13 13:37:01.610","level":"INFO","thread":"http-nio-8000-exec-4","logger":"c.j.p.logging.RequestLoggingFilter","message":"HTTP_REQUEST_COMPLETED method=GET uri=/api/companies/public status=200 durationMs=1678"}
{"timestamp":"2026-09-13 13:37:01.616","level":"INFO","thread":"http-nio-8000-exec-1","logger":"c.j.p.logging.RequestLoggingFilter","message":"HTTP_REQUEST_COMPLETED method=GET uri=/api/companies/public status=200 durationMs=1685"}
{"timestamp":"2026-09-13 13:37:13.418","level":"INFO","thread":"http-nio-8000-exec-5","logger":"c.j.p.logging.RequestLoggingFilter","message":"HTTP_REQUEST_STARTED method=POST uri=/api/auth/login/public"}
{"timestamp":"2026-09-13 13:37:13.598","level":"INFO","thread":"http-nio-8000-exec-5","logger":"c.j.p.a.LoginSuccessAuditAspect","message":"✅ LOGIN SUCCESS | User: admin@gmail.com | Role: ROLE_ADMIN"}
{"timestamp":"2026-09-13 13:37:13.607","level":"INFO","thread":"http-nio-8000-exec-5","logger":"c.j.p.logging.RequestLoggingFilter","message":"HTTP_REQUEST_BODY payload={"username":"admin@gmail.com","password":"*****"}"}
{"timestamp":"2026-09-13 13:37:13.609","level":"INFO","thread":"http-nio-8000-exec-5","logger":"c.j.p.logging.RequestLoggingFilter","message":"HTTP_REQUEST_COMPLETED method=POST uri=/api/auth/login/public status=200 durationMs=190"}
{"timestamp":"2026-09-13 13:37:14.101","level":"INFO","thread":"http-nio-8000-exec-9","logger":"c.j.p.logging.RequestLoggingFilter","message":"HTTP_REQUEST_STARTED method=GET uri=/api/contacts/page/admin"}
{"timestamp":"2026-09-13 13:37:14.102","level":"INFO","thread":"http-nio-8000-exec-7","logger":"c.j.p.logging.RequestLoggingFilter","message":"HTTP_REQUEST_STARTED method=GET uri=/api/contacts/page/admin"}
{"timestamp":"2026-09-13 13:37:14.858","level":"WARN","thread":"http-nio-8000-exec-7","logger":"o.s.d.w.c.SpringDataJackson3Configuration$PageModule$WarningLoggingModifier","message":"Serializing PageImpl instances as-is is not supported, meaning that there is no guarantee about the stability of the resulting JSON structure!
	For a stable JSON structure, please use Spring Data's PagedModel (globally via @EnableSpringDataWebSupport(pageSerializationMode = VIA_DTO))
	or Spring HATEOAS and Spring Data's PagedResourcesAssembler as documented in https://docs.spring.io/spring-data/commons/reference/repositories/core-extensions.html#core.web.pageables.
"}
{"timestamp":"2026-09-13 13:37:14.931","level":"INFO","thread":"http-nio-8000-exec-9","logger":"c.j.p.logging.RequestLoggingFilter","message":"HTTP_REQUEST_COMPLETED method=GET uri=/api/contacts/page/admin status=200 durationMs=833"}
{"timestamp":"2026-09-13 13:37:14.936","level":"INFO","thread":"http-nio-8000-exec-7","logger":"c.j.p.logging.RequestLoggingFilter","message":"HTTP_REQUEST_COMPLETED method=GET uri=/api/contacts/page/admin status=200 durationMs=832"}
{"timestamp":"2026-09-13 13:37:22.380","level":"INFO","thread":"http-nio-8000-exec-2","logger":"c.j.p.logging.RequestLoggingFilter","message":"HTTP_REQUEST_STARTED method=GET uri=/api/companies/public"}
{"timestamp":"2026-09-13 13:37:22.388","level":"INFO","thread":"http-nio-8000-exec-10","logger":"c.j.p.logging.RequestLoggingFilter","message":"HTTP_REQUEST_STARTED method=GET uri=/api/companies/public"}
{"timestamp":"2026-09-13 13:37:22.853","level":"INFO","thread":"http-nio-8000-exec-2","logger":"c.j.p.logging.RequestLoggingFilter","message":"HTTP_REQUEST_COMPLETED method=GET uri=/api/companies/public status=200 durationMs=472"}
{"timestamp":"2026-09-13 13:37:23.053","level":"INFO","thread":"http-nio-8000-exec-10","logger":"c.j.p.logging.RequestLoggingFilter","message":"HTTP_REQUEST_COMPLETED method=GET uri=/api/companies/public status=200 durationMs=669"}
{"timestamp":"2026-09-13 13:37:58.310","level":"INFO","thread":"http-nio-8000-exec-4","logger":"c.j.p.logging.RequestLoggingFilter","message":"HTTP_REQUEST_STARTED method=POST uri=/api/auth/login/public"}
{"timestamp":"2026-09-13 13:37:58.469","level":"INFO","thread":"http-nio-8000-exec-4","logger":"c.j.p.a.LoginSuccessAuditAspect","message":"✅ LOGIN SUCCESS | User: admin@gmail.com | Role: ROLE_ADMIN"}
{"timestamp":"2026-09-13 13:37:58.471","level":"INFO","thread":"http-nio-8000-exec-4","logger":"c.j.p.logging.RequestLoggingFilter","message":"HTTP_REQUEST_BODY payload={"username":"admin@gmail.com","password":"*****"}"}
{"timestamp":"2026-09-13 13:37:58.472","level":"INFO","thread":"http-nio-8000-exec-4","logger":"c.j.p.logging.RequestLoggingFilter","message":"HTTP_REQUEST_COMPLETED method=POST uri=/api/auth/login/public status=200 durationMs=161"}
{"timestamp":"2026-09-13 13:37:58.671","level":"INFO","thread":"http-nio-8000-exec-5","logger":"c.j.p.logging.RequestLoggingFilter","message":"HTTP_REQUEST_STARTED method=GET uri=/api/contacts/page/admin"}
{"timestamp":"2026-09-13 13:37:58.673","level":"INFO","thread":"http-nio-8000-exec-6","logger":"c.j.p.logging.RequestLoggingFilter","message":"HTTP_REQUEST_STARTED method=GET uri=/api/contacts/page/admin"}
{"timestamp":"2026-09-13 13:37:58.697","level":"INFO","thread":"http-nio-8000-exec-5","logger":"c.j.p.logging.RequestLoggingFilter","message":"HTTP_REQUEST_COMPLETED method=GET uri=/api/contacts/page/admin status=200 durationMs=25"}
{"timestamp":"2026-09-13 13:37:58.793","level":"INFO","thread":"http-nio-8000-exec-6","logger":"c.j.p.logging.RequestLoggingFilter","message":"HTTP_REQUEST_COMPLETED method=GET uri=/api/contacts/page/admin status=200 durationMs=118"}
{"timestamp":"2026-09-13 13:38:17.025","level":"INFO","thread":"http-nio-8000-exec-9","logger":"c.j.p.logging.RequestLoggingFilter","message":"HTTP_REQUEST_STARTED method=GET uri=/api/contacts/page/admin"}
{"timestamp":"2026-09-13 13:38:17.037","level":"INFO","thread":"http-nio-8000-exec-9","logger":"c.j.p.logging.RequestLoggingFilter","message":"HTTP_REQUEST_COMPLETED method=GET uri=/api/contacts/page/admin status=200 durationMs=10"}
{"timestamp":"2026-09-13 13:38:20.868","level":"INFO","thread":"http-nio-8000-exec-10","logger":"c.j.p.logging.RequestLoggingFilter","message":"HTTP_REQUEST_STARTED method=GET uri=/api/contacts/page/admin"}
{"timestamp":"2026-09-13 13:38:20.900","level":"INFO","thread":"http-nio-8000-exec-10","logger":"c.j.p.logging.RequestLoggingFilter","message":"HTTP_REQUEST_COMPLETED method=GET uri=/api/contacts/page/admin status=200 durationMs=30"}
{"timestamp":"2026-09-13 13:38:24.045","level":"INFO","thread":"http-nio-8000-exec-4","logger":"c.j.p.logging.RequestLoggingFilter","message":"HTTP_REQUEST_STARTED method=GET uri=/api/contacts/page/admin"}
{"timestamp":"2026-09-13 13:38:24.068","level":"INFO","thread":"http-nio-8000-exec-4","logger":"c.j.p.logging.RequestLoggingFilter","message":"HTTP_REQUEST_COMPLETED method=GET uri=/api/contacts/page/admin status=200 durationMs=23"}
{"timestamp":"2026-09-13 13:38:28.321","level":"INFO","thread":"http-nio-8000-exec-3","logger":"c.j.p.logging.RequestLoggingFilter","message":"HTTP_REQUEST_STARTED method=GET uri=/api/contacts/page/admin"}
{"timestamp":"2026-09-13 13:38:28.346","level":"INFO","thread":"http-nio-8000-exec-3","logger":"c.j.p.logging.RequestLoggingFilter","message":"HTTP_REQUEST_COMPLETED method=GET uri=/api/contacts/page/admin status=200 durationMs=26"}
{"timestamp":"2026-09-13 13:39:35.986","level":"INFO","thread":"http-nio-8000-exec-9","logger":"c.j.p.logging.RequestLoggingFilter","message":"HTTP_REQUEST_STARTED method=GET uri=/api/companies/public"}
{"timestamp":"2026-09-13 13:39:36.469","level":"INFO","thread":"http-nio-8000-exec-9","logger":"c.j.p.logging.RequestLoggingFilter","message":"HTTP_REQUEST_COMPLETED method=GET uri=/api/companies/public status=200 durationMs=484"}
{"timestamp":"2026-09-13 13:40:27.164","level":"INFO","thread":"http-nio-8000-exec-2","logger":"c.j.p.logging.RequestLoggingFilter","message":"HTTP_REQUEST_STARTED method=POST uri=/api/companies/public"}
{"timestamp":"2026-09-13 13:40:27.356","level":"WARN","thread":"http-nio-8000-exec-2","logger":"o.s.w.s.m.m.a.ExceptionHandlerExceptionResolver","message":"Resolved [org.springframework.web.HttpRequestMethodNotSupportedException: Request method 'POST' is not supported]"}
{"timestamp":"2026-09-13 13:40:27.357","level":"ERROR","thread":"http-nio-8000-exec-2","logger":"c.j.p.logging.RequestLoggingFilter","message":"HTTP_REQUEST_COMPLETED method=POST uri=/api/companies/public status=500 durationMs=187"}
{"timestamp":"2026-09-13 13:42:21.448","level":"INFO","thread":"http-nio-8000-exec-10","logger":"c.j.p.logging.RequestLoggingFilter","message":"HTTP_REQUEST_STARTED method=POST uri=/api/contacts/public"}
{"timestamp":"2026-09-13 13:42:25.621","level":"INFO","thread":"http-nio-8000-exec-10","logger":"c.j.p.logging.RequestLoggingFilter","message":"HTTP_REQUEST_BODY payload={"email":"user@example.com","subject":"string","message":"string","userType":"Job_Seeker","name":"string"}"}
{"timestamp":"2026-09-13 13:42:25.623","level":"INFO","thread":"http-nio-8000-exec-10","logger":"c.j.p.logging.RequestLoggingFilter","message":"HTTP_REQUEST_COMPLETED method=POST uri=/api/contacts/public status=201 durationMs=4183"}
{"timestamp":"2026-09-13 13:42:38.431","level":"INFO","thread":"http-nio-8000-exec-8","logger":"c.j.p.logging.RequestLoggingFilter","message":"HTTP_REQUEST_STARTED method=POST uri=/api/contacts/public"}
{"timestamp":"2026-09-13 13:42:38.555","level":"WARN","thread":"http-nio-8000-exec-8","logger":"org.hibernate.orm.jdbc.error","message":"HHH000247: ErrorCode: 1062, SQLState: 23000"}
{"timestamp":"2026-09-13 13:42:38.556","level":"WARN","thread":"http-nio-8000-exec-8","logger":"org.hibernate.orm.jdbc.error","message":"Duplicate entry 'user@example.com' for key 'contacts.email'"}
{"timestamp":"2026-09-13 13:42:38.618","level":"ERROR","thread":"http-nio-8000-exec-8","logger":"c.j.p.aspects.ExceptionAuditAspect","message":"❌ Exception occurred in method: CrudRepository.save(..)"}
{"timestamp":"2026-09-13 13:42:38.618","level":"ERROR","thread":"http-nio-8000-exec-8","logger":"c.j.p.aspects.ExceptionAuditAspect","message":"📥 Arguments: [com.jimmy.portal.contact.entity.Contact@3d2d77fc]"}
{"timestamp":"2026-09-13 13:42:38.618","level":"ERROR","thread":"http-nio-8000-exec-8","logger":"c.j.p.aspects.ExceptionAuditAspect","message":"💥 Exception type: DataIntegrityViolationException"}
{"timestamp":"2026-09-13 13:42:38.618","level":"ERROR","thread":"http-nio-8000-exec-8","logger":"c.j.p.aspects.ExceptionAuditAspect","message":"🧾 Exception message: could not execute statement [Duplicate entry 'user@example.com' for key 'contacts.email'] [insert into contacts (created_at,created_by,email,message,name,status,subject,user_type) values (?,?,?,?,?,?,?,?)]; SQL [insert into contacts (created_at,created_by,email,message,name,status,subject,user_type) values (?,?,?,?,?,?,?,?)]; constraint [contacts.email]"}
{"timestamp":"2026-09-13 13:42:38.618","level":"ERROR","thread":"http-nio-8000-exec-8","logger":"c.j.p.aspects.ExceptionAuditAspect","message":"❌ Exception occurred in method: ContactServiceImpl.addContact(..)"}
{"timestamp":"2026-09-13 13:42:38.618","level":"ERROR","thread":"http-nio-8000-exec-8","logger":"c.j.p.aspects.ExceptionAuditAspect","message":"📥 Arguments: [com.jimmy.portal.contact.entity.Contact@3d2d77fc]"}
{"timestamp":"2026-09-13 13:42:38.618","level":"ERROR","thread":"http-nio-8000-exec-8","logger":"c.j.p.aspects.ExceptionAuditAspect","message":"💥 Exception type: DataIntegrityViolationException"}
{"timestamp":"2026-09-13 13:42:38.618","level":"ERROR","thread":"http-nio-8000-exec-8","logger":"c.j.p.aspects.ExceptionAuditAspect","message":"🧾 Exception message: could not execute statement [Duplicate entry 'user@example.com' for key 'contacts.email'] [insert into contacts (created_at,created_by,email,message,name,status,subject,user_type) values (?,?,?,?,?,?,?,?)]; SQL [insert into contacts (created_at,created_by,email,message,name,status,subject,user_type) values (?,?,?,?,?,?,?,?)]; constraint [contacts.email]"}
{"timestamp":"2026-09-13 13:42:38.618","level":"ERROR","thread":"http-nio-8000-exec-8","logger":"c.j.p.aspects.ExceptionAuditAspect","message":"❌ Exception occurred in method: ContactController.addContact(..)"}
{"timestamp":"2026-09-13 13:42:38.628","level":"ERROR","thread":"http-nio-8000-exec-8","logger":"c.j.p.aspects.ExceptionAuditAspect","message":"📥 Arguments: [ContactRequestDto[email=user@example.com, subject=string, message=string, userType=Job_Seeker, name=string]]"}
{"timestamp":"2026-09-13 13:42:38.628","level":"ERROR","thread":"http-nio-8000-exec-8","logger":"c.j.p.aspects.ExceptionAuditAspect","message":"💥 Exception type: DataIntegrityViolationException"}
{"timestamp":"2026-09-13 13:42:38.632","level":"ERROR","thread":"http-nio-8000-exec-8","logger":"c.j.p.aspects.ExceptionAuditAspect","message":"🧾 Exception message: could not execute statement [Duplicate entry 'user@example.com' for key 'contacts.email'] [insert into contacts (created_at,created_by,email,message,name,status,subject,user_type) values (?,?,?,?,?,?,?,?)]; SQL [insert into contacts (created_at,created_by,email,message,name,status,subject,user_type) values (?,?,?,?,?,?,?,?)]; constraint [contacts.email]"}
{"timestamp":"2026-09-13 13:42:38.651","level":"WARN","thread":"http-nio-8000-exec-8","logger":"o.s.w.s.m.m.a.ExceptionHandlerExceptionResolver","message":"Resolved [org.springframework.dao.DataIntegrityViolationException: could not execute statement [Duplicate entry 'user@example.com' for key 'contacts.email'] [insert into contacts (created_at,created_by,email,message,name,status,subject,user_type) values (?,?,?,?,?,?,?,?)]; SQL [insert into contacts (created_at,created_by,email,message,name,status,subject,user_type) values (?,?,?,?,?,?,?,?)]; constraint [contacts.email]]"}
{"timestamp":"2026-09-13 13:42:38.662","level":"INFO","thread":"http-nio-8000-exec-8","logger":"c.j.p.logging.RequestLoggingFilter","message":"HTTP_REQUEST_BODY payload={"email":"user@example.com","subject":"string","message":"string","userType":"Job_Seeker","name":"string"}"}
{"timestamp":"2026-09-13 13:42:38.662","level":"WARN","thread":"http-nio-8000-exec-8","logger":"c.j.p.logging.RequestLoggingFilter","message":"HTTP_REQUEST_COMPLETED method=POST uri=/api/contacts/public status=409 durationMs=233"}
{"timestamp":"2026-09-13 13:44:30.604","level":"INFO","thread":"http-nio-8000-exec-1","logger":"c.j.p.logging.RequestLoggingFilter","message":"HTTP_REQUEST_STARTED method=POST uri=/api/contacts/public"}
{"timestamp":"2026-09-13 13:44:31.369","level":"INFO","thread":"http-nio-8000-exec-1","logger":"c.j.p.logging.RequestLoggingFilter","message":"HTTP_REQUEST_BODY payload={"email":"dino@example.com","subject":"string","message":"string","userType":"Job_Seeker","name":"string"}"}
{"timestamp":"2026-09-13 13:44:31.369","level":"INFO","thread":"http-nio-8000-exec-1","logger":"c.j.p.logging.RequestLoggingFilter","message":"HTTP_REQUEST_COMPLETED method=POST uri=/api/contacts/public status=201 durationMs=765"}
{"timestamp":"2026-09-13 13:44:34.861","level":"INFO","thread":"http-nio-8000-exec-3","logger":"c.j.p.logging.RequestLoggingFilter","message":"HTTP_REQUEST_STARTED method=POST uri=/api/contacts/public"}
{"timestamp":"2026-09-13 13:44:34.912","level":"WARN","thread":"http-nio-8000-exec-3","logger":"org.hibernate.orm.jdbc.error","message":"HHH000247: ErrorCode: 1062, SQLState: 23000"}
{"timestamp":"2026-09-13 13:44:34.912","level":"WARN","thread":"http-nio-8000-exec-3","logger":"org.hibernate.orm.jdbc.error","message":"Duplicate entry 'dino@example.com' for key 'contacts.email'"}
{"timestamp":"2026-09-13 13:44:34.934","level":"ERROR","thread":"http-nio-8000-exec-3","logger":"c.j.p.aspects.ExceptionAuditAspect","message":"❌ Exception occurred in method: CrudRepository.save(..)"}
{"timestamp":"2026-09-13 13:44:34.936","level":"ERROR","thread":"http-nio-8000-exec-3","logger":"c.j.p.aspects.ExceptionAuditAspect","message":"📥 Arguments: [com.jimmy.portal.contact.entity.Contact@6e3430fe]"}
{"timestamp":"2026-09-13 13:44:34.937","level":"ERROR","thread":"http-nio-8000-exec-3","logger":"c.j.p.aspects.ExceptionAuditAspect","message":"💥 Exception type: DataIntegrityViolationException"}
{"timestamp":"2026-09-13 13:44:34.938","level":"ERROR","thread":"http-nio-8000-exec-3","logger":"c.j.p.aspects.ExceptionAuditAspect","message":"🧾 Exception message: could not execute statement [Duplicate entry 'dino@example.com' for key 'contacts.email'] [insert into contacts (created_at,created_by,email,message,name,status,subject,user_type) values (?,?,?,?,?,?,?,?)]; SQL [insert into contacts (created_at,created_by,email,message,name,status,subject,user_type) values (?,?,?,?,?,?,?,?)]; constraint [contacts.email]"}
{"timestamp":"2026-09-13 13:44:34.939","level":"ERROR","thread":"http-nio-8000-exec-3","logger":"c.j.p.aspects.ExceptionAuditAspect","message":"❌ Exception occurred in method: ContactServiceImpl.addContact(..)"}
{"timestamp":"2026-09-13 13:44:34.940","level":"ERROR","thread":"http-nio-8000-exec-3","logger":"c.j.p.aspects.ExceptionAuditAspect","message":"📥 Arguments: [com.jimmy.portal.contact.entity.Contact@6e3430fe]"}
{"timestamp":"2026-09-13 13:44:34.940","level":"ERROR","thread":"http-nio-8000-exec-3","logger":"c.j.p.aspects.ExceptionAuditAspect","message":"💥 Exception type: DataIntegrityViolationException"}
{"timestamp":"2026-09-13 13:44:34.940","level":"ERROR","thread":"http-nio-8000-exec-3","logger":"c.j.p.aspects.ExceptionAuditAspect","message":"🧾 Exception message: could not execute statement [Duplicate entry 'dino@example.com' for key 'contacts.email'] [insert into contacts (created_at,created_by,email,message,name,status,subject,user_type) values (?,?,?,?,?,?,?,?)]; SQL [insert into contacts (created_at,created_by,email,message,name,status,subject,user_type) values (?,?,?,?,?,?,?,?)]; constraint [contacts.email]"}
{"timestamp":"2026-09-13 13:44:34.940","level":"ERROR","thread":"http-nio-8000-exec-3","logger":"c.j.p.aspects.ExceptionAuditAspect","message":"❌ Exception occurred in method: ContactController.addContact(..)"}
{"timestamp":"2026-09-13 13:44:34.940","level":"ERROR","thread":"http-nio-8000-exec-3","logger":"c.j.p.aspects.ExceptionAuditAspect","message":"📥 Arguments: [ContactRequestDto[email=dino@example.com, subject=string, message=string, userType=Job_Seeker, name=string]]"}
{"timestamp":"2026-09-13 13:44:34.942","level":"ERROR","thread":"http-nio-8000-exec-3","logger":"c.j.p.aspects.ExceptionAuditAspect","message":"💥 Exception type: DataIntegrityViolationException"}
{"timestamp":"2026-09-13 13:44:34.942","level":"ERROR","thread":"http-nio-8000-exec-3","logger":"c.j.p.aspects.ExceptionAuditAspect","message":"🧾 Exception message: could not execute statement [Duplicate entry 'dino@example.com' for key 'contacts.email'] [insert into contacts (created_at,created_by,email,message,name,status,subject,user_type) values (?,?,?,?,?,?,?,?)]; SQL [insert into contacts (created_at,created_by,email,message,name,status,subject,user_type) values (?,?,?,?,?,?,?,?)]; constraint [contacts.email]"}
{"timestamp":"2026-09-13 13:44:34.967","level":"WARN","thread":"http-nio-8000-exec-3","logger":"o.s.w.s.m.m.a.ExceptionHandlerExceptionResolver","message":"Resolved [org.springframework.dao.DataIntegrityViolationException: could not execute statement [Duplicate entry 'dino@example.com' for key 'contacts.email'] [insert into contacts (created_at,created_by,email,message,name,status,subject,user_type) values (?,?,?,?,?,?,?,?)]; SQL [insert into contacts (created_at,created_by,email,message,name,status,subject,user_type) values (?,?,?,?,?,?,?,?)]; constraint [contacts.email]]"}
{"timestamp":"2026-09-13 13:44:34.969","level":"INFO","thread":"http-nio-8000-exec-3","logger":"c.j.p.logging.RequestLoggingFilter","message":"HTTP_REQUEST_BODY payload={"email":"dino@example.com","subject":"string","message":"string","userType":"Job_Seeker","name":"string"}"}
{"timestamp":"2026-09-13 13:44:34.969","level":"WARN","thread":"http-nio-8000-exec-3","logger":"c.j.p.logging.RequestLoggingFilter","message":"HTTP_REQUEST_COMPLETED method=POST uri=/api/contacts/public status=409 durationMs=107"}
{"timestamp":"2026-09-13 13:48:34.100","level":"INFO","thread":"http-nio-8000-exec-5","logger":"c.j.p.logging.RequestLoggingFilter","message":"HTTP_REQUEST_STARTED method=POST uri=/api/contacts/public"}
{"timestamp":"2026-09-13 13:48:34.441","level":"INFO","thread":"http-nio-8000-exec-5","logger":"c.j.p.logging.RequestLoggingFilter","message":"HTTP_REQUEST_BODY payload={"email":"nklkl@example.com","subject":"string","message":"string","userType":"Job_Seeker","name":"string"}"}
{"timestamp":"2026-09-13 13:48:34.441","level":"INFO","thread":"http-nio-8000-exec-5","logger":"c.j.p.logging.RequestLoggingFilter","message":"HTTP_REQUEST_COMPLETED method=POST uri=/api/contacts/public status=201 durationMs=343"}
{"timestamp":"2026-09-13 13:48:41.750","level":"INFO","thread":"http-nio-8000-exec-7","logger":"c.j.p.logging.RequestLoggingFilter","message":"HTTP_REQUEST_STARTED method=POST uri=/api/contacts/public"}
{"timestamp":"2026-09-13 13:48:41.818","level":"INFO","thread":"http-nio-8000-exec-7","logger":"c.j.p.logging.RequestLoggingFilter","message":"HTTP_REQUEST_BODY payload={"email":"ljk@example.com","subject":"string","message":"string","userType":"Job_Seeker","name":"string"}"}
{"timestamp":"2026-09-13 13:48:41.818","level":"INFO","thread":"http-nio-8000-exec-7","logger":"c.j.p.logging.RequestLoggingFilter","message":"HTTP_REQUEST_COMPLETED method=POST uri=/api/contacts/public status=201 durationMs=67"}
{"timestamp":"2026-09-13 13:48:46.834","level":"INFO","thread":"http-nio-8000-exec-9","logger":"c.j.p.logging.RequestLoggingFilter","message":"HTTP_REQUEST_STARTED method=POST uri=/api/contacts/public"}
{"timestamp":"2026-09-13 13:48:46.877","level":"INFO","thread":"http-nio-8000-exec-9","logger":"c.j.p.logging.RequestLoggingFilter","message":"HTTP_REQUEST_BODY payload={"email":"lkk@example.com","subject":"string","message":"string","userType":"Job_Seeker","name":"string"}"}
{"timestamp":"2026-09-13 13:48:46.878","level":"INFO","thread":"http-nio-8000-exec-9","logger":"c.j.p.logging.RequestLoggingFilter","message":"HTTP_REQUEST_COMPLETED method=POST uri=/api/contacts/public status=201 durationMs=41"}
{"timestamp":"2026-09-13 13:48:52.551","level":"INFO","thread":"http-nio-8000-exec-2","logger":"c.j.p.logging.RequestLoggingFilter","message":"HTTP_REQUEST_STARTED method=POST uri=/api/contacts/public"}
{"timestamp":"2026-09-13 13:48:53.216","level":"WARN","thread":"http-nio-8000-exec-2","logger":"o.s.w.s.m.m.a.ExceptionHandlerExceptionResolver","message":"Resolved [org.springframework.web.bind.MethodArgumentNotValidException: Validation failed for argument [0] in public org.springframework.http.ResponseEntity<java.lang.String> com.jimmy.portal.contact.controller.ContactController.addContact(com.jimmy.portal.contact.dto.ContactRequestDto): [Field error in object 'contactRequestDto' on field 'email': rejected value [,nm,@example.com]; codes [Email.contactRequestDto.email,Email.email,Email.java.lang.String,Email]; arguments [org.springframework.context.support.DefaultMessageSourceResolvable: codes [contactRequestDto.email,email]; arguments []; default message [email],[Ljakarta.validation.constraints.Pattern$Flag;@39f63873,.*]; default message [Enter a valid email]] ]"}
{"timestamp":"2026-09-13 13:48:53.217","level":"INFO","thread":"http-nio-8000-exec-2","logger":"c.j.p.logging.RequestLoggingFilter","message":"HTTP_REQUEST_BODY payload={"email":",nm,@example.com","subject":"string","message":"string","userType":"Job_Seeker","name":"string"}"}
{"timestamp":"2026-09-13 13:48:53.217","level":"WARN","thread":"http-nio-8000-exec-2","logger":"c.j.p.logging.RequestLoggingFilter","message":"HTTP_REQUEST_COMPLETED method=POST uri=/api/contacts/public status=400 durationMs=666"}
{"timestamp":"2026-09-13 13:48:58.973","level":"INFO","thread":"http-nio-8000-exec-10","logger":"c.j.p.logging.RequestLoggingFilter","message":"HTTP_REQUEST_STARTED method=GET uri=/api/companies/public"}
{"timestamp":"2026-09-13 13:49:00.401","level":"INFO","thread":"http-nio-8000-exec-8","logger":"c.j.p.logging.RequestLoggingFilter","message":"HTTP_REQUEST_STARTED method=GET uri=/api/companies/public"}
{"timestamp":"2026-09-13 13:49:00.557","level":"INFO","thread":"http-nio-8000-exec-10","logger":"c.j.p.logging.RequestLoggingFilter","message":"HTTP_REQUEST_COMPLETED method=GET uri=/api/companies/public status=200 durationMs=1583"}
{"timestamp":"2026-09-13 13:49:01.221","level":"INFO","thread":"http-nio-8000-exec-8","logger":"c.j.p.logging.RequestLoggingFilter","message":"HTTP_REQUEST_COMPLETED method=GET uri=/api/companies/public status=200 durationMs=819"}
{"timestamp":"2026-09-13 13:49:36.036","level":"INFO","thread":"http-nio-8000-exec-4","logger":"c.j.p.logging.RequestLoggingFilter","message":"HTTP_REQUEST_STARTED method=GET uri=/api/contacts/page/admin"}
{"timestamp":"2026-09-13 13:49:36.077","level":"INFO","thread":"http-nio-8000-exec-4","logger":"c.j.p.logging.RequestLoggingFilter","message":"HTTP_REQUEST_COMPLETED method=GET uri=/api/contacts/page/admin status=200 durationMs=39"}
{"timestamp":"2026-09-13 13:49:36.084","level":"INFO","thread":"http-nio-8000-exec-1","logger":"c.j.p.logging.RequestLoggingFilter","message":"HTTP_REQUEST_STARTED method=GET uri=/api/contacts/page/admin"}
{"timestamp":"2026-09-13 13:49:36.093","level":"INFO","thread":"http-nio-8000-exec-1","logger":"c.j.p.logging.RequestLoggingFilter","message":"HTTP_REQUEST_COMPLETED method=GET uri=/api/contacts/page/admin status=200 durationMs=8"}
{"timestamp":"2026-09-13 13:49:42.382","level":"INFO","thread":"http-nio-8000-exec-3","logger":"c.j.p.logging.RequestLoggingFilter","message":"HTTP_REQUEST_STARTED method=GET uri=/api/contacts/page/admin"}
{"timestamp":"2026-09-13 13:49:42.493","level":"INFO","thread":"http-nio-8000-exec-3","logger":"c.j.p.logging.RequestLoggingFilter","message":"HTTP_REQUEST_COMPLETED method=GET uri=/api/contacts/page/admin status=200 durationMs=110"}
{"timestamp":"2026-09-13 13:49:49.769","level":"INFO","thread":"http-nio-8000-exec-5","logger":"c.j.p.logging.RequestLoggingFilter","message":"HTTP_REQUEST_STARTED method=GET uri=/api/contacts/page/admin"}
{"timestamp":"2026-09-13 13:49:49.797","level":"INFO","thread":"http-nio-8000-exec-5","logger":"c.j.p.logging.RequestLoggingFilter","message":"HTTP_REQUEST_COMPLETED method=GET uri=/api/contacts/page/admin status=200 durationMs=26"}
{"timestamp":"2026-09-13 13:49:56.269","level":"INFO","thread":"http-nio-8000-exec-7","logger":"c.j.p.logging.RequestLoggingFilter","message":"HTTP_REQUEST_STARTED method=GET uri=/api/contacts/page/admin"}
{"timestamp":"2026-09-13 13:49:56.286","level":"INFO","thread":"http-nio-8000-exec-7","logger":"c.j.p.logging.RequestLoggingFilter","message":"HTTP_REQUEST_COMPLETED method=GET uri=/api/contacts/page/admin status=200 durationMs=16"}
{"timestamp":"2026-09-13 13:50:00.228","level":"INFO","thread":"http-nio-8000-exec-2","logger":"c.j.p.logging.RequestLoggingFilter","message":"HTTP_REQUEST_STARTED method=GET uri=/api/contacts/page/admin"}
{"timestamp":"2026-09-13 13:50:00.254","level":"INFO","thread":"http-nio-8000-exec-2","logger":"c.j.p.logging.RequestLoggingFilter","message":"HTTP_REQUEST_COMPLETED method=GET uri=/api/contacts/page/admin status=200 durationMs=21"}
{"timestamp":"2026-09-13 13:50:02.548","level":"INFO","thread":"http-nio-8000-exec-10","logger":"c.j.p.logging.RequestLoggingFilter","message":"HTTP_REQUEST_STARTED method=GET uri=/api/contacts/page/admin"}
{"timestamp":"2026-09-13 13:50:02.572","level":"INFO","thread":"http-nio-8000-exec-10","logger":"c.j.p.logging.RequestLoggingFilter","message":"HTTP_REQUEST_COMPLETED method=GET uri=/api/contacts/page/admin status=200 durationMs=23"}
{"timestamp":"2026-09-13 13:50:05.259","level":"INFO","thread":"http-nio-8000-exec-8","logger":"c.j.p.logging.RequestLoggingFilter","message":"HTTP_REQUEST_STARTED method=GET uri=/api/contacts/page/admin"}
{"timestamp":"2026-09-13 13:50:05.281","level":"INFO","thread":"http-nio-8000-exec-8","logger":"c.j.p.logging.RequestLoggingFilter","message":"HTTP_REQUEST_COMPLETED method=GET uri=/api/contacts/page/admin status=200 durationMs=21"}
{"timestamp":"2026-09-13 13:50:07.657","level":"INFO","thread":"http-nio-8000-exec-4","logger":"c.j.p.logging.RequestLoggingFilter","message":"HTTP_REQUEST_STARTED method=GET uri=/api/contacts/page/admin"}
{"timestamp":"2026-09-13 13:50:07.683","level":"INFO","thread":"http-nio-8000-exec-4","logger":"c.j.p.logging.RequestLoggingFilter","message":"HTTP_REQUEST_COMPLETED method=GET uri=/api/contacts/page/admin status=200 durationMs=25"}
{"timestamp":"2026-09-13 13:50:16.261","level":"INFO","thread":"http-nio-8000-exec-3","logger":"c.j.p.logging.RequestLoggingFilter","message":"HTTP_REQUEST_STARTED method=GET uri=/api/contacts/page/admin"}
{"timestamp":"2026-09-13 13:50:16.299","level":"INFO","thread":"http-nio-8000-exec-3","logger":"c.j.p.logging.RequestLoggingFilter","message":"HTTP_REQUEST_COMPLETED method=GET uri=/api/contacts/page/admin status=200 durationMs=37"}
{"timestamp":"2026-09-13 15:05:13.338","level":"WARN","thread":"HikariPool-7:housekeeper","logger":"com.zaxxer.hikari.pool.HikariPool","message":"HikariPool-7 - Thread starvation or clock leap detected (housekeeper delta=1h4m46s992ms300µs)."}
{"timestamp":"2026-09-13 15:05:32.739","level":"WARN","thread":"HikariPool-7:housekeeper","logger":"com.zaxxer.hikari.pool.PoolBase","message":"HikariPool-7 - Failed to validate connection com.mysql.cj.jdbc.ConnectionImpl@70f15ee4 (No operations allowed after connection closed.). Possibly consider using a shorter maxLifetime value."}
{"timestamp":"2026-09-13 15:06:30.693","level":"INFO","thread":"http-nio-8000-exec-7","logger":"c.j.p.logging.RequestLoggingFilter","message":"HTTP_REQUEST_STARTED method=GET uri=/api/companies/public"}
{"timestamp":"2026-09-13 15:06:30.694","level":"INFO","thread":"http-nio-8000-exec-9","logger":"c.j.p.logging.RequestLoggingFilter","message":"HTTP_REQUEST_STARTED method=GET uri=/api/companies/public"}
{"timestamp":"2026-09-13 15:06:34.712","level":"INFO","thread":"http-nio-8000-exec-9","logger":"c.j.p.logging.RequestLoggingFilter","message":"HTTP_REQUEST_COMPLETED method=GET uri=/api/companies/public status=200 durationMs=4023"}
{"timestamp":"2026-09-13 15:06:34.712","level":"INFO","thread":"http-nio-8000-exec-7","logger":"c.j.p.logging.RequestLoggingFilter","message":"HTTP_REQUEST_COMPLETED method=GET uri=/api/companies/public status=200 durationMs=4023"}
{"timestamp":"2026-09-13 15:07:08.734","level":"INFO","thread":"http-nio-8000-exec-2","logger":"c.j.p.logging.RequestLoggingFilter","message":"HTTP_REQUEST_STARTED method=PATCH uri=/api/contacts/1/status/admin"}
{"timestamp":"2026-09-13 15:07:10.390","level":"ERROR","thread":"http-nio-8000-exec-2","logger":"c.j.p.aspects.ExceptionAuditAspect","message":"❌ Exception occurred in method: CrudRepository.save(..)"}
{"timestamp":"2026-09-13 15:07:10.428","level":"ERROR","thread":"http-nio-8000-exec-2","logger":"c.j.p.aspects.ExceptionAuditAspect","message":"📥 Arguments: [com.jimmy.portal.contact.entity.Contact@6248bc5c]"}
{"timestamp":"2026-09-13 15:07:10.428","level":"ERROR","thread":"http-nio-8000-exec-2","logger":"c.j.p.aspects.ExceptionAuditAspect","message":"💥 Exception type: TransactionSystemException"}
{"timestamp":"2026-09-13 15:07:10.428","level":"ERROR","thread":"http-nio-8000-exec-2","logger":"c.j.p.aspects.ExceptionAuditAspect","message":"🧾 Exception message: Could not commit JPA transaction"}
{"timestamp":"2026-09-13 15:07:10.428","level":"ERROR","thread":"http-nio-8000-exec-2","logger":"c.j.p.aspects.ExceptionAuditAspect","message":"❌ Exception occurred in method: ContactServiceImpl.closeContactMsg(..)"}
{"timestamp":"2026-09-13 15:07:10.428","level":"ERROR","thread":"http-nio-8000-exec-2","logger":"c.j.p.aspects.ExceptionAuditAspect","message":"📥 Arguments: [1, CLOSED]"}
{"timestamp":"2026-09-13 15:07:10.428","level":"ERROR","thread":"http-nio-8000-exec-2","logger":"c.j.p.aspects.ExceptionAuditAspect","message":"💥 Exception type: TransactionSystemException"}
{"timestamp":"2026-09-13 15:07:10.428","level":"ERROR","thread":"http-nio-8000-exec-2","logger":"c.j.p.aspects.ExceptionAuditAspect","message":"🧾 Exception message: Could not commit JPA transaction"}
{"timestamp":"2026-09-13 15:07:10.428","level":"ERROR","thread":"http-nio-8000-exec-2","logger":"c.j.p.aspects.ExceptionAuditAspect","message":"❌ Exception occurred in method: ContactController.closeContactMsg(..)"}
{"timestamp":"2026-09-13 15:07:10.428","level":"ERROR","thread":"http-nio-8000-exec-2","logger":"c.j.p.aspects.ExceptionAuditAspect","message":"📥 Arguments: [1]"}
{"timestamp":"2026-09-13 15:07:10.428","level":"ERROR","thread":"http-nio-8000-exec-2","logger":"c.j.p.aspects.ExceptionAuditAspect","message":"💥 Exception type: TransactionSystemException"}
{"timestamp":"2026-09-13 15:07:10.428","level":"ERROR","thread":"http-nio-8000-exec-2","logger":"c.j.p.aspects.ExceptionAuditAspect","message":"🧾 Exception message: Could not commit JPA transaction"}
{"timestamp":"2026-09-13 15:07:10.477","level":"WARN","thread":"http-nio-8000-exec-2","logger":"o.s.w.s.m.m.a.ExceptionHandlerExceptionResolver","message":"Resolved [org.springframework.transaction.TransactionSystemException: Could not commit JPA transaction]"}
{"timestamp":"2026-09-13 15:07:10.477","level":"ERROR","thread":"http-nio-8000-exec-2","logger":"c.j.p.logging.RequestLoggingFilter","message":"HTTP_REQUEST_COMPLETED method=PATCH uri=/api/contacts/1/status/admin status=500 durationMs=1744"}
{"timestamp":"2026-09-13 15:09:15.227","level":"INFO","thread":"http-nio-8000-exec-4","logger":"c.j.p.logging.RequestLoggingFilter","message":"HTTP_REQUEST_STARTED method=PATCH uri=/api/contacts/1/status/admin"}
{"timestamp":"2026-09-13 15:09:15.757","level":"ERROR","thread":"http-nio-8000-exec-4","logger":"c.j.p.aspects.ExceptionAuditAspect","message":"❌ Exception occurred in method: CrudRepository.save(..)"}
{"timestamp":"2026-09-13 15:09:15.767","level":"ERROR","thread":"http-nio-8000-exec-4","logger":"c.j.p.aspects.ExceptionAuditAspect","message":"📥 Arguments: [com.jimmy.portal.contact.entity.Contact@772644ca]"}
{"timestamp":"2026-09-13 15:09:15.767","level":"ERROR","thread":"http-nio-8000-exec-4","logger":"c.j.p.aspects.ExceptionAuditAspect","message":"💥 Exception type: TransactionSystemException"}
{"timestamp":"2026-09-13 15:09:15.767","level":"ERROR","thread":"http-nio-8000-exec-4","logger":"c.j.p.aspects.ExceptionAuditAspect","message":"🧾 Exception message: Could not commit JPA transaction"}
{"timestamp":"2026-09-13 15:09:15.767","level":"ERROR","thread":"http-nio-8000-exec-4","logger":"c.j.p.aspects.ExceptionAuditAspect","message":"❌ Exception occurred in method: ContactServiceImpl.closeContactMsg(..)"}
{"timestamp":"2026-09-13 15:09:15.769","level":"ERROR","thread":"http-nio-8000-exec-4","logger":"c.j.p.aspects.ExceptionAuditAspect","message":"📥 Arguments: [1, CLOSED]"}
{"timestamp":"2026-09-13 15:09:15.769","level":"ERROR","thread":"http-nio-8000-exec-4","logger":"c.j.p.aspects.ExceptionAuditAspect","message":"💥 Exception type: TransactionSystemException"}
{"timestamp":"2026-09-13 15:09:15.769","level":"ERROR","thread":"http-nio-8000-exec-4","logger":"c.j.p.aspects.ExceptionAuditAspect","message":"🧾 Exception message: Could not commit JPA transaction"}
{"timestamp":"2026-09-13 15:09:15.769","level":"ERROR","thread":"http-nio-8000-exec-4","logger":"c.j.p.aspects.ExceptionAuditAspect","message":"❌ Exception occurred in method: ContactController.closeContactMsg(..)"}
{"timestamp":"2026-09-13 15:09:15.769","level":"ERROR","thread":"http-nio-8000-exec-4","logger":"c.j.p.aspects.ExceptionAuditAspect","message":"📥 Arguments: [1]"}
{"timestamp":"2026-09-13 15:09:15.769","level":"ERROR","thread":"http-nio-8000-exec-4","logger":"c.j.p.aspects.ExceptionAuditAspect","message":"💥 Exception type: TransactionSystemException"}
{"timestamp":"2026-09-13 15:09:15.769","level":"ERROR","thread":"http-nio-8000-exec-4","logger":"c.j.p.aspects.ExceptionAuditAspect","message":"🧾 Exception message: Could not commit JPA transaction"}
{"timestamp":"2026-09-13 15:09:15.851","level":"WARN","thread":"http-nio-8000-exec-4","logger":"o.s.w.s.m.m.a.ExceptionHandlerExceptionResolver","message":"Resolved [org.springframework.transaction.TransactionSystemException: Could not commit JPA transaction]"}
{"timestamp":"2026-09-13 15:09:15.868","level":"ERROR","thread":"http-nio-8000-exec-4","logger":"c.j.p.logging.RequestLoggingFilter","message":"HTTP_REQUEST_COMPLETED method=PATCH uri=/api/contacts/1/status/admin status=500 durationMs=640"}
{"timestamp":"2026-09-13 15:12:08.186","level":"INFO","thread":"http-nio-8000-exec-1","logger":"c.j.p.logging.RequestLoggingFilter","message":"HTTP_REQUEST_STARTED method=PATCH uri=/api/contacts/5/status/admin"}
{"timestamp":"2026-09-13 15:12:08.660","level":"ERROR","thread":"http-nio-8000-exec-1","logger":"c.j.p.aspects.ExceptionAuditAspect","message":"❌ Exception occurred in method: CrudRepository.save(..)"}
{"timestamp":"2026-09-13 15:12:08.977","level":"ERROR","thread":"http-nio-8000-exec-1","logger":"c.j.p.aspects.ExceptionAuditAspect","message":"📥 Arguments: [com.jimmy.portal.contact.entity.Contact@1fbe9389]"}
{"timestamp":"2026-09-13 15:12:08.978","level":"ERROR","thread":"http-nio-8000-exec-1","logger":"c.j.p.aspects.ExceptionAuditAspect","message":"💥 Exception type: TransactionSystemException"}
{"timestamp":"2026-09-13 15:12:08.978","level":"ERROR","thread":"http-nio-8000-exec-1","logger":"c.j.p.aspects.ExceptionAuditAspect","message":"🧾 Exception message: Could not commit JPA transaction"}
{"timestamp":"2026-09-13 15:12:08.981","level":"ERROR","thread":"http-nio-8000-exec-1","logger":"c.j.p.aspects.ExceptionAuditAspect","message":"❌ Exception occurred in method: ContactServiceImpl.closeContactMsg(..)"}
{"timestamp":"2026-09-13 15:12:08.981","level":"ERROR","thread":"http-nio-8000-exec-1","logger":"c.j.p.aspects.ExceptionAuditAspect","message":"📥 Arguments: [5, CLOSED]"}
{"timestamp":"2026-09-13 15:12:08.981","level":"ERROR","thread":"http-nio-8000-exec-1","logger":"c.j.p.aspects.ExceptionAuditAspect","message":"💥 Exception type: TransactionSystemException"}
{"timestamp":"2026-09-13 15:12:08.981","level":"ERROR","thread":"http-nio-8000-exec-1","logger":"c.j.p.aspects.ExceptionAuditAspect","message":"🧾 Exception message: Could not commit JPA transaction"}
{"timestamp":"2026-09-13 15:12:08.983","level":"ERROR","thread":"http-nio-8000-exec-1","logger":"c.j.p.aspects.ExceptionAuditAspect","message":"❌ Exception occurred in method: ContactController.closeContactMsg(..)"}
{"timestamp":"2026-09-13 15:12:08.984","level":"ERROR","thread":"http-nio-8000-exec-1","logger":"c.j.p.aspects.ExceptionAuditAspect","message":"📥 Arguments: [5]"}
{"timestamp":"2026-09-13 15:12:08.984","level":"ERROR","thread":"http-nio-8000-exec-1","logger":"c.j.p.aspects.ExceptionAuditAspect","message":"💥 Exception type: TransactionSystemException"}
{"timestamp":"2026-09-13 15:12:08.984","level":"ERROR","thread":"http-nio-8000-exec-1","logger":"c.j.p.aspects.ExceptionAuditAspect","message":"🧾 Exception message: Could not commit JPA transaction"}
{"timestamp":"2026-09-13 15:12:09.050","level":"WARN","thread":"http-nio-8000-exec-1","logger":"o.s.w.s.m.m.a.ExceptionHandlerExceptionResolver","message":"Resolved [org.springframework.transaction.TransactionSystemException: Could not commit JPA transaction]"}
{"timestamp":"2026-09-13 15:12:09.067","level":"ERROR","thread":"http-nio-8000-exec-1","logger":"c.j.p.logging.RequestLoggingFilter","message":"HTTP_REQUEST_COMPLETED method=PATCH uri=/api/contacts/5/status/admin status=500 durationMs=887"}
{"timestamp":"2026-09-13 15:19:39.735","level":"INFO","thread":"File Watcher","logger":"o.s.b.d.a.LocalDevToolsAutoConfiguration$RestartingClassPathChangeChangedEventListener","message":"Restarting due to 2 class path changes (0 additions, 2 deletions, 0 modifications)"}
{"timestamp":"2026-09-13 15:19:39.750","level":"INFO","thread":"Thread-76","logger":"o.s.boot.tomcat.GracefulShutdown","message":"Commencing graceful shutdown. Waiting for active requests to complete"}
{"timestamp":"2026-09-13 15:19:39.759","level":"INFO","thread":"tomcat-shutdown","logger":"o.a.coyote.http11.Http11NioProtocol","message":"Pausing ProtocolHandler ["http-nio-8000"]"}
{"timestamp":"2026-09-13 15:19:39.784","level":"INFO","thread":"tomcat-shutdown","logger":"o.s.boot.tomcat.GracefulShutdown","message":"Graceful shutdown complete"}
{"timestamp":"2026-09-13 15:19:39.786","level":"INFO","thread":"Thread-76","logger":"o.a.coyote.http11.Http11NioProtocol","message":"Stopping ProtocolHandler ["http-nio-8000"]"}
{"timestamp":"2026-09-13 15:19:39.826","level":"INFO","thread":"Thread-76","logger":"o.s.o.j.LocalContainerEntityManagerFactoryBean","message":"Closing JPA EntityManagerFactory for persistence unit 'default'"}
{"timestamp":"2026-09-13 15:19:39.840","level":"INFO","thread":"Thread-76","logger":"com.zaxxer.hikari.HikariDataSource","message":"HikariPool-7 - Shutdown initiated..."}
{"timestamp":"2026-09-13 15:19:39.872","level":"INFO","thread":"Thread-76","logger":"com.zaxxer.hikari.HikariDataSource","message":"HikariPool-7 - Shutdown completed."}
{"timestamp":"2026-09-13 15:19:40.598","level":"INFO","thread":"restartedMain","logger":"com.jimmy.portal.PortalApplication","message":"Starting PortalApplication using Java 26.0.2.1 with PID 15332 (D:\job-portal-server\target\classes started by JIMMY in D:\job-portal-server)"}
{"timestamp":"2026-09-13 15:19:40.598","level":"INFO","thread":"restartedMain","logger":"com.jimmy.portal.PortalApplication","message":"No active profile set, falling back to 1 default profile: "default""}
{"timestamp":"2026-09-13 15:19:40.611","level":"INFO","thread":"restartedMain","logger":"o.s.b.d.c.l.DockerComposeLifecycleManager","message":"Using Docker Compose file D:\job-portal-server\compose.yml"}
{"timestamp":"2026-09-13 15:19:42.009","level":"INFO","thread":"restartedMain","logger":"o.s.b.d.c.l.DockerComposeLifecycleManager","message":"There are already Docker Compose services running, skipping startup"}
{"timestamp":"2026-09-13 15:19:43.613","level":"INFO","thread":"restartedMain","logger":"o.s.d.r.c.RepositoryConfigurationDelegate","message":"Bootstrapping Spring Data JPA repositories in DEFAULT mode."}
{"timestamp":"2026-09-13 15:19:43.674","level":"WARN","thread":"restartedMain","logger":"o.s.b.w.s.s.c.AnnotationConfigServletWebServerApplicationContext","message":"Exception encountered during context initialization - cancelling refresh attempt: java.lang.TypeNotPresentException: Type com.jimmy.portal.contact.entity.Contact not present"}
{"timestamp":"2026-09-13 15:19:43.688","level":"INFO","thread":"restartedMain","logger":"o.s.b.a.l.ConditionEvaluationReportLogger","message":"

Error starting ApplicationContext. To display the condition evaluation report re-run your application with 'debug' enabled."}
{"timestamp":"2026-09-13 15:19:43.700","level":"ERROR","thread":"restartedMain","logger":"o.s.boot.SpringApplication","message":"Application run failed"}
java.lang.TypeNotPresentException: Type com.jimmy.portal.contact.entity.Contact not present
	at java.base/sun.reflect.generics.factory.CoreReflectionFactory.makeNamedType(CoreReflectionFactory.java:120)
	at java.base/sun.reflect.generics.visitor.Reifier.visitClassTypeSignature(Reifier.java:125)
	at java.base/sun.reflect.generics.tree.ClassTypeSignature.accept(ClassTypeSignature.java:49)
	at java.base/sun.reflect.generics.visitor.Reifier.reifyTypeArguments(Reifier.java:68)
	at java.base/sun.reflect.generics.visitor.Reifier.visitClassTypeSignature(Reifier.java:138)
	at java.base/sun.reflect.generics.tree.ClassTypeSignature.accept(ClassTypeSignature.java:49)
	at java.base/sun.reflect.generics.repository.ClassRepository.computeSuperInterfaces(ClassRepository.java:117)
	at java.base/sun.reflect.generics.repository.ClassRepository.getSuperInterfaces(ClassRepository.java:95)
	at java.base/java.lang.Class.getGenericInterfaces(Class.java:1288)
	at org.springframework.core.ResolvableType.getInterfaces(ResolvableType.java:544)
	at org.springframework.core.ResolvableType.as(ResolvableType.java:492)
	at org.springframework.data.core.TypeDiscoverer.getSuperTypeInformation(TypeDiscoverer.java:266)
	at org.springframework.data.core.TypeInformation.getRequiredSuperTypeInformation(TypeInformation.java:328)
	at org.springframework.data.repository.core.support.DefaultRepositoryMetadata.<init>(DefaultRepositoryMetadata.java:55)
	at org.springframework.data.repository.core.support.AbstractRepositoryMetadata.getMetadata(AbstractRepositoryMetadata.java:79)
	at org.springframework.data.repository.config.RepositoryConfigurationExtensionSupport.getRepositoryConfigurations(RepositoryConfigurationExtensionSupport.java:93)
	at org.springframework.data.repository.config.RepositoryConfigurationDelegate.registerRepositoriesIn(RepositoryConfigurationDelegate.java:170)
	at org.springframework.boot.autoconfigure.data.AbstractRepositoryConfigurationSourceSupport.registerBeanDefinitions(AbstractRepositoryConfigurationSourceSupport.java:67)
	at org.springframework.context.annotation.ConfigurationClassBeanDefinitionReader.lambda$loadBeanDefinitionsFromImportBeanDefinitionRegistrars$0(ConfigurationClassBeanDefinitionReader.java:422)
	at java.base/java.util.LinkedHashMap.forEach(LinkedHashMap.java:987)
	at org.springframework.context.annotation.ConfigurationClassBeanDefinitionReader.loadBeanDefinitionsFromImportBeanDefinitionRegistrars(ConfigurationClassBeanDefinitionReader.java:421)
	at org.springframework.context.annotation.ConfigurationClassBeanDefinitionReader.loadBeanDefinitionsForConfigurationClass(ConfigurationClassBeanDefinitionReader.java:152)
	at org.springframework.context.annotation.ConfigurationClassBeanDefinitionReader.loadBeanDefinitions(ConfigurationClassBeanDefinitionReader.java:124)
	at org.springframework.context.annotation.ConfigurationClassPostProcessor.processConfigBeanDefinitions(ConfigurationClassPostProcessor.java:464)
	at org.springframework.context.annotation.ConfigurationClassPostProcessor.postProcessBeanDefinitionRegistry(ConfigurationClassPostProcessor.java:316)
	at org.springframework.context.support.PostProcessorRegistrationDelegate.invokeBeanDefinitionRegistryPostProcessors(PostProcessorRegistrationDelegate.java:349)
	at org.springframework.context.support.PostProcessorRegistrationDelegate.invokeBeanFactoryPostProcessors(PostProcessorRegistrationDelegate.java:118)
	at org.springframework.context.support.AbstractApplicationContext.invokeBeanFactoryPostProcessors(AbstractApplicationContext.java:795)
	at org.springframework.context.support.AbstractApplicationContext.refresh(AbstractApplicationContext.java:603)
	at org.springframework.boot.web.server.servlet.context.ServletWebServerApplicationContext.refresh(ServletWebServerApplicationContext.java:143)
	at org.springframework.boot.SpringApplication.refresh(SpringApplication.java:756)
	at org.springframework.boot.SpringApplication.refreshContext(SpringApplication.java:445)
	at org.springframework.boot.SpringApplication.run(SpringApplication.java:321)
	at org.springframework.boot.SpringApplication.run(SpringApplication.java:1365)
	at org.springframework.boot.SpringApplication.run(SpringApplication.java:1354)
	at com.jimmy.portal.PortalApplication.main(PortalApplication.java:12)
	at java.base/jdk.internal.reflect.DirectMethodHandleAccessor.invoke(DirectMethodHandleAccessor.java:104)
	at java.base/java.lang.reflect.Method.invoke(Method.java:565)
	at org.springframework.boot.devtools.restart.RestartLauncher.run(RestartLauncher.java:52)
Caused by: java.lang.ClassNotFoundException: com.jimmy.portal.contact.entity.Contact
	at java.base/jdk.internal.loader.BuiltinClassLoader.loadClass(BuiltinClassLoader.java:580)
	at java.base/java.lang.ClassLoader.loadClass(ClassLoader.java:502)
	at java.base/java.lang.Class.forName0(Native Method)
	at java.base/java.lang.Class.forName(Class.java:560)
	at org.springframework.boot.devtools.restart.classloader.RestartClassLoader.loadClass(RestartClassLoader.java:123)
	at java.base/java.lang.ClassLoader.loadClass(ClassLoader.java:502)
	at java.base/java.lang.Class.forName0(Native Method)
	at java.base/java.lang.Class.forName(Class.java:560)
	at java.base/sun.reflect.generics.factory.CoreReflectionFactory.makeNamedType(CoreReflectionFactory.java:117)
	... 38 common frames omitted
{"timestamp":"2026-09-13 15:19:49.543","level":"INFO","thread":"restartedMain","logger":"com.jimmy.portal.PortalApplication","message":"Starting PortalApplication using Java 26.0.2.1 with PID 15332 (D:\job-portal-server\target\classes started by JIMMY in D:\job-portal-server)"}
{"timestamp":"2026-09-13 15:19:49.545","level":"INFO","thread":"restartedMain","logger":"com.jimmy.portal.PortalApplication","message":"No active profile set, falling back to 1 default profile: "default""}
{"timestamp":"2026-09-13 15:19:49.557","level":"INFO","thread":"restartedMain","logger":"o.s.b.d.c.l.DockerComposeLifecycleManager","message":"Using Docker Compose file D:\job-portal-server\compose.yml"}
{"timestamp":"2026-09-13 15:19:51.033","level":"INFO","thread":"restartedMain","logger":"o.s.b.d.c.l.DockerComposeLifecycleManager","message":"There are already Docker Compose services running, skipping startup"}
{"timestamp":"2026-09-13 15:19:53.471","level":"INFO","thread":"restartedMain","logger":"o.s.d.r.c.RepositoryConfigurationDelegate","message":"Bootstrapping Spring Data JPA repositories in DEFAULT mode."}
{"timestamp":"2026-09-13 15:19:53.603","level":"INFO","thread":"restartedMain","logger":"o.s.d.r.c.RepositoryConfigurationDelegate","message":"Finished Spring Data repository scanning in 124 ms. Found 4 JPA repository interfaces."}
{"timestamp":"2026-09-13 15:19:54.290","level":"INFO","thread":"restartedMain","logger":"o.s.boot.tomcat.TomcatWebServer","message":"Tomcat initialized with port 8000 (http)"}
{"timestamp":"2026-09-13 15:19:54.292","level":"INFO","thread":"restartedMain","logger":"o.a.coyote.http11.Http11NioProtocol","message":"Initializing ProtocolHandler ["http-nio-8000"]"}
{"timestamp":"2026-09-13 15:19:54.295","level":"INFO","thread":"restartedMain","logger":"o.a.catalina.core.StandardService","message":"Starting service [Tomcat]"}
{"timestamp":"2026-09-13 15:19:54.295","level":"INFO","thread":"restartedMain","logger":"o.a.catalina.core.StandardEngine","message":"Starting Servlet engine: [Apache Tomcat/11.0.22]"}
{"timestamp":"2026-09-13 15:19:54.388","level":"INFO","thread":"restartedMain","logger":"o.s.b.w.c.s.WebApplicationContextInitializer","message":"Root WebApplicationContext: initialization completed in 3354 ms"}
{"timestamp":"2026-09-13 15:19:54.711","level":"INFO","thread":"restartedMain","logger":"com.zaxxer.hikari.HikariDataSource","message":"HikariPool-8 - Starting..."}
{"timestamp":"2026-09-13 15:19:55.274","level":"INFO","thread":"restartedMain","logger":"com.zaxxer.hikari.pool.HikariPool","message":"HikariPool-8 - Added connection com.mysql.cj.jdbc.ConnectionImpl@52a096b1"}
{"timestamp":"2026-09-13 15:19:55.274","level":"INFO","thread":"restartedMain","logger":"com.zaxxer.hikari.HikariDataSource","message":"HikariPool-8 - Start completed."}
{"timestamp":"2026-09-13 15:19:55.280","level":"INFO","thread":"restartedMain","logger":"org.hibernate.orm.jpa","message":"HHH008540: Processing PersistenceUnitInfo [name: default]"}
{"timestamp":"2026-09-13 15:19:55.566","level":"INFO","thread":"restartedMain","logger":"o.s.o.j.p.SpringPersistenceUnitInfo","message":"No LoadTimeWeaver setup: ignoring JPA class transformer"}
{"timestamp":"2026-09-13 15:19:55.605","level":"INFO","thread":"restartedMain","logger":"o.hibernate.orm.connections.pooling","message":"HHH10001005: Database info:
	Database JDBC URL [jdbc:mysql://127.0.0.1:3308/jobportal]
	Database driver: MySQL Connector/J
	Database dialect: MySQLDialect
	Database version: 9.1
	Default catalog/schema: jobportal/undefined
	Autocommit mode: undefined/unknown
	Isolation level: REPEATABLE_READ [default REPEATABLE_READ]
	JDBC fetch size: none
	Pool: DataSourceConnectionProvider
	Minimum pool size: undefined/unknown
	Maximum pool size: undefined/unknown"}
{"timestamp":"2026-09-13 15:19:56.749","level":"INFO","thread":"restartedMain","logger":"org.hibernate.orm.core","message":"HHH000489: No JTA platform available (set 'hibernate.transaction.jta.platform' to enable JTA platform integration)"}
{"timestamp":"2026-09-13 15:19:56.752","level":"INFO","thread":"restartedMain","logger":"o.s.o.j.LocalContainerEntityManagerFactoryBean","message":"Initialized JPA EntityManagerFactory for persistence unit 'default'"}
{"timestamp":"2026-09-13 15:19:57.640","level":"WARN","thread":"restartedMain","logger":"o.s.b.j.a.JpaBaseConfiguration$JpaWebConfiguration","message":"spring.jpa.open-in-view is enabled by default. Therefore, database queries may be performed during view rendering. Explicitly configure spring.jpa.open-in-view to disable this warning"}
{"timestamp":"2026-09-13 15:19:57.876","level":"INFO","thread":"restartedMain","logger":"o.s.s.c.a.a.c.InitializeAuthenticationProviderBeanManagerConfigurer$InitializeAuthenticationProviderManagerConfigurer","message":"Global AuthenticationManager configured with AuthenticationProvider bean with name jobPortalUsernamePwdAuthenticationProvider"}
{"timestamp":"2026-09-13 15:19:59.911","level":"INFO","thread":"restartedMain","logger":"o.a.coyote.http11.Http11NioProtocol","message":"Starting ProtocolHandler ["http-nio-8000"]"}
{"timestamp":"2026-09-13 15:19:59.930","level":"INFO","thread":"restartedMain","logger":"o.s.boot.tomcat.TomcatWebServer","message":"Tomcat started on port 8000 (http) with context path '/'"}
{"timestamp":"2026-09-13 15:19:59.940","level":"INFO","thread":"restartedMain","logger":"com.jimmy.portal.PortalApplication","message":"Started PortalApplication in 10.536 seconds (process running for 12489.152)"}
{"timestamp":"2026-09-13 15:19:59.943","level":"WARN","thread":"restartedMain","logger":"o.s.c.events.SpringDocAppInitializer","message":"SpringDoc /v3/api-docs endpoint is enabled by default. To disable it in production, set the property 'springdoc.api-docs.enabled=false'"}
{"timestamp":"2026-09-13 15:19:59.943","level":"WARN","thread":"restartedMain","logger":"o.s.c.events.SpringDocAppInitializer","message":"SpringDoc /swagger-ui.html endpoint is enabled by default. To disable it in production, set the property 'springdoc.swagger-ui.enabled=false'"}
{"timestamp":"2026-09-13 15:19:59.944","level":"INFO","thread":"restartedMain","logger":"o.s.b.d.a.ConditionEvaluationDeltaLoggingListener","message":"Condition evaluation unchanged"}
{"timestamp":"2026-09-13 15:20:22.128","level":"INFO","thread":"http-nio-8000-exec-1","logger":"o.a.c.c.C.[Tomcat-1].[localhost].[/]","message":"Initializing Spring DispatcherServlet 'dispatcherServlet'"}
{"timestamp":"2026-09-13 15:20:22.131","level":"INFO","thread":"http-nio-8000-exec-1","logger":"o.s.web.servlet.DispatcherServlet","message":"Initializing Servlet 'dispatcherServlet'"}
{"timestamp":"2026-09-13 15:20:22.191","level":"INFO","thread":"http-nio-8000-exec-1","logger":"o.s.web.servlet.DispatcherServlet","message":"Completed initialization in 60 ms"}
{"timestamp":"2026-09-13 15:20:22.370","level":"INFO","thread":"http-nio-8000-exec-1","logger":"c.j.p.logging.RequestLoggingFilter","message":"HTTP_REQUEST_STARTED method=PATCH uri=/api/contacts/5/status/admin"}
{"timestamp":"2026-09-13 15:20:23.210","level":"INFO","thread":"http-nio-8000-exec-1","logger":"c.j.p.c.s.impl.ContactServiceImpl","message":"Contact(id=5, name=Jimmy, email=jimmy@gmail.com, subject=Lorum Ipsum, message=This is for testing...., status=CLOSED, userType=Job_Seeker)"}
{"timestamp":"2026-09-13 15:20:23.896","level":"INFO","thread":"http-nio-8000-exec-1","logger":"c.j.p.logging.RequestLoggingFilter","message":"HTTP_REQUEST_COMPLETED method=PATCH uri=/api/contacts/5/status/admin status=200 durationMs=1529"}
{"timestamp":"2026-09-13 15:21:05.062","level":"INFO","thread":"http-nio-8000-exec-2","logger":"c.j.p.logging.RequestLoggingFilter","message":"HTTP_REQUEST_STARTED method=PATCH uri=/api/contacts/5/status/admin"}
{"timestamp":"2026-09-13 15:21:05.087","level":"INFO","thread":"http-nio-8000-exec-2","logger":"c.j.p.c.s.impl.ContactServiceImpl","message":"Contact(id=5, name=Jimmy, email=jimmy@gmail.com, subject=Lorum Ipsum, message=This is for testing...., status=CLOSED, userType=Job_Seeker)"}
{"timestamp":"2026-09-13 15:21:05.096","level":"INFO","thread":"http-nio-8000-exec-2","logger":"c.j.p.logging.RequestLoggingFilter","message":"HTTP_REQUEST_COMPLETED method=PATCH uri=/api/contacts/5/status/admin status=200 durationMs=31"}
{"timestamp":"2026-09-13 15:22:29.225","level":"INFO","thread":"http-nio-8000-exec-4","logger":"c.j.p.logging.RequestLoggingFilter","message":"HTTP_REQUEST_STARTED method=PATCH uri=/api/contacts/1/status/admin"}
{"timestamp":"2026-09-13 15:22:29.368","level":"INFO","thread":"http-nio-8000-exec-4","logger":"c.j.p.c.s.impl.ContactServiceImpl","message":"Contact(id=1, name=Bob, email=bob@gmail.com, subject=Lorum Ipsum, message=This is for testing...., status=CLOSED, userType=Job_Seeker)"}
{"timestamp":"2026-09-13 15:22:29.476","level":"INFO","thread":"http-nio-8000-exec-4","logger":"c.j.p.logging.RequestLoggingFilter","message":"HTTP_REQUEST_COMPLETED method=PATCH uri=/api/contacts/1/status/admin status=200 durationMs=248"}
{"timestamp":"2026-09-13 15:23:17.788","level":"INFO","thread":"http-nio-8000-exec-5","logger":"c.j.p.logging.RequestLoggingFilter","message":"HTTP_REQUEST_STARTED method=GET uri=/api/companies/public"}
{"timestamp":"2026-09-13 15:23:17.788","level":"INFO","thread":"http-nio-8000-exec-6","logger":"c.j.p.logging.RequestLoggingFilter","message":"HTTP_REQUEST_STARTED method=GET uri=/api/companies/public"}
{"timestamp":"2026-09-13 15:23:20.534","level":"INFO","thread":"http-nio-8000-exec-6","logger":"c.j.p.logging.RequestLoggingFilter","message":"HTTP_REQUEST_COMPLETED method=GET uri=/api/companies/public status=200 durationMs=2746"}
{"timestamp":"2026-09-13 15:23:20.550","level":"INFO","thread":"http-nio-8000-exec-5","logger":"c.j.p.logging.RequestLoggingFilter","message":"HTTP_REQUEST_COMPLETED method=GET uri=/api/companies/public status=200 durationMs=2762"}
{"timestamp":"2026-09-13 15:23:22.571","level":"INFO","thread":"http-nio-8000-exec-8","logger":"c.j.p.logging.RequestLoggingFilter","message":"HTTP_REQUEST_STARTED method=POST uri=/api/auth/login/public"}
{"timestamp":"2026-09-13 15:23:23.139","level":"INFO","thread":"http-nio-8000-exec-8","logger":"c.j.p.a.LoginSuccessAuditAspect","message":"✅ LOGIN SUCCESS | User: admin@gmail.com | Role: ROLE_ADMIN"}
{"timestamp":"2026-09-13 15:23:23.185","level":"INFO","thread":"http-nio-8000-exec-8","logger":"c.j.p.logging.RequestLoggingFilter","message":"HTTP_REQUEST_BODY payload={"username":"admin@gmail.com","password":"*****"}"}
{"timestamp":"2026-09-13 15:23:23.185","level":"INFO","thread":"http-nio-8000-exec-8","logger":"c.j.p.logging.RequestLoggingFilter","message":"HTTP_REQUEST_COMPLETED method=POST uri=/api/auth/login/public status=200 durationMs=614"}
{"timestamp":"2026-09-13 15:23:23.707","level":"INFO","thread":"http-nio-8000-exec-2","logger":"c.j.p.logging.RequestLoggingFilter","message":"HTTP_REQUEST_STARTED method=GET uri=/api/contacts/page/admin"}
{"timestamp":"2026-09-13 15:23:23.707","level":"INFO","thread":"http-nio-8000-exec-1","logger":"c.j.p.logging.RequestLoggingFilter","message":"HTTP_REQUEST_STARTED method=GET uri=/api/contacts/page/admin"}
{"timestamp":"2026-09-13 15:23:24.019","level":"WARN","thread":"http-nio-8000-exec-2","logger":"o.s.d.w.c.SpringDataJackson3Configuration$PageModule$WarningLoggingModifier","message":"Serializing PageImpl instances as-is is not supported, meaning that there is no guarantee about the stability of the resulting JSON structure!
	For a stable JSON structure, please use Spring Data's PagedModel (globally via @EnableSpringDataWebSupport(pageSerializationMode = VIA_DTO))
	or Spring HATEOAS and Spring Data's PagedResourcesAssembler as documented in https://docs.spring.io/spring-data/commons/reference/repositories/core-extensions.html#core.web.pageables.
"}
{"timestamp":"2026-09-13 15:23:24.094","level":"INFO","thread":"http-nio-8000-exec-1","logger":"c.j.p.logging.RequestLoggingFilter","message":"HTTP_REQUEST_COMPLETED method=GET uri=/api/contacts/page/admin status=200 durationMs=387"}
{"timestamp":"2026-09-13 15:23:24.094","level":"INFO","thread":"http-nio-8000-exec-2","logger":"c.j.p.logging.RequestLoggingFilter","message":"HTTP_REQUEST_COMPLETED method=GET uri=/api/contacts/page/admin status=200 durationMs=388"}
{"timestamp":"2026-09-13 15:26:21.943","level":"INFO","thread":"http-nio-8000-exec-7","logger":"c.j.p.logging.RequestLoggingFilter","message":"HTTP_REQUEST_STARTED method=GET uri=/api/contacts/page/admin"}
{"timestamp":"2026-09-13 15:26:21.974","level":"INFO","thread":"http-nio-8000-exec-7","logger":"c.j.p.logging.RequestLoggingFilter","message":"HTTP_REQUEST_COMPLETED method=GET uri=/api/contacts/page/admin status=200 durationMs=29"}
{"timestamp":"2026-09-13 15:28:18.841","level":"INFO","thread":"http-nio-8000-exec-9","logger":"c.j.p.logging.RequestLoggingFilter","message":"HTTP_REQUEST_STARTED method=PATCH uri=/api/contacts/6/status/admin"}
{"timestamp":"2026-09-13 15:28:19.043","level":"INFO","thread":"http-nio-8000-exec-9","logger":"c.j.p.c.s.impl.ContactServiceImpl","message":"Contact(id=6, name=Praveen Kumar, email=praveenkum1225@gmail.com, subject=Account Problem, message=fvcnbvbnbvnvb, status=CLOSED, userType=Job_Seeker)"}
{"timestamp":"2026-09-13 15:28:19.384","level":"INFO","thread":"http-nio-8000-exec-9","logger":"c.j.p.logging.RequestLoggingFilter","message":"HTTP_REQUEST_COMPLETED method=PATCH uri=/api/contacts/6/status/admin status=200 durationMs=543"}
{"timestamp":"2026-09-13 15:28:19.463","level":"INFO","thread":"http-nio-8000-exec-1","logger":"c.j.p.logging.RequestLoggingFilter","message":"HTTP_REQUEST_STARTED method=GET uri=/api/contacts/page/admin"}
{"timestamp":"2026-09-13 15:28:19.525","level":"INFO","thread":"http-nio-8000-exec-1","logger":"c.j.p.logging.RequestLoggingFilter","message":"HTTP_REQUEST_COMPLETED method=GET uri=/api/contacts/page/admin status=200 durationMs=60"}
{"timestamp":"2026-09-13 15:28:20.646","level":"INFO","thread":"http-nio-8000-exec-3","logger":"c.j.p.logging.RequestLoggingFilter","message":"HTTP_REQUEST_STARTED method=GET uri=/api/companies/public"}
{"timestamp":"2026-09-13 15:28:20.648","level":"INFO","thread":"http-nio-8000-exec-4","logger":"c.j.p.logging.RequestLoggingFilter","message":"HTTP_REQUEST_STARTED method=GET uri=/api/companies/public"}
{"timestamp":"2026-09-13 15:28:21.758","level":"INFO","thread":"http-nio-8000-exec-4","logger":"c.j.p.logging.RequestLoggingFilter","message":"HTTP_REQUEST_COMPLETED method=GET uri=/api/companies/public status=200 durationMs=1110"}
{"timestamp":"2026-09-13 15:28:21.758","level":"INFO","thread":"http-nio-8000-exec-3","logger":"c.j.p.logging.RequestLoggingFilter","message":"HTTP_REQUEST_COMPLETED method=GET uri=/api/companies/public status=200 durationMs=1112"}
{"timestamp":"2026-09-13 15:28:27.103","level":"INFO","thread":"http-nio-8000-exec-6","logger":"c.j.p.logging.RequestLoggingFilter","message":"HTTP_REQUEST_STARTED method=GET uri=/api/contacts/page/admin"}
{"timestamp":"2026-09-13 15:28:27.196","level":"INFO","thread":"http-nio-8000-exec-6","logger":"c.j.p.logging.RequestLoggingFilter","message":"HTTP_REQUEST_COMPLETED method=GET uri=/api/contacts/page/admin status=200 durationMs=92"}
{"timestamp":"2026-09-13 15:28:29.927","level":"INFO","thread":"http-nio-8000-exec-8","logger":"c.j.p.logging.RequestLoggingFilter","message":"HTTP_REQUEST_STARTED method=GET uri=/api/contacts/page/admin"}
{"timestamp":"2026-09-13 15:28:29.952","level":"INFO","thread":"http-nio-8000-exec-8","logger":"c.j.p.logging.RequestLoggingFilter","message":"HTTP_REQUEST_COMPLETED method=GET uri=/api/contacts/page/admin status=200 durationMs=25"}
{"timestamp":"2026-09-13 15:28:40.393","level":"INFO","thread":"http-nio-8000-exec-9","logger":"c.j.p.logging.RequestLoggingFilter","message":"HTTP_REQUEST_STARTED method=PATCH uri=/api/contacts/13/status/admin"}
{"timestamp":"2026-09-13 15:28:40.427","level":"INFO","thread":"http-nio-8000-exec-9","logger":"c.j.p.c.s.impl.ContactServiceImpl","message":"Contact(id=13, name=string, email=ljk@example.com, subject=string, message=string, status=CLOSED, userType=Job_Seeker)"}
{"timestamp":"2026-09-13 15:28:40.454","level":"INFO","thread":"http-nio-8000-exec-9","logger":"c.j.p.logging.RequestLoggingFilter","message":"HTTP_REQUEST_COMPLETED method=PATCH uri=/api/contacts/13/status/admin status=200 durationMs=60"}
{"timestamp":"2026-09-13 15:28:40.471","level":"INFO","thread":"http-nio-8000-exec-2","logger":"c.j.p.logging.RequestLoggingFilter","message":"HTTP_REQUEST_STARTED method=GET uri=/api/contacts/page/admin"}
{"timestamp":"2026-09-13 15:28:40.486","level":"INFO","thread":"http-nio-8000-exec-2","logger":"c.j.p.logging.RequestLoggingFilter","message":"HTTP_REQUEST_COMPLETED method=GET uri=/api/contacts/page/admin status=200 durationMs=15"}
{"timestamp":"2026-09-13 15:28:45.376","level":"INFO","thread":"http-nio-8000-exec-3","logger":"c.j.p.logging.RequestLoggingFilter","message":"HTTP_REQUEST_STARTED method=PATCH uri=/api/contacts/14/status/admin"}
{"timestamp":"2026-09-13 15:28:45.400","level":"INFO","thread":"http-nio-8000-exec-3","logger":"c.j.p.c.s.impl.ContactServiceImpl","message":"Contact(id=14, name=string, email=lkk@example.com, subject=string, message=string, status=CLOSED, userType=Job_Seeker)"}
{"timestamp":"2026-09-13 15:28:45.424","level":"INFO","thread":"http-nio-8000-exec-3","logger":"c.j.p.logging.RequestLoggingFilter","message":"HTTP_REQUEST_COMPLETED method=PATCH uri=/api/contacts/14/status/admin status=200 durationMs=47"}
{"timestamp":"2026-09-13 15:28:45.437","level":"INFO","thread":"http-nio-8000-exec-5","logger":"c.j.p.logging.RequestLoggingFilter","message":"HTTP_REQUEST_STARTED method=GET uri=/api/contacts/page/admin"}
{"timestamp":"2026-09-13 15:28:45.449","level":"INFO","thread":"http-nio-8000-exec-5","logger":"c.j.p.logging.RequestLoggingFilter","message":"HTTP_REQUEST_COMPLETED method=GET uri=/api/contacts/page/admin status=200 durationMs=11"}
{"timestamp":"2026-09-13 15:28:50.905","level":"INFO","thread":"http-nio-8000-exec-7","logger":"c.j.p.logging.RequestLoggingFilter","message":"HTTP_REQUEST_STARTED method=PATCH uri=/api/contacts/12/status/admin"}
{"timestamp":"2026-09-13 15:28:50.934","level":"INFO","thread":"http-nio-8000-exec-7","logger":"c.j.p.c.s.impl.ContactServiceImpl","message":"Contact(id=12, name=string, email=nklkl@example.com, subject=string, message=string, status=CLOSED, userType=Job_Seeker)"}
{"timestamp":"2026-09-13 15:28:50.952","level":"INFO","thread":"http-nio-8000-exec-7","logger":"c.j.p.logging.RequestLoggingFilter","message":"HTTP_REQUEST_COMPLETED method=PATCH uri=/api/contacts/12/status/admin status=200 durationMs=46"}
{"timestamp":"2026-09-13 15:28:50.968","level":"INFO","thread":"http-nio-8000-exec-10","logger":"c.j.p.logging.RequestLoggingFilter","message":"HTTP_REQUEST_STARTED method=GET uri=/api/contacts/page/admin"}
{"timestamp":"2026-09-13 15:28:50.980","level":"INFO","thread":"http-nio-8000-exec-10","logger":"c.j.p.logging.RequestLoggingFilter","message":"HTTP_REQUEST_COMPLETED method=GET uri=/api/contacts/page/admin status=200 durationMs=11"}
{"timestamp":"2026-09-13 15:31:33.941","level":"INFO","thread":"File Watcher","logger":"o.s.b.d.a.LocalDevToolsAutoConfiguration$RestartingClassPathChangeChangedEventListener","message":"Restarting due to 2 class path changes (0 additions, 1 deletion, 1 modification)"}
{"timestamp":"2026-09-13 15:31:34.179","level":"INFO","thread":"Thread-88","logger":"o.s.boot.tomcat.GracefulShutdown","message":"Commencing graceful shutdown. Waiting for active requests to complete"}
{"timestamp":"2026-09-13 15:31:34.258","level":"INFO","thread":"tomcat-shutdown","logger":"o.a.coyote.http11.Http11NioProtocol","message":"Pausing ProtocolHandler ["http-nio-8000"]"}
{"timestamp":"2026-09-13 15:31:34.368","level":"INFO","thread":"tomcat-shutdown","logger":"o.s.boot.tomcat.GracefulShutdown","message":"Graceful shutdown complete"}
{"timestamp":"2026-09-13 15:31:34.391","level":"INFO","thread":"Thread-88","logger":"o.a.coyote.http11.Http11NioProtocol","message":"Stopping ProtocolHandler ["http-nio-8000"]"}
{"timestamp":"2026-09-13 15:31:34.614","level":"INFO","thread":"Thread-88","logger":"o.s.o.j.LocalContainerEntityManagerFactoryBean","message":"Closing JPA EntityManagerFactory for persistence unit 'default'"}
{"timestamp":"2026-09-13 15:31:34.827","level":"INFO","thread":"Thread-88","logger":"com.zaxxer.hikari.HikariDataSource","message":"HikariPool-8 - Shutdown initiated..."}
{"timestamp":"2026-09-13 15:31:34.884","level":"INFO","thread":"Thread-88","logger":"com.zaxxer.hikari.HikariDataSource","message":"HikariPool-8 - Shutdown completed."}
{"timestamp":"2026-09-13 15:31:36.838","level":"INFO","thread":"restartedMain","logger":"com.jimmy.portal.PortalApplication","message":"Starting PortalApplication using Java 26.0.2.1 with PID 15332 (D:\job-portal-server\target\classes started by JIMMY in D:\job-portal-server)"}
{"timestamp":"2026-09-13 15:31:36.839","level":"INFO","thread":"restartedMain","logger":"com.jimmy.portal.PortalApplication","message":"No active profile set, falling back to 1 default profile: "default""}
{"timestamp":"2026-09-13 15:31:36.858","level":"INFO","thread":"restartedMain","logger":"o.s.b.d.c.l.DockerComposeLifecycleManager","message":"Using Docker Compose file D:\job-portal-server\compose.yml"}
{"timestamp":"2026-09-13 15:31:38.704","level":"INFO","thread":"restartedMain","logger":"o.s.b.d.c.l.DockerComposeLifecycleManager","message":"There are already Docker Compose services running, skipping startup"}
{"timestamp":"2026-09-13 15:31:39.982","level":"INFO","thread":"restartedMain","logger":"o.s.d.r.c.RepositoryConfigurationDelegate","message":"Bootstrapping Spring Data JPA repositories in DEFAULT mode."}
{"timestamp":"2026-09-13 15:31:40.169","level":"INFO","thread":"restartedMain","logger":"o.s.d.r.c.RepositoryConfigurationDelegate","message":"Finished Spring Data repository scanning in 179 ms. Found 4 JPA repository interfaces."}
{"timestamp":"2026-09-13 15:31:40.884","level":"INFO","thread":"restartedMain","logger":"o.s.boot.tomcat.TomcatWebServer","message":"Tomcat initialized with port 8000 (http)"}
{"timestamp":"2026-09-13 15:31:40.890","level":"INFO","thread":"restartedMain","logger":"o.a.coyote.http11.Http11NioProtocol","message":"Initializing ProtocolHandler ["http-nio-8000"]"}
{"timestamp":"2026-09-13 15:31:40.890","level":"INFO","thread":"restartedMain","logger":"o.a.catalina.core.StandardService","message":"Starting service [Tomcat]"}
{"timestamp":"2026-09-13 15:31:40.891","level":"INFO","thread":"restartedMain","logger":"o.a.catalina.core.StandardEngine","message":"Starting Servlet engine: [Apache Tomcat/11.0.22]"}
{"timestamp":"2026-09-13 15:31:40.991","level":"INFO","thread":"restartedMain","logger":"o.s.b.w.c.s.WebApplicationContextInitializer","message":"Root WebApplicationContext: initialization completed in 2287 ms"}
{"timestamp":"2026-09-13 15:31:41.630","level":"INFO","thread":"restartedMain","logger":"com.zaxxer.hikari.HikariDataSource","message":"HikariPool-9 - Starting..."}
{"timestamp":"2026-09-13 15:31:41.953","level":"INFO","thread":"restartedMain","logger":"com.zaxxer.hikari.pool.HikariPool","message":"HikariPool-9 - Added connection com.mysql.cj.jdbc.ConnectionImpl@60aa6e3b"}
{"timestamp":"2026-09-13 15:31:41.954","level":"INFO","thread":"restartedMain","logger":"com.zaxxer.hikari.HikariDataSource","message":"HikariPool-9 - Start completed."}
{"timestamp":"2026-09-13 15:31:41.961","level":"INFO","thread":"restartedMain","logger":"org.hibernate.orm.jpa","message":"HHH008540: Processing PersistenceUnitInfo [name: default]"}
{"timestamp":"2026-09-13 15:31:42.079","level":"INFO","thread":"restartedMain","logger":"o.s.o.j.p.SpringPersistenceUnitInfo","message":"No LoadTimeWeaver setup: ignoring JPA class transformer"}
{"timestamp":"2026-09-13 15:31:42.103","level":"INFO","thread":"restartedMain","logger":"o.hibernate.orm.connections.pooling","message":"HHH10001005: Database info:
	Database JDBC URL [jdbc:mysql://127.0.0.1:3308/jobportal]
	Database driver: MySQL Connector/J
	Database dialect: MySQLDialect
	Database version: 9.1
	Default catalog/schema: jobportal/undefined
	Autocommit mode: undefined/unknown
	Isolation level: REPEATABLE_READ [default REPEATABLE_READ]
	JDBC fetch size: none
	Pool: DataSourceConnectionProvider
	Minimum pool size: undefined/unknown
	Maximum pool size: undefined/unknown"}
{"timestamp":"2026-09-13 15:31:42.757","level":"INFO","thread":"restartedMain","logger":"org.hibernate.orm.core","message":"HHH000489: No JTA platform available (set 'hibernate.transaction.jta.platform' to enable JTA platform integration)"}
{"timestamp":"2026-09-13 15:31:42.760","level":"INFO","thread":"restartedMain","logger":"o.s.o.j.LocalContainerEntityManagerFactoryBean","message":"Initialized JPA EntityManagerFactory for persistence unit 'default'"}
{"timestamp":"2026-09-13 15:31:43.597","level":"WARN","thread":"restartedMain","logger":"o.s.b.j.a.JpaBaseConfiguration$JpaWebConfiguration","message":"spring.jpa.open-in-view is enabled by default. Therefore, database queries may be performed during view rendering. Explicitly configure spring.jpa.open-in-view to disable this warning"}
{"timestamp":"2026-09-13 15:31:43.795","level":"INFO","thread":"restartedMain","logger":"o.s.s.c.a.a.c.InitializeAuthenticationProviderBeanManagerConfigurer$InitializeAuthenticationProviderManagerConfigurer","message":"Global AuthenticationManager configured with AuthenticationProvider bean with name jobPortalUsernamePwdAuthenticationProvider"}
{"timestamp":"2026-09-13 15:31:44.674","level":"INFO","thread":"restartedMain","logger":"o.a.coyote.http11.Http11NioProtocol","message":"Starting ProtocolHandler ["http-nio-8000"]"}
{"timestamp":"2026-09-13 15:31:44.681","level":"INFO","thread":"restartedMain","logger":"o.s.boot.tomcat.TomcatWebServer","message":"Tomcat started on port 8000 (http) with context path '/'"}
{"timestamp":"2026-09-13 15:31:44.686","level":"INFO","thread":"restartedMain","logger":"com.jimmy.portal.PortalApplication","message":"Started PortalApplication in 8.072 seconds (process running for 13193.899)"}
{"timestamp":"2026-09-13 15:31:44.688","level":"WARN","thread":"restartedMain","logger":"o.s.c.events.SpringDocAppInitializer","message":"SpringDoc /v3/api-docs endpoint is enabled by default. To disable it in production, set the property 'springdoc.api-docs.enabled=false'"}
{"timestamp":"2026-09-13 15:31:44.689","level":"WARN","thread":"restartedMain","logger":"o.s.c.events.SpringDocAppInitializer","message":"SpringDoc /swagger-ui.html endpoint is enabled by default. To disable it in production, set the property 'springdoc.swagger-ui.enabled=false'"}
{"timestamp":"2026-09-13 15:31:44.690","level":"INFO","thread":"restartedMain","logger":"o.s.b.d.a.ConditionEvaluationDeltaLoggingListener","message":"Condition evaluation unchanged"}
{"timestamp":"2026-09-13 15:34:20.107","level":"INFO","thread":"http-nio-8000-exec-1","logger":"o.a.c.c.C.[Tomcat-1].[localhost].[/]","message":"Initializing Spring DispatcherServlet 'dispatcherServlet'"}
{"timestamp":"2026-09-13 15:34:20.108","level":"INFO","thread":"http-nio-8000-exec-1","logger":"o.s.web.servlet.DispatcherServlet","message":"Initializing Servlet 'dispatcherServlet'"}
{"timestamp":"2026-09-13 15:34:20.124","level":"INFO","thread":"http-nio-8000-exec-1","logger":"o.s.web.servlet.DispatcherServlet","message":"Completed initialization in 15 ms"}
{"timestamp":"2026-09-13 15:34:20.167","level":"INFO","thread":"http-nio-8000-exec-1","logger":"c.j.p.logging.RequestLoggingFilter","message":"HTTP_REQUEST_STARTED method=GET uri=/api/companies/public"}
{"timestamp":"2026-09-13 15:34:20.167","level":"INFO","thread":"http-nio-8000-exec-2","logger":"c.j.p.logging.RequestLoggingFilter","message":"HTTP_REQUEST_STARTED method=GET uri=/api/companies/public"}
{"timestamp":"2026-09-13 15:34:21.790","level":"INFO","thread":"http-nio-8000-exec-1","logger":"c.j.p.logging.RequestLoggingFilter","message":"HTTP_REQUEST_COMPLETED method=GET uri=/api/companies/public status=200 durationMs=1622"}
{"timestamp":"2026-09-13 15:34:21.790","level":"INFO","thread":"http-nio-8000-exec-2","logger":"c.j.p.logging.RequestLoggingFilter","message":"HTTP_REQUEST_COMPLETED method=GET uri=/api/companies/public status=200 durationMs=1622"}
{"timestamp":"2026-09-13 15:34:29.414","level":"INFO","thread":"http-nio-8000-exec-4","logger":"c.j.p.logging.RequestLoggingFilter","message":"HTTP_REQUEST_STARTED method=POST uri=/api/auth/login/public"}
{"timestamp":"2026-09-13 15:34:29.712","level":"INFO","thread":"http-nio-8000-exec-4","logger":"c.j.p.a.LoginSuccessAuditAspect","message":"✅ LOGIN SUCCESS | User: praveen@gmail.com | Role: ROLE_JOB_SEEKER"}
{"timestamp":"2026-09-13 15:34:29.734","level":"INFO","thread":"http-nio-8000-exec-4","logger":"c.j.p.logging.RequestLoggingFilter","message":"HTTP_REQUEST_BODY payload={"username":"praveen@gmail.com","password":"*****"}"}
{"timestamp":"2026-09-13 15:34:29.735","level":"INFO","thread":"http-nio-8000-exec-4","logger":"c.j.p.logging.RequestLoggingFilter","message":"HTTP_REQUEST_COMPLETED method=POST uri=/api/auth/login/public status=200 durationMs=320"}
{"timestamp":"2026-09-13 15:34:29.780","level":"INFO","thread":"http-nio-8000-exec-6","logger":"c.j.p.logging.RequestLoggingFilter","message":"HTTP_REQUEST_STARTED method=GET uri=/api/profile"}
{"timestamp":"2026-09-13 15:34:29.835","level":"WARN","thread":"http-nio-8000-exec-6","logger":"o.s.w.s.m.m.a.ExceptionHandlerExceptionResolver","message":"Resolved [org.springframework.web.servlet.resource.NoResourceFoundException: No static resource api/profile for request '/api/profile'.]"}
{"timestamp":"2026-09-13 15:34:29.835","level":"ERROR","thread":"http-nio-8000-exec-6","logger":"c.j.p.logging.RequestLoggingFilter","message":"HTTP_REQUEST_COMPLETED method=GET uri=/api/profile status=500 durationMs=52"}
{"timestamp":"2026-09-13 15:34:30.211","level":"INFO","thread":"http-nio-8000-exec-10","logger":"c.j.p.logging.RequestLoggingFilter","message":"HTTP_REQUEST_STARTED method=GET uri=/api/saved-jobs"}
{"timestamp":"2026-09-13 15:34:30.212","level":"INFO","thread":"http-nio-8000-exec-9","logger":"c.j.p.logging.RequestLoggingFilter","message":"HTTP_REQUEST_STARTED method=GET uri=/api/job-applications/my-applications"}
{"timestamp":"2026-09-13 15:34:30.315","level":"WARN","thread":"http-nio-8000-exec-10","logger":"o.s.w.s.m.m.a.ExceptionHandlerExceptionResolver","message":"Resolved [org.springframework.web.servlet.resource.NoResourceFoundException: No static resource api/saved-jobs for request '/api/saved-jobs'.]"}
{"timestamp":"2026-09-13 15:34:30.317","level":"WARN","thread":"http-nio-8000-exec-9","logger":"o.s.w.s.m.m.a.ExceptionHandlerExceptionResolver","message":"Resolved [org.springframework.web.servlet.resource.NoResourceFoundException: No static resource api/job-applications/my-applications for request '/api/job-applications/my-applications'.]"}
{"timestamp":"2026-09-13 15:34:30.320","level":"ERROR","thread":"http-nio-8000-exec-9","logger":"c.j.p.logging.RequestLoggingFilter","message":"HTTP_REQUEST_COMPLETED method=GET uri=/api/job-applications/my-applications status=500 durationMs=107"}
{"timestamp":"2026-09-13 15:34:30.320","level":"ERROR","thread":"http-nio-8000-exec-10","logger":"c.j.p.logging.RequestLoggingFilter","message":"HTTP_REQUEST_COMPLETED method=GET uri=/api/saved-jobs status=500 durationMs=108"}
{"timestamp":"2026-09-13 15:34:37.307","level":"INFO","thread":"http-nio-8000-exec-3","logger":"c.j.p.logging.RequestLoggingFilter","message":"HTTP_REQUEST_STARTED method=GET uri=/api/profile"}
{"timestamp":"2026-09-13 15:34:37.330","level":"INFO","thread":"http-nio-8000-exec-4","logger":"c.j.p.logging.RequestLoggingFilter","message":"HTTP_REQUEST_STARTED method=GET uri=/api/profile"}
{"timestamp":"2026-09-13 15:34:37.367","level":"WARN","thread":"http-nio-8000-exec-3","logger":"o.s.w.s.m.m.a.ExceptionHandlerExceptionResolver","message":"Resolved [org.springframework.web.servlet.resource.NoResourceFoundException: No static resource api/profile for request '/api/profile'.]"}
{"timestamp":"2026-09-13 15:34:37.374","level":"ERROR","thread":"http-nio-8000-exec-3","logger":"c.j.p.logging.RequestLoggingFilter","message":"HTTP_REQUEST_COMPLETED method=GET uri=/api/profile status=500 durationMs=67"}
{"timestamp":"2026-09-13 15:34:37.378","level":"WARN","thread":"http-nio-8000-exec-4","logger":"o.s.w.s.m.m.a.ExceptionHandlerExceptionResolver","message":"Resolved [org.springframework.web.servlet.resource.NoResourceFoundException: No static resource api/profile for request '/api/profile'.]"}
{"timestamp":"2026-09-13 15:34:37.379","level":"ERROR","thread":"http-nio-8000-exec-4","logger":"c.j.p.logging.RequestLoggingFilter","message":"HTTP_REQUEST_COMPLETED method=GET uri=/api/profile status=500 durationMs=48"}
{"timestamp":"2026-09-13 15:35:13.629","level":"INFO","thread":"http-nio-8000-exec-6","logger":"c.j.p.logging.RequestLoggingFilter","message":"HTTP_REQUEST_STARTED method=POST uri=/api/contacts/public"}
{"timestamp":"2026-09-13 15:35:14.043","level":"INFO","thread":"http-nio-8000-exec-6","logger":"c.j.p.logging.RequestLoggingFilter","message":"HTTP_REQUEST_BODY payload={"name":"Praveen","email":"praveenkum1225@gmail.com","userType":"Job_Seeker","subject":"Job Posting Issue","message":"heeelp...sfd"}"}
{"timestamp":"2026-09-13 15:35:14.043","level":"INFO","thread":"http-nio-8000-exec-6","logger":"c.j.p.logging.RequestLoggingFilter","message":"HTTP_REQUEST_COMPLETED method=POST uri=/api/contacts/public status=201 durationMs=414"}
{"timestamp":"2026-09-13 15:35:28.743","level":"INFO","thread":"http-nio-8000-exec-8","logger":"c.j.p.logging.RequestLoggingFilter","message":"HTTP_REQUEST_STARTED method=POST uri=/api/contacts/public"}
{"timestamp":"2026-09-13 15:35:28.891","level":"INFO","thread":"http-nio-8000-exec-8","logger":"c.j.p.logging.RequestLoggingFilter","message":"HTTP_REQUEST_BODY payload={"name":"fdsfd","email":"joh@gmail.com","userType":"Job_Seeker","subject":"General Inquiry","message":"fdsfdsfdsfdsfd"}"}
{"timestamp":"2026-09-13 15:35:28.900","level":"INFO","thread":"http-nio-8000-exec-8","logger":"c.j.p.logging.RequestLoggingFilter","message":"HTTP_REQUEST_COMPLETED method=POST uri=/api/contacts/public status=201 durationMs=157"}
{"timestamp":"2026-09-13 15:35:37.401","level":"INFO","thread":"http-nio-8000-exec-9","logger":"c.j.p.logging.RequestLoggingFilter","message":"HTTP_REQUEST_STARTED method=POST uri=/api/contacts/public"}
{"timestamp":"2026-09-13 15:35:37.453","level":"INFO","thread":"http-nio-8000-exec-9","logger":"c.j.p.logging.RequestLoggingFilter","message":"HTTP_REQUEST_BODY payload={"name":"Praveen Kumar","email":"praveenkum1225@gmail.com","userType":"Job_Seeker","subject":"Application Question","message":"dfsdgfdhgfdhgf"}"}
{"timestamp":"2026-09-13 15:35:37.454","level":"INFO","thread":"http-nio-8000-exec-9","logger":"c.j.p.logging.RequestLoggingFilter","message":"HTTP_REQUEST_COMPLETED method=POST uri=/api/contacts/public status=201 durationMs=52"}
{"timestamp":"2026-09-13 15:35:44.265","level":"INFO","thread":"http-nio-8000-exec-1","logger":"c.j.p.logging.RequestLoggingFilter","message":"HTTP_REQUEST_STARTED method=POST uri=/api/contacts/public"}
{"timestamp":"2026-09-13 15:35:44.308","level":"INFO","thread":"http-nio-8000-exec-1","logger":"c.j.p.logging.RequestLoggingFilter","message":"HTTP_REQUEST_BODY payload={"name":"Praveen Kumar","email":"praveenkum1225@gmail.com","userType":"Employer","subject":"Application Question","message":"hfghfghgfhfhghfg"}"}
{"timestamp":"2026-09-13 15:35:44.309","level":"INFO","thread":"http-nio-8000-exec-1","logger":"c.j.p.logging.RequestLoggingFilter","message":"HTTP_REQUEST_COMPLETED method=POST uri=/api/contacts/public status=201 durationMs=43"}
{"timestamp":"2026-09-13 15:35:59.362","level":"INFO","thread":"http-nio-8000-exec-3","logger":"c.j.p.logging.RequestLoggingFilter","message":"HTTP_REQUEST_STARTED method=POST uri=/api/auth/login/public"}
{"timestamp":"2026-09-13 15:36:02.478","level":"INFO","thread":"http-nio-8000-exec-3","logger":"c.j.p.a.LoginSuccessAuditAspect","message":"✅ LOGIN SUCCESS | User: admin@gmail.com | Role: ROLE_ADMIN"}
{"timestamp":"2026-09-13 15:36:02.482","level":"INFO","thread":"http-nio-8000-exec-3","logger":"c.j.p.logging.RequestLoggingFilter","message":"HTTP_REQUEST_BODY payload={"username":"admin@gmail.com","password":"*****"}"}
{"timestamp":"2026-09-13 15:36:02.482","level":"INFO","thread":"http-nio-8000-exec-3","logger":"c.j.p.logging.RequestLoggingFilter","message":"HTTP_REQUEST_COMPLETED method=POST uri=/api/auth/login/public status=200 durationMs=3120"}
{"timestamp":"2026-09-13 15:36:07.829","level":"INFO","thread":"http-nio-8000-exec-7","logger":"c.j.p.logging.RequestLoggingFilter","message":"HTTP_REQUEST_STARTED method=GET uri=/api/contacts/page/admin"}
{"timestamp":"2026-09-13 15:36:07.833","level":"INFO","thread":"http-nio-8000-exec-6","logger":"c.j.p.logging.RequestLoggingFilter","message":"HTTP_REQUEST_STARTED method=GET uri=/api/contacts/page/admin"}
{"timestamp":"2026-09-13 15:36:08.050","level":"WARN","thread":"http-nio-8000-exec-7","logger":"o.s.d.w.c.SpringDataJackson3Configuration$PageModule$WarningLoggingModifier","message":"Serializing PageImpl instances as-is is not supported, meaning that there is no guarantee about the stability of the resulting JSON structure!
	For a stable JSON structure, please use Spring Data's PagedModel (globally via @EnableSpringDataWebSupport(pageSerializationMode = VIA_DTO))
	or Spring HATEOAS and Spring Data's PagedResourcesAssembler as documented in https://docs.spring.io/spring-data/commons/reference/repositories/core-extensions.html#core.web.pageables.
"}
{"timestamp":"2026-09-13 15:36:08.107","level":"INFO","thread":"http-nio-8000-exec-6","logger":"c.j.p.logging.RequestLoggingFilter","message":"HTTP_REQUEST_COMPLETED method=GET uri=/api/contacts/page/admin status=200 durationMs=274"}
{"timestamp":"2026-09-13 15:36:08.108","level":"INFO","thread":"http-nio-8000-exec-7","logger":"c.j.p.logging.RequestLoggingFilter","message":"HTTP_REQUEST_COMPLETED method=GET uri=/api/contacts/page/admin status=200 durationMs=281"}
{"timestamp":"2026-09-13 15:36:15.220","level":"INFO","thread":"http-nio-8000-exec-10","logger":"c.j.p.logging.RequestLoggingFilter","message":"HTTP_REQUEST_STARTED method=PATCH uri=/api/contacts/16/status/admin"}
{"timestamp":"2026-09-13 15:36:15.309","level":"INFO","thread":"http-nio-8000-exec-10","logger":"c.j.p.c.s.impl.ContactServiceImpl","message":"Contact(id=16, name=fdsfd, email=joh@gmail.com, subject=General Inquiry, message=fdsfdsfdsfdsfd, status=CLOSED, userType=Job_Seeker)"}
{"timestamp":"2026-09-13 15:36:15.370","level":"INFO","thread":"http-nio-8000-exec-10","logger":"c.j.p.logging.RequestLoggingFilter","message":"HTTP_REQUEST_COMPLETED method=PATCH uri=/api/contacts/16/status/admin status=200 durationMs=149"}
{"timestamp":"2026-09-13 15:36:15.396","level":"INFO","thread":"http-nio-8000-exec-2","logger":"c.j.p.logging.RequestLoggingFilter","message":"HTTP_REQUEST_STARTED method=GET uri=/api/contacts/page/admin"}
{"timestamp":"2026-09-13 15:36:15.426","level":"INFO","thread":"http-nio-8000-exec-2","logger":"c.j.p.logging.RequestLoggingFilter","message":"HTTP_REQUEST_COMPLETED method=GET uri=/api/contacts/page/admin status=200 durationMs=29"}
{"timestamp":"2026-09-13 15:36:17.430","level":"INFO","thread":"http-nio-8000-exec-3","logger":"c.j.p.logging.RequestLoggingFilter","message":"HTTP_REQUEST_STARTED method=PATCH uri=/api/contacts/15/status/admin"}
{"timestamp":"2026-09-13 15:36:17.483","level":"INFO","thread":"http-nio-8000-exec-3","logger":"c.j.p.c.s.impl.ContactServiceImpl","message":"Contact(id=15, name=Praveen, email=praveenkum1225@gmail.com, subject=Job Posting Issue, message=heeelp...sfd, status=CLOSED, userType=Job_Seeker)"}
{"timestamp":"2026-09-13 15:36:17.525","level":"INFO","thread":"http-nio-8000-exec-3","logger":"c.j.p.logging.RequestLoggingFilter","message":"HTTP_REQUEST_COMPLETED method=PATCH uri=/api/contacts/15/status/admin status=200 durationMs=95"}
{"timestamp":"2026-09-13 15:36:17.549","level":"INFO","thread":"http-nio-8000-exec-5","logger":"c.j.p.logging.RequestLoggingFilter","message":"HTTP_REQUEST_STARTED method=GET uri=/api/contacts/page/admin"}
{"timestamp":"2026-09-13 15:36:17.589","level":"INFO","thread":"http-nio-8000-exec-5","logger":"c.j.p.logging.RequestLoggingFilter","message":"HTTP_REQUEST_COMPLETED method=GET uri=/api/contacts/page/admin status=200 durationMs=39"}
{"timestamp":"2026-09-13 15:36:19.387","level":"INFO","thread":"http-nio-8000-exec-7","logger":"c.j.p.logging.RequestLoggingFilter","message":"HTTP_REQUEST_STARTED method=PATCH uri=/api/contacts/10/status/admin"}
{"timestamp":"2026-09-13 15:36:19.568","level":"INFO","thread":"http-nio-8000-exec-7","logger":"c.j.p.c.s.impl.ContactServiceImpl","message":"Contact(id=10, name=string, email=dino@example.com, subject=string, message=string, status=CLOSED, userType=Job_Seeker)"}
{"timestamp":"2026-09-13 15:36:19.613","level":"INFO","thread":"http-nio-8000-exec-7","logger":"c.j.p.logging.RequestLoggingFilter","message":"HTTP_REQUEST_COMPLETED method=PATCH uri=/api/contacts/10/status/admin status=200 durationMs=224"}
{"timestamp":"2026-09-13 15:36:19.760","level":"INFO","thread":"http-nio-8000-exec-10","logger":"c.j.p.logging.RequestLoggingFilter","message":"HTTP_REQUEST_STARTED method=GET uri=/api/contacts/page/admin"}
{"timestamp":"2026-09-13 15:36:19.778","level":"INFO","thread":"http-nio-8000-exec-10","logger":"c.j.p.logging.RequestLoggingFilter","message":"HTTP_REQUEST_COMPLETED method=GET uri=/api/contacts/page/admin status=200 durationMs=18"}
{"timestamp":"2026-09-13 15:36:21.569","level":"INFO","thread":"http-nio-8000-exec-2","logger":"c.j.p.logging.RequestLoggingFilter","message":"HTTP_REQUEST_STARTED method=PATCH uri=/api/contacts/18/status/admin"}
{"timestamp":"2026-09-13 15:36:21.622","level":"INFO","thread":"http-nio-8000-exec-2","logger":"c.j.p.c.s.impl.ContactServiceImpl","message":"Contact(id=18, name=Praveen Kumar, email=praveenkum1225@gmail.com, subject=Application Question, message=hfghfghgfhfhghfg, status=CLOSED, userType=Employer)"}
{"timestamp":"2026-09-13 15:36:21.679","level":"INFO","thread":"http-nio-8000-exec-2","logger":"c.j.p.logging.RequestLoggingFilter","message":"HTTP_REQUEST_COMPLETED method=PATCH uri=/api/contacts/18/status/admin status=200 durationMs=109"}
{"timestamp":"2026-09-13 15:36:21.713","level":"INFO","thread":"http-nio-8000-exec-3","logger":"c.j.p.logging.RequestLoggingFilter","message":"HTTP_REQUEST_STARTED method=GET uri=/api/contacts/page/admin"}
{"timestamp":"2026-09-13 15:36:21.765","level":"INFO","thread":"http-nio-8000-exec-3","logger":"c.j.p.logging.RequestLoggingFilter","message":"HTTP_REQUEST_COMPLETED method=GET uri=/api/contacts/page/admin status=200 durationMs=50"}
{"timestamp":"2026-09-13 15:46:06.392","level":"INFO","thread":"File Watcher","logger":"o.s.b.d.a.LocalDevToolsAutoConfiguration$RestartingClassPathChangeChangedEventListener","message":"Restarting due to 1 class path change (0 additions, 1 deletion, 0 modifications)"}
{"timestamp":"2026-09-13 15:46:06.543","level":"INFO","thread":"Thread-111","logger":"o.s.boot.tomcat.GracefulShutdown","message":"Commencing graceful shutdown. Waiting for active requests to complete"}
{"timestamp":"2026-09-13 15:46:06.579","level":"INFO","thread":"tomcat-shutdown","logger":"o.a.coyote.http11.Http11NioProtocol","message":"Pausing ProtocolHandler ["http-nio-8000"]"}
{"timestamp":"2026-09-13 15:46:06.646","level":"INFO","thread":"tomcat-shutdown","logger":"o.s.boot.tomcat.GracefulShutdown","message":"Graceful shutdown complete"}
{"timestamp":"2026-09-13 15:46:06.652","level":"INFO","thread":"Thread-111","logger":"o.a.coyote.http11.Http11NioProtocol","message":"Stopping ProtocolHandler ["http-nio-8000"]"}
{"timestamp":"2026-09-13 15:46:06.794","level":"INFO","thread":"Thread-111","logger":"o.s.o.j.LocalContainerEntityManagerFactoryBean","message":"Closing JPA EntityManagerFactory for persistence unit 'default'"}
{"timestamp":"2026-09-13 15:46:06.995","level":"INFO","thread":"Thread-111","logger":"com.zaxxer.hikari.HikariDataSource","message":"HikariPool-9 - Shutdown initiated..."}
{"timestamp":"2026-09-13 15:46:07.077","level":"INFO","thread":"Thread-111","logger":"com.zaxxer.hikari.HikariDataSource","message":"HikariPool-9 - Shutdown completed."}
{"timestamp":"2026-09-13 15:46:08.726","level":"INFO","thread":"restartedMain","logger":"com.jimmy.portal.PortalApplication","message":"Starting PortalApplication using Java 26.0.2.1 with PID 15332 (D:\job-portal-server\target\classes started by JIMMY in D:\job-portal-server)"}
{"timestamp":"2026-09-13 15:46:08.727","level":"INFO","thread":"restartedMain","logger":"com.jimmy.portal.PortalApplication","message":"No active profile set, falling back to 1 default profile: "default""}
{"timestamp":"2026-09-13 15:46:08.748","level":"INFO","thread":"restartedMain","logger":"o.s.b.d.c.l.DockerComposeLifecycleManager","message":"Using Docker Compose file D:\job-portal-server\compose.yml"}
{"timestamp":"2026-09-13 15:46:10.300","level":"INFO","thread":"restartedMain","logger":"o.s.b.d.c.l.DockerComposeLifecycleManager","message":"There are already Docker Compose services running, skipping startup"}
{"timestamp":"2026-09-13 15:46:11.302","level":"INFO","thread":"restartedMain","logger":"o.s.d.r.c.RepositoryConfigurationDelegate","message":"Bootstrapping Spring Data JPA repositories in DEFAULT mode."}
{"timestamp":"2026-09-13 15:46:11.381","level":"INFO","thread":"restartedMain","logger":"o.s.d.r.c.RepositoryConfigurationDelegate","message":"Finished Spring Data repository scanning in 73 ms. Found 4 JPA repository interfaces."}
{"timestamp":"2026-09-13 15:46:12.088","level":"INFO","thread":"restartedMain","logger":"o.s.boot.tomcat.TomcatWebServer","message":"Tomcat initialized with port 8000 (http)"}
{"timestamp":"2026-09-13 15:46:12.094","level":"INFO","thread":"restartedMain","logger":"o.a.coyote.http11.Http11NioProtocol","message":"Initializing ProtocolHandler ["http-nio-8000"]"}
{"timestamp":"2026-09-13 15:46:12.094","level":"INFO","thread":"restartedMain","logger":"o.a.catalina.core.StandardService","message":"Starting service [Tomcat]"}
{"timestamp":"2026-09-13 15:46:12.095","level":"INFO","thread":"restartedMain","logger":"o.a.catalina.core.StandardEngine","message":"Starting Servlet engine: [Apache Tomcat/11.0.22]"}
{"timestamp":"2026-09-13 15:46:12.164","level":"INFO","thread":"restartedMain","logger":"o.s.b.w.c.s.WebApplicationContextInitializer","message":"Root WebApplicationContext: initialization completed in 1862 ms"}
{"timestamp":"2026-09-13 15:46:12.777","level":"INFO","thread":"restartedMain","logger":"com.zaxxer.hikari.HikariDataSource","message":"HikariPool-10 - Starting..."}
{"timestamp":"2026-09-13 15:46:13.064","level":"INFO","thread":"restartedMain","logger":"com.zaxxer.hikari.pool.HikariPool","message":"HikariPool-10 - Added connection com.mysql.cj.jdbc.ConnectionImpl@3bca2bb3"}
{"timestamp":"2026-09-13 15:46:13.064","level":"INFO","thread":"restartedMain","logger":"com.zaxxer.hikari.HikariDataSource","message":"HikariPool-10 - Start completed."}
{"timestamp":"2026-09-13 15:46:13.067","level":"INFO","thread":"restartedMain","logger":"org.hibernate.orm.jpa","message":"HHH008540: Processing PersistenceUnitInfo [name: default]"}
{"timestamp":"2026-09-13 15:46:13.133","level":"INFO","thread":"restartedMain","logger":"o.s.o.j.p.SpringPersistenceUnitInfo","message":"No LoadTimeWeaver setup: ignoring JPA class transformer"}
{"timestamp":"2026-09-13 15:46:13.144","level":"INFO","thread":"restartedMain","logger":"o.hibernate.orm.connections.pooling","message":"HHH10001005: Database info:
	Database JDBC URL [jdbc:mysql://127.0.0.1:3308/jobportal]
	Database driver: MySQL Connector/J
	Database dialect: MySQLDialect
	Database version: 9.1
	Default catalog/schema: jobportal/undefined
	Autocommit mode: undefined/unknown
	Isolation level: REPEATABLE_READ [default REPEATABLE_READ]
	JDBC fetch size: none
	Pool: DataSourceConnectionProvider
	Minimum pool size: undefined/unknown
	Maximum pool size: undefined/unknown"}
{"timestamp":"2026-09-13 15:46:13.589","level":"INFO","thread":"restartedMain","logger":"org.hibernate.orm.core","message":"HHH000489: No JTA platform available (set 'hibernate.transaction.jta.platform' to enable JTA platform integration)"}
{"timestamp":"2026-09-13 15:46:13.591","level":"INFO","thread":"restartedMain","logger":"o.s.o.j.LocalContainerEntityManagerFactoryBean","message":"Initialized JPA EntityManagerFactory for persistence unit 'default'"}
{"timestamp":"2026-09-13 15:46:14.037","level":"WARN","thread":"restartedMain","logger":"o.s.b.w.s.s.c.AnnotationConfigServletWebServerApplicationContext","message":"Exception encountered during context initialization - cancelling refresh attempt: org.springframework.beans.factory.UnsatisfiedDependencyException: Error creating bean with name 'contactController' defined in file [D:\job-portal-server\target\classes\com\jimmy\portal\contact\controller\ContactController.class]: Unsatisfied dependency expressed through constructor parameter 0: No qualifying bean of type 'com.jimmy.portal.contact.service.IContactService' available: expected at least 1 bean which qualifies as autowire candidate. Dependency annotations: {}"}
{"timestamp":"2026-09-13 15:46:14.037","level":"INFO","thread":"restartedMain","logger":"o.s.o.j.LocalContainerEntityManagerFactoryBean","message":"Closing JPA EntityManagerFactory for persistence unit 'default'"}
{"timestamp":"2026-09-13 15:46:14.038","level":"INFO","thread":"restartedMain","logger":"com.zaxxer.hikari.HikariDataSource","message":"HikariPool-10 - Shutdown initiated..."}
{"timestamp":"2026-09-13 15:46:14.051","level":"INFO","thread":"restartedMain","logger":"com.zaxxer.hikari.HikariDataSource","message":"HikariPool-10 - Shutdown completed."}
{"timestamp":"2026-09-13 15:46:14.053","level":"INFO","thread":"restartedMain","logger":"o.a.catalina.core.StandardService","message":"Stopping service [Tomcat]"}
{"timestamp":"2026-09-13 15:46:14.066","level":"INFO","thread":"restartedMain","logger":"o.s.b.a.l.ConditionEvaluationReportLogger","message":"

Error starting ApplicationContext. To display the condition evaluation report re-run your application with 'debug' enabled."}
{"timestamp":"2026-09-13 15:46:14.079","level":"ERROR","thread":"restartedMain","logger":"o.s.b.d.LoggingFailureAnalysisReporter","message":"

***************************
APPLICATION FAILED TO START
***************************

Description:

Parameter 0 of constructor in com.jimmy.portal.contact.controller.ContactController required a bean of type 'com.jimmy.portal.contact.service.IContactService' that could not be found.


Action:

Consider defining a bean of type 'com.jimmy.portal.contact.service.IContactService' in your configuration.
"}
{"timestamp":"2026-09-13 15:47:00.913","level":"INFO","thread":"restartedMain","logger":"com.jimmy.portal.PortalApplication","message":"Starting PortalApplication using Java 26.0.2.1 with PID 15332 (D:\job-portal-server\target\classes started by JIMMY in D:\job-portal-server)"}
{"timestamp":"2026-09-13 15:47:00.914","level":"INFO","thread":"restartedMain","logger":"com.jimmy.portal.PortalApplication","message":"No active profile set, falling back to 1 default profile: "default""}
{"timestamp":"2026-09-13 15:47:00.923","level":"INFO","thread":"restartedMain","logger":"o.s.b.d.c.l.DockerComposeLifecycleManager","message":"Using Docker Compose file D:\job-portal-server\compose.yml"}
{"timestamp":"2026-09-13 15:47:02.346","level":"INFO","thread":"restartedMain","logger":"o.s.b.d.c.l.DockerComposeLifecycleManager","message":"There are already Docker Compose services running, skipping startup"}
{"timestamp":"2026-09-13 15:47:02.919","level":"INFO","thread":"restartedMain","logger":"o.s.d.r.c.RepositoryConfigurationDelegate","message":"Bootstrapping Spring Data JPA repositories in DEFAULT mode."}
{"timestamp":"2026-09-13 15:47:02.972","level":"INFO","thread":"restartedMain","logger":"o.s.d.r.c.RepositoryConfigurationDelegate","message":"Finished Spring Data repository scanning in 49 ms. Found 4 JPA repository interfaces."}
{"timestamp":"2026-09-13 15:47:03.295","level":"INFO","thread":"restartedMain","logger":"o.s.boot.tomcat.TomcatWebServer","message":"Tomcat initialized with port 8000 (http)"}
{"timestamp":"2026-09-13 15:47:03.296","level":"INFO","thread":"restartedMain","logger":"o.a.coyote.http11.Http11NioProtocol","message":"Initializing ProtocolHandler ["http-nio-8000"]"}
{"timestamp":"2026-09-13 15:47:03.297","level":"INFO","thread":"restartedMain","logger":"o.a.catalina.core.StandardService","message":"Starting service [Tomcat]"}
{"timestamp":"2026-09-13 15:47:03.297","level":"INFO","thread":"restartedMain","logger":"o.a.catalina.core.StandardEngine","message":"Starting Servlet engine: [Apache Tomcat/11.0.22]"}
{"timestamp":"2026-09-13 15:47:03.355","level":"INFO","thread":"restartedMain","logger":"o.s.b.w.c.s.WebApplicationContextInitializer","message":"Root WebApplicationContext: initialization completed in 1008 ms"}
{"timestamp":"2026-09-13 15:47:03.747","level":"INFO","thread":"restartedMain","logger":"com.zaxxer.hikari.HikariDataSource","message":"HikariPool-11 - Starting..."}
{"timestamp":"2026-09-13 15:47:03.795","level":"INFO","thread":"restartedMain","logger":"com.zaxxer.hikari.pool.HikariPool","message":"HikariPool-11 - Added connection com.mysql.cj.jdbc.ConnectionImpl@17121855"}
{"timestamp":"2026-09-13 15:47:03.795","level":"INFO","thread":"restartedMain","logger":"com.zaxxer.hikari.HikariDataSource","message":"HikariPool-11 - Start completed."}
{"timestamp":"2026-09-13 15:47:03.797","level":"INFO","thread":"restartedMain","logger":"org.hibernate.orm.jpa","message":"HHH008540: Processing PersistenceUnitInfo [name: default]"}
{"timestamp":"2026-09-13 15:47:03.857","level":"INFO","thread":"restartedMain","logger":"o.s.o.j.p.SpringPersistenceUnitInfo","message":"No LoadTimeWeaver setup: ignoring JPA class transformer"}
{"timestamp":"2026-09-13 15:47:03.866","level":"INFO","thread":"restartedMain","logger":"o.hibernate.orm.connections.pooling","message":"HHH10001005: Database info:
	Database JDBC URL [jdbc:mysql://127.0.0.1:3308/jobportal]
	Database driver: MySQL Connector/J
	Database dialect: MySQLDialect
	Database version: 9.1
	Default catalog/schema: jobportal/undefined
	Autocommit mode: undefined/unknown
	Isolation level: REPEATABLE_READ [default REPEATABLE_READ]
	JDBC fetch size: none
	Pool: DataSourceConnectionProvider
	Minimum pool size: undefined/unknown
	Maximum pool size: undefined/unknown"}
{"timestamp":"2026-09-13 15:47:04.246","level":"INFO","thread":"restartedMain","logger":"org.hibernate.orm.core","message":"HHH000489: No JTA platform available (set 'hibernate.transaction.jta.platform' to enable JTA platform integration)"}
{"timestamp":"2026-09-13 15:47:04.249","level":"INFO","thread":"restartedMain","logger":"o.s.o.j.LocalContainerEntityManagerFactoryBean","message":"Initialized JPA EntityManagerFactory for persistence unit 'default'"}
{"timestamp":"2026-09-13 15:47:04.807","level":"WARN","thread":"restartedMain","logger":"o.s.b.w.s.s.c.AnnotationConfigServletWebServerApplicationContext","message":"Exception encountered during context initialization - cancelling refresh attempt: org.springframework.beans.factory.UnsatisfiedDependencyException: Error creating bean with name 'contactController' defined in file [D:\job-portal-server\target\classes\com\jimmy\portal\contact\controller\ContactController.class]: Unsatisfied dependency expressed through constructor parameter 0: No qualifying bean of type 'com.jimmy.portal.contact.service.IContactService' available: expected at least 1 bean which qualifies as autowire candidate. Dependency annotations: {}"}
{"timestamp":"2026-09-13 15:47:04.809","level":"INFO","thread":"restartedMain","logger":"o.s.o.j.LocalContainerEntityManagerFactoryBean","message":"Closing JPA EntityManagerFactory for persistence unit 'default'"}
{"timestamp":"2026-09-13 15:47:04.812","level":"INFO","thread":"restartedMain","logger":"com.zaxxer.hikari.HikariDataSource","message":"HikariPool-11 - Shutdown initiated..."}
{"timestamp":"2026-09-13 15:47:04.836","level":"INFO","thread":"restartedMain","logger":"com.zaxxer.hikari.HikariDataSource","message":"HikariPool-11 - Shutdown completed."}
{"timestamp":"2026-09-13 15:47:04.838","level":"INFO","thread":"restartedMain","logger":"o.a.catalina.core.StandardService","message":"Stopping service [Tomcat]"}
{"timestamp":"2026-09-13 15:47:04.854","level":"INFO","thread":"restartedMain","logger":"o.s.b.a.l.ConditionEvaluationReportLogger","message":"

Error starting ApplicationContext. To display the condition evaluation report re-run your application with 'debug' enabled."}
{"timestamp":"2026-09-13 15:47:04.865","level":"ERROR","thread":"restartedMain","logger":"o.s.b.d.LoggingFailureAnalysisReporter","message":"

***************************
APPLICATION FAILED TO START
***************************

Description:

Parameter 0 of constructor in com.jimmy.portal.contact.controller.ContactController required a bean of type 'com.jimmy.portal.contact.service.IContactService' that could not be found.


Action:

Consider defining a bean of type 'com.jimmy.portal.contact.service.IContactService' in your configuration.
"}
{"timestamp":"2026-09-13 15:47:07.371","level":"INFO","thread":"restartedMain","logger":"com.jimmy.portal.PortalApplication","message":"Starting PortalApplication using Java 26.0.2.1 with PID 15332 (D:\job-portal-server\target\classes started by JIMMY in D:\job-portal-server)"}
{"timestamp":"2026-09-13 15:47:07.372","level":"INFO","thread":"restartedMain","logger":"com.jimmy.portal.PortalApplication","message":"No active profile set, falling back to 1 default profile: "default""}
{"timestamp":"2026-09-13 15:47:07.378","level":"INFO","thread":"restartedMain","logger":"o.s.b.d.c.l.DockerComposeLifecycleManager","message":"Using Docker Compose file D:\job-portal-server\compose.yml"}
{"timestamp":"2026-09-13 15:47:08.441","level":"INFO","thread":"restartedMain","logger":"o.s.b.d.c.l.DockerComposeLifecycleManager","message":"There are already Docker Compose services running, skipping startup"}
{"timestamp":"2026-09-13 15:47:08.917","level":"INFO","thread":"restartedMain","logger":"o.s.d.r.c.RepositoryConfigurationDelegate","message":"Bootstrapping Spring Data JPA repositories in DEFAULT mode."}
{"timestamp":"2026-09-13 15:47:08.961","level":"INFO","thread":"restartedMain","logger":"o.s.d.r.c.RepositoryConfigurationDelegate","message":"Finished Spring Data repository scanning in 42 ms. Found 4 JPA repository interfaces."}
{"timestamp":"2026-09-13 15:47:09.230","level":"INFO","thread":"restartedMain","logger":"o.s.boot.tomcat.TomcatWebServer","message":"Tomcat initialized with port 8000 (http)"}
{"timestamp":"2026-09-13 15:47:09.231","level":"INFO","thread":"restartedMain","logger":"o.a.coyote.http11.Http11NioProtocol","message":"Initializing ProtocolHandler ["http-nio-8000"]"}
{"timestamp":"2026-09-13 15:47:09.231","level":"INFO","thread":"restartedMain","logger":"o.a.catalina.core.StandardService","message":"Starting service [Tomcat]"}
{"timestamp":"2026-09-13 15:47:09.231","level":"INFO","thread":"restartedMain","logger":"o.a.catalina.core.StandardEngine","message":"Starting Servlet engine: [Apache Tomcat/11.0.22]"}
{"timestamp":"2026-09-13 15:47:09.272","level":"INFO","thread":"restartedMain","logger":"o.s.b.w.c.s.WebApplicationContextInitializer","message":"Root WebApplicationContext: initialization completed in 830 ms"}
{"timestamp":"2026-09-13 15:47:09.542","level":"INFO","thread":"restartedMain","logger":"com.zaxxer.hikari.HikariDataSource","message":"HikariPool-12 - Starting..."}
{"timestamp":"2026-09-13 15:47:09.605","level":"INFO","thread":"restartedMain","logger":"com.zaxxer.hikari.pool.HikariPool","message":"HikariPool-12 - Added connection com.mysql.cj.jdbc.ConnectionImpl@38914c05"}
{"timestamp":"2026-09-13 15:47:09.606","level":"INFO","thread":"restartedMain","logger":"com.zaxxer.hikari.HikariDataSource","message":"HikariPool-12 - Start completed."}
{"timestamp":"2026-09-13 15:47:09.607","level":"INFO","thread":"restartedMain","logger":"org.hibernate.orm.jpa","message":"HHH008540: Processing PersistenceUnitInfo [name: default]"}
{"timestamp":"2026-09-13 15:47:09.683","level":"INFO","thread":"restartedMain","logger":"o.s.o.j.p.SpringPersistenceUnitInfo","message":"No LoadTimeWeaver setup: ignoring JPA class transformer"}
{"timestamp":"2026-09-13 15:47:09.695","level":"INFO","thread":"restartedMain","logger":"o.hibernate.orm.connections.pooling","message":"HHH10001005: Database info:
	Database JDBC URL [jdbc:mysql://127.0.0.1:3308/jobportal]
	Database driver: MySQL Connector/J
	Database dialect: MySQLDialect
	Database version: 9.1
	Default catalog/schema: jobportal/undefined
	Autocommit mode: undefined/unknown
	Isolation level: REPEATABLE_READ [default REPEATABLE_READ]
	JDBC fetch size: none
	Pool: DataSourceConnectionProvider
	Minimum pool size: undefined/unknown
	Maximum pool size: undefined/unknown"}
{"timestamp":"2026-09-13 15:47:10.165","level":"INFO","thread":"restartedMain","logger":"org.hibernate.orm.core","message":"HHH000489: No JTA platform available (set 'hibernate.transaction.jta.platform' to enable JTA platform integration)"}
{"timestamp":"2026-09-13 15:47:10.167","level":"INFO","thread":"restartedMain","logger":"o.s.o.j.LocalContainerEntityManagerFactoryBean","message":"Initialized JPA EntityManagerFactory for persistence unit 'default'"}
{"timestamp":"2026-09-13 15:47:10.730","level":"WARN","thread":"restartedMain","logger":"o.s.b.j.a.JpaBaseConfiguration$JpaWebConfiguration","message":"spring.jpa.open-in-view is enabled by default. Therefore, database queries may be performed during view rendering. Explicitly configure spring.jpa.open-in-view to disable this warning"}
{"timestamp":"2026-09-13 15:47:10.923","level":"INFO","thread":"restartedMain","logger":"o.s.s.c.a.a.c.InitializeAuthenticationProviderBeanManagerConfigurer$InitializeAuthenticationProviderManagerConfigurer","message":"Global AuthenticationManager configured with AuthenticationProvider bean with name jobPortalUsernamePwdAuthenticationProvider"}
{"timestamp":"2026-09-13 15:47:11.564","level":"INFO","thread":"restartedMain","logger":"o.a.coyote.http11.Http11NioProtocol","message":"Starting ProtocolHandler ["http-nio-8000"]"}
{"timestamp":"2026-09-13 15:47:11.571","level":"INFO","thread":"restartedMain","logger":"o.s.boot.tomcat.TomcatWebServer","message":"Tomcat started on port 8000 (http) with context path '/'"}
{"timestamp":"2026-09-13 15:47:11.575","level":"INFO","thread":"restartedMain","logger":"com.jimmy.portal.PortalApplication","message":"Started PortalApplication in 4.253 seconds (process running for 14120.787)"}
{"timestamp":"2026-09-13 15:47:11.576","level":"WARN","thread":"restartedMain","logger":"o.s.c.events.SpringDocAppInitializer","message":"SpringDoc /v3/api-docs endpoint is enabled by default. To disable it in production, set the property 'springdoc.api-docs.enabled=false'"}
{"timestamp":"2026-09-13 15:47:11.577","level":"WARN","thread":"restartedMain","logger":"o.s.c.events.SpringDocAppInitializer","message":"SpringDoc /swagger-ui.html endpoint is enabled by default. To disable it in production, set the property 'springdoc.swagger-ui.enabled=false'"}
{"timestamp":"2026-09-13 15:47:11.578","level":"INFO","thread":"restartedMain","logger":"o.s.b.d.a.ConditionEvaluationDeltaLoggingListener","message":"Condition evaluation unchanged"}
{"timestamp":"2026-09-13 15:47:57.498","level":"INFO","thread":"http-nio-8000-exec-1","logger":"o.a.c.c.C.[Tomcat-3].[localhost].[/]","message":"Initializing Spring DispatcherServlet 'dispatcherServlet'"}
{"timestamp":"2026-09-13 15:47:57.501","level":"INFO","thread":"http-nio-8000-exec-1","logger":"o.s.web.servlet.DispatcherServlet","message":"Initializing Servlet 'dispatcherServlet'"}
{"timestamp":"2026-09-13 15:47:57.531","level":"INFO","thread":"http-nio-8000-exec-1","logger":"o.s.web.servlet.DispatcherServlet","message":"Completed initialization in 29 ms"}
{"timestamp":"2026-09-13 15:47:57.638","level":"INFO","thread":"http-nio-8000-exec-1","logger":"c.j.p.logging.RequestLoggingFilter","message":"HTTP_REQUEST_STARTED method=PATCH uri=/api/contacts/8/status/admin"}
{"timestamp":"2026-09-13 15:47:58.051","level":"INFO","thread":"http-nio-8000-exec-1","logger":"c.j.p.logging.RequestLoggingFilter","message":"HTTP_REQUEST_COMPLETED method=PATCH uri=/api/contacts/8/status/admin status=200 durationMs=413"}
{"timestamp":"2026-09-13 15:49:07.983","level":"INFO","thread":"http-nio-8000-exec-2","logger":"c.j.p.logging.RequestLoggingFilter","message":"HTTP_REQUEST_STARTED method=GET uri=/api/contacts/admin"}
{"timestamp":"2026-09-13 15:49:08.471","level":"INFO","thread":"http-nio-8000-exec-2","logger":"c.j.p.logging.RequestLoggingFilter","message":"HTTP_REQUEST_COMPLETED method=GET uri=/api/contacts/admin status=200 durationMs=488"}
{"timestamp":"2026-09-13 15:49:19.039","level":"INFO","thread":"http-nio-8000-exec-4","logger":"c.j.p.logging.RequestLoggingFilter","message":"HTTP_REQUEST_STARTED method=POST uri=/api/auth/login/public"}
{"timestamp":"2026-09-13 15:49:19.412","level":"INFO","thread":"http-nio-8000-exec-4","logger":"c.j.p.a.LoginSuccessAuditAspect","message":"✅ LOGIN SUCCESS | User: praveen@gmail.com | Role: ROLE_JOB_SEEKER"}
{"timestamp":"2026-09-13 15:49:19.457","level":"INFO","thread":"http-nio-8000-exec-4","logger":"c.j.p.logging.RequestLoggingFilter","message":"HTTP_REQUEST_BODY payload={"username":"praveen@gmail.com","password":"*****"}"}
{"timestamp":"2026-09-13 15:49:19.457","level":"INFO","thread":"http-nio-8000-exec-4","logger":"c.j.p.logging.RequestLoggingFilter","message":"HTTP_REQUEST_COMPLETED method=POST uri=/api/auth/login/public status=200 durationMs=415"}
{"timestamp":"2026-09-13 15:49:23.222","level":"INFO","thread":"http-nio-8000-exec-5","logger":"c.j.p.logging.RequestLoggingFilter","message":"HTTP_REQUEST_STARTED method=POST uri=/api/auth/login/public"}
{"timestamp":"2026-09-13 15:49:23.750","level":"INFO","thread":"http-nio-8000-exec-5","logger":"c.j.p.a.LoginSuccessAuditAspect","message":"✅ LOGIN SUCCESS | User: praveen@gmail.com | Role: ROLE_JOB_SEEKER"}
{"timestamp":"2026-09-13 15:49:23.782","level":"INFO","thread":"http-nio-8000-exec-5","logger":"c.j.p.logging.RequestLoggingFilter","message":"HTTP_REQUEST_BODY payload={"username":"praveen@gmail.com","password":"*****"}"}
{"timestamp":"2026-09-13 15:49:23.783","level":"INFO","thread":"http-nio-8000-exec-5","logger":"c.j.p.logging.RequestLoggingFilter","message":"HTTP_REQUEST_COMPLETED method=POST uri=/api/auth/login/public status=200 durationMs=554"}
{"timestamp":"2026-09-13 15:50:36.245","level":"WARN","thread":"HikariPool-12:housekeeper","logger":"com.zaxxer.hikari.pool.PoolBase","message":"HikariPool-12 - Failed to validate connection com.mysql.cj.jdbc.ConnectionImpl@54d5e14e (No operations allowed after connection closed.). Possibly consider using a shorter maxLifetime value."}
{"timestamp":"2026-09-13 15:53:58.789","level":"INFO","thread":"File Watcher","logger":"o.s.b.d.a.LocalDevToolsAutoConfiguration$RestartingClassPathChangeChangedEventListener","message":"Restarting due to 1 class path change (0 additions, 1 deletion, 0 modifications)"}
{"timestamp":"2026-09-13 15:53:58.974","level":"INFO","thread":"Thread-123","logger":"o.s.boot.tomcat.GracefulShutdown","message":"Commencing graceful shutdown. Waiting for active requests to complete"}
{"timestamp":"2026-09-13 15:53:59.029","level":"INFO","thread":"tomcat-shutdown","logger":"o.a.coyote.http11.Http11NioProtocol","message":"Pausing ProtocolHandler ["http-nio-8000"]"}
{"timestamp":"2026-09-13 15:53:59.106","level":"INFO","thread":"tomcat-shutdown","logger":"o.s.boot.tomcat.GracefulShutdown","message":"Graceful shutdown complete"}
{"timestamp":"2026-09-13 15:53:59.121","level":"INFO","thread":"Thread-123","logger":"o.a.coyote.http11.Http11NioProtocol","message":"Stopping ProtocolHandler ["http-nio-8000"]"}
{"timestamp":"2026-09-13 15:53:59.235","level":"INFO","thread":"Thread-123","logger":"o.s.o.j.LocalContainerEntityManagerFactoryBean","message":"Closing JPA EntityManagerFactory for persistence unit 'default'"}
{"timestamp":"2026-09-13 15:53:59.340","level":"INFO","thread":"Thread-123","logger":"com.zaxxer.hikari.HikariDataSource","message":"HikariPool-12 - Shutdown initiated..."}
{"timestamp":"2026-09-13 15:53:59.377","level":"INFO","thread":"Thread-123","logger":"com.zaxxer.hikari.HikariDataSource","message":"HikariPool-12 - Shutdown completed."}
{"timestamp":"2026-09-13 15:54:01.327","level":"INFO","thread":"restartedMain","logger":"com.jimmy.portal.PortalApplication","message":"Starting PortalApplication using Java 26.0.2.1 with PID 15332 (D:\job-portal-server\target\classes started by JIMMY in D:\job-portal-server)"}
{"timestamp":"2026-09-13 15:54:01.327","level":"INFO","thread":"restartedMain","logger":"com.jimmy.portal.PortalApplication","message":"No active profile set, falling back to 1 default profile: "default""}
{"timestamp":"2026-09-13 15:54:01.342","level":"INFO","thread":"restartedMain","logger":"o.s.b.d.c.l.DockerComposeLifecycleManager","message":"Using Docker Compose file D:\job-portal-server\compose.yml"}
{"timestamp":"2026-09-13 15:54:02.960","level":"INFO","thread":"restartedMain","logger":"o.s.b.d.c.l.DockerComposeLifecycleManager","message":"There are already Docker Compose services running, skipping startup"}
{"timestamp":"2026-09-13 15:54:03.834","level":"INFO","thread":"restartedMain","logger":"o.s.d.r.c.RepositoryConfigurationDelegate","message":"Bootstrapping Spring Data JPA repositories in DEFAULT mode."}
{"timestamp":"2026-09-13 15:54:03.884","level":"INFO","thread":"restartedMain","logger":"o.s.d.r.c.RepositoryConfigurationDelegate","message":"Finished Spring Data repository scanning in 45 ms. Found 4 JPA repository interfaces."}
{"timestamp":"2026-09-13 15:54:04.328","level":"INFO","thread":"restartedMain","logger":"o.s.boot.tomcat.TomcatWebServer","message":"Tomcat initialized with port 8000 (http)"}
{"timestamp":"2026-09-13 15:54:04.333","level":"INFO","thread":"restartedMain","logger":"o.a.coyote.http11.Http11NioProtocol","message":"Initializing ProtocolHandler ["http-nio-8000"]"}
{"timestamp":"2026-09-13 15:54:04.334","level":"INFO","thread":"restartedMain","logger":"o.a.catalina.core.StandardService","message":"Starting service [Tomcat]"}
{"timestamp":"2026-09-13 15:54:04.334","level":"INFO","thread":"restartedMain","logger":"o.a.catalina.core.StandardEngine","message":"Starting Servlet engine: [Apache Tomcat/11.0.22]"}
{"timestamp":"2026-09-13 15:54:04.403","level":"INFO","thread":"restartedMain","logger":"o.s.b.w.c.s.WebApplicationContextInitializer","message":"Root WebApplicationContext: initialization completed in 1442 ms"}
{"timestamp":"2026-09-13 15:54:04.948","level":"INFO","thread":"restartedMain","logger":"com.zaxxer.hikari.HikariDataSource","message":"HikariPool-13 - Starting..."}
{"timestamp":"2026-09-13 15:54:05.173","level":"INFO","thread":"restartedMain","logger":"com.zaxxer.hikari.pool.HikariPool","message":"HikariPool-13 - Added connection com.mysql.cj.jdbc.ConnectionImpl@2264145a"}
{"timestamp":"2026-09-13 15:54:05.174","level":"INFO","thread":"restartedMain","logger":"com.zaxxer.hikari.HikariDataSource","message":"HikariPool-13 - Start completed."}
{"timestamp":"2026-09-13 15:54:05.177","level":"INFO","thread":"restartedMain","logger":"org.hibernate.orm.jpa","message":"HHH008540: Processing PersistenceUnitInfo [name: default]"}
{"timestamp":"2026-09-13 15:54:05.245","level":"INFO","thread":"restartedMain","logger":"o.s.o.j.p.SpringPersistenceUnitInfo","message":"No LoadTimeWeaver setup: ignoring JPA class transformer"}
{"timestamp":"2026-09-13 15:54:05.257","level":"INFO","thread":"restartedMain","logger":"o.hibernate.orm.connections.pooling","message":"HHH10001005: Database info:
	Database JDBC URL [jdbc:mysql://127.0.0.1:3308/jobportal]
	Database driver: MySQL Connector/J
	Database dialect: MySQLDialect
	Database version: 9.1
	Default catalog/schema: jobportal/undefined
	Autocommit mode: undefined/unknown
	Isolation level: REPEATABLE_READ [default REPEATABLE_READ]
	JDBC fetch size: none
	Pool: DataSourceConnectionProvider
	Minimum pool size: undefined/unknown
	Maximum pool size: undefined/unknown"}
{"timestamp":"2026-09-13 15:54:05.901","level":"INFO","thread":"restartedMain","logger":"org.hibernate.orm.core","message":"HHH000489: No JTA platform available (set 'hibernate.transaction.jta.platform' to enable JTA platform integration)"}
{"timestamp":"2026-09-13 15:54:05.904","level":"INFO","thread":"restartedMain","logger":"o.s.o.j.LocalContainerEntityManagerFactoryBean","message":"Initialized JPA EntityManagerFactory for persistence unit 'default'"}
{"timestamp":"2026-09-13 15:54:06.766","level":"WARN","thread":"restartedMain","logger":"o.s.b.j.a.JpaBaseConfiguration$JpaWebConfiguration","message":"spring.jpa.open-in-view is enabled by default. Therefore, database queries may be performed during view rendering. Explicitly configure spring.jpa.open-in-view to disable this warning"}
{"timestamp":"2026-09-13 15:54:06.998","level":"INFO","thread":"restartedMain","logger":"o.s.s.c.a.a.c.InitializeAuthenticationProviderBeanManagerConfigurer$InitializeAuthenticationProviderManagerConfigurer","message":"Global AuthenticationManager configured with AuthenticationProvider bean with name jobPortalUsernamePwdAuthenticationProvider"}
{"timestamp":"2026-09-13 15:54:07.756","level":"INFO","thread":"restartedMain","logger":"o.a.coyote.http11.Http11NioProtocol","message":"Starting ProtocolHandler ["http-nio-8000"]"}
{"timestamp":"2026-09-13 15:54:07.762","level":"INFO","thread":"restartedMain","logger":"o.s.boot.tomcat.TomcatWebServer","message":"Tomcat started on port 8000 (http) with context path '/'"}
{"timestamp":"2026-09-13 15:54:07.768","level":"INFO","thread":"restartedMain","logger":"com.jimmy.portal.PortalApplication","message":"Started PortalApplication in 6.611 seconds (process running for 14536.981)"}
{"timestamp":"2026-09-13 15:54:07.769","level":"WARN","thread":"restartedMain","logger":"o.s.c.events.SpringDocAppInitializer","message":"SpringDoc /v3/api-docs endpoint is enabled by default. To disable it in production, set the property 'springdoc.api-docs.enabled=false'"}
{"timestamp":"2026-09-13 15:54:07.769","level":"WARN","thread":"restartedMain","logger":"o.s.c.events.SpringDocAppInitializer","message":"SpringDoc /swagger-ui.html endpoint is enabled by default. To disable it in production, set the property 'springdoc.swagger-ui.enabled=false'"}
{"timestamp":"2026-09-13 15:54:07.771","level":"INFO","thread":"restartedMain","logger":"o.s.b.d.a.ConditionEvaluationDeltaLoggingListener","message":"Condition evaluation unchanged"}
{"timestamp":"2026-09-13 15:54:33.537","level":"INFO","thread":"http-nio-8000-exec-1","logger":"o.a.c.c.C.[Tomcat-3].[localhost].[/]","message":"Initializing Spring DispatcherServlet 'dispatcherServlet'"}
{"timestamp":"2026-09-13 15:54:33.539","level":"INFO","thread":"http-nio-8000-exec-1","logger":"o.s.web.servlet.DispatcherServlet","message":"Initializing Servlet 'dispatcherServlet'"}
{"timestamp":"2026-09-13 15:54:33.541","level":"INFO","thread":"http-nio-8000-exec-1","logger":"o.s.web.servlet.DispatcherServlet","message":"Completed initialization in 2 ms"}
{"timestamp":"2026-09-13 15:56:04.828","level":"ERROR","thread":"http-nio-8000-exec-2","logger":"o.a.c.c.C.[.[.[.[dispatcherServlet]","message":"Servlet.service() for servlet [dispatcherServlet] in context with path [] threw exception"}
org.springframework.security.authentication.BadCredentialsException: Invalid Token received!
	at com.jimmy.portal.security.filter.JwtTokenValidatorFilter.doFilterInternal(JwtTokenValidatorFilter.java:95)
	at org.springframework.web.filter.OncePerRequestFilter.doFilter(OncePerRequestFilter.java:116)
	at org.springframework.security.web.FilterChainProxy$VirtualFilterChain.doFilter(FilterChainProxy.java:385)
	at org.springframework.security.web.authentication.logout.LogoutFilter.doFilter(LogoutFilter.java:110)
	at org.springframework.security.web.authentication.logout.LogoutFilter.doFilter(LogoutFilter.java:96)
	at org.springframework.security.web.FilterChainProxy$VirtualFilterChain.doFilter(FilterChainProxy.java:385)
	at org.springframework.web.filter.CorsFilter.doFilterInternal(CorsFilter.java:91)
	at org.springframework.web.filter.OncePerRequestFilter.doFilter(OncePerRequestFilter.java:116)
	at org.springframework.security.web.FilterChainProxy$VirtualFilterChain.doFilter(FilterChainProxy.java:385)
	at org.springframework.security.web.header.HeaderWriterFilter.doHeadersAfter(HeaderWriterFilter.java:90)
	at org.springframework.security.web.header.HeaderWriterFilter.doFilterInternal(HeaderWriterFilter.java:75)
	at org.springframework.web.filter.OncePerRequestFilter.doFilter(OncePerRequestFilter.java:116)
	at org.springframework.security.web.FilterChainProxy$VirtualFilterChain.doFilter(FilterChainProxy.java:385)
	at org.springframework.security.web.context.SecurityContextHolderFilter.doFilter(SecurityContextHolderFilter.java:82)
	at org.springframework.security.web.context.SecurityContextHolderFilter.doFilter(SecurityContextHolderFilter.java:69)
	at org.springframework.security.web.FilterChainProxy$VirtualFilterChain.doFilter(FilterChainProxy.java:385)
	at org.springframework.security.web.context.request.async.WebAsyncManagerIntegrationFilter.doFilterInternal(WebAsyncManagerIntegrationFilter.java:62)
	at org.springframework.web.filter.OncePerRequestFilter.doFilter(OncePerRequestFilter.java:116)
	at org.springframework.security.web.FilterChainProxy$VirtualFilterChain.doFilter(FilterChainProxy.java:385)
	at org.springframework.security.web.session.DisableEncodeUrlFilter.doFilterInternal(DisableEncodeUrlFilter.java:42)
	at org.springframework.web.filter.OncePerRequestFilter.doFilter(OncePerRequestFilter.java:116)
	at org.springframework.security.web.FilterChainProxy$VirtualFilterChain.doFilter(FilterChainProxy.java:385)
	at org.springframework.security.web.FilterChainProxy.doFilterInternal(FilterChainProxy.java:237)
	at org.springframework.security.web.FilterChainProxy.doFilter(FilterChainProxy.java:195)
	at org.springframework.web.filter.CompositeFilter$VirtualFilterChain.doFilter(CompositeFilter.java:113)
	at org.springframework.web.filter.ServletRequestPathFilter.doFilter(ServletRequestPathFilter.java:52)
	at org.springframework.web.filter.CompositeFilter$VirtualFilterChain.doFilter(CompositeFilter.java:113)
	at org.springframework.web.filter.CompositeFilter.doFilter(CompositeFilter.java:74)
	at org.springframework.security.config.annotation.web.configuration.WebSecurityConfiguration$CompositeFilterChainProxy.doFilter(WebSecurityConfiguration.java:317)
	at org.springframework.web.filter.DelegatingFilterProxy.invokeDelegate(DelegatingFilterProxy.java:355)
	at org.springframework.web.filter.DelegatingFilterProxy.doFilter(DelegatingFilterProxy.java:272)
	at org.apache.catalina.core.ApplicationFilterChain.doFilter(ApplicationFilterChain.java:107)
	at org.springframework.web.filter.RequestContextFilter.doFilterInternal(RequestContextFilter.java:100)
	at org.springframework.web.filter.OncePerRequestFilter.doFilter(OncePerRequestFilter.java:116)
	at org.apache.catalina.core.ApplicationFilterChain.doFilter(ApplicationFilterChain.java:107)
	at org.springframework.web.filter.FormContentFilter.doFilterInternal(FormContentFilter.java:93)
	at org.springframework.web.filter.OncePerRequestFilter.doFilter(OncePerRequestFilter.java:116)
	at org.apache.catalina.core.ApplicationFilterChain.doFilter(ApplicationFilterChain.java:107)
	at org.springframework.web.filter.CharacterEncodingFilter.doFilterInternal(CharacterEncodingFilter.java:199)
	at org.springframework.web.filter.OncePerRequestFilter.doFilter(OncePerRequestFilter.java:116)
	at org.apache.catalina.core.ApplicationFilterChain.doFilter(ApplicationFilterChain.java:107)
	at org.apache.catalina.core.StandardWrapperValve.invoke(StandardWrapperValve.java:165)
	at org.apache.catalina.core.StandardContextValve.invoke(StandardContextValve.java:77)
	at org.apache.catalina.authenticator.AuthenticatorBase.invoke(AuthenticatorBase.java:492)
	at org.apache.catalina.core.StandardHostValve.invoke(StandardHostValve.java:113)
	at org.apache.catalina.valves.ErrorReportValve.invoke(ErrorReportValve.java:83)
	at org.apache.catalina.core.StandardEngineValve.invoke(StandardEngineValve.java:72)
	at org.apache.catalina.connector.CoyoteAdapter.service(CoyoteAdapter.java:341)
	at org.apache.coyote.http11.Http11Processor.service(Http11Processor.java:397)
	at org.apache.coyote.AbstractProcessorLight.process(AbstractProcessorLight.java:63)
	at org.apache.coyote.AbstractProtocol$ConnectionHandler.process(AbstractProtocol.java:1272)
	at org.apache.tomcat.util.net.NioEndpoint$SocketProcessor.doRun(NioEndpoint.java:1801)
	at org.apache.tomcat.util.net.SocketProcessorBase.run(SocketProcessorBase.java:52)
	at org.apache.tomcat.util.threads.ThreadPoolExecutor.runWorker(ThreadPoolExecutor.java:946)
	at org.apache.tomcat.util.threads.ThreadPoolExecutor$Worker.run(ThreadPoolExecutor.java:480)
	at org.apache.tomcat.util.threads.TaskThread$WrappingRunnable.run(TaskThread.java:57)
	at java.base/java.lang.Thread.run(Thread.java:1516)
{"timestamp":"2026-09-13 15:57:22.572","level":"INFO","thread":"http-nio-8000-exec-6","logger":"c.j.p.logging.RequestLoggingFilter","message":"HTTP_REQUEST_STARTED method=POST uri=/api/auth/login/public"}
{"timestamp":"2026-09-13 15:57:23.167","level":"INFO","thread":"http-nio-8000-exec-6","logger":"c.j.p.a.LoginSuccessAuditAspect","message":"✅ LOGIN SUCCESS | User: praveen@gmail.com | Role: ROLE_JOB_SEEKER"}
{"timestamp":"2026-09-13 15:57:23.273","level":"INFO","thread":"http-nio-8000-exec-6","logger":"c.j.p.logging.RequestLoggingFilter","message":"HTTP_REQUEST_BODY payload={"username":"praveen@gmail.com","password":"*****"}"}
{"timestamp":"2026-09-13 15:57:23.276","level":"INFO","thread":"http-nio-8000-exec-6","logger":"c.j.p.logging.RequestLoggingFilter","message":"HTTP_REQUEST_COMPLETED method=POST uri=/api/auth/login/public status=200 durationMs=696"}
{"timestamp":"2026-09-13 15:57:29.650","level":"INFO","thread":"http-nio-8000-exec-7","logger":"c.j.p.logging.RequestLoggingFilter","message":"HTTP_REQUEST_STARTED method=POST uri=/api/auth/login/public"}
{"timestamp":"2026-09-13 15:57:29.679","level":"ERROR","thread":"http-nio-8000-exec-7","logger":"c.j.p.aspects.ExceptionAuditAspect","message":"❌ Exception occurred in method: JobPortalUsernamePwdAuthenticationProvider.authenticate(..)"}
{"timestamp":"2026-09-13 15:57:29.682","level":"ERROR","thread":"http-nio-8000-exec-7","logger":"c.j.p.aspects.ExceptionAuditAspect","message":"📥 Arguments: [UsernamePasswordAuthenticationToken [Principal=df@gmail.com, Credentials=[PROTECTED], Authenticated=false, Details=null, Granted Authorities=[]]]"}
{"timestamp":"2026-09-13 15:57:29.682","level":"ERROR","thread":"http-nio-8000-exec-7","logger":"c.j.p.aspects.ExceptionAuditAspect","message":"💥 Exception type: UsernameNotFoundException"}
{"timestamp":"2026-09-13 15:57:29.682","level":"ERROR","thread":"http-nio-8000-exec-7","logger":"c.j.p.aspects.ExceptionAuditAspect","message":"🧾 Exception message: User details not found for the user: df@gmail.com"}
{"timestamp":"2026-09-13 15:57:29.684","level":"INFO","thread":"http-nio-8000-exec-7","logger":"c.j.p.logging.RequestLoggingFilter","message":"HTTP_REQUEST_BODY payload={"username":"df@gmail.com","password":"*****"}"}
{"timestamp":"2026-09-13 15:57:29.684","level":"WARN","thread":"http-nio-8000-exec-7","logger":"c.j.p.logging.RequestLoggingFilter","message":"HTTP_REQUEST_COMPLETED method=POST uri=/api/auth/login/public status=401 durationMs=33"}
{"timestamp":"2026-09-13 18:03:08.832","level":"WARN","thread":"HikariPool-13:housekeeper","logger":"com.zaxxer.hikari.pool.HikariPool","message":"HikariPool-13 - Thread starvation or clock leap detected (housekeeper delta=1h35m10s616ms255µs400ns)."}
{"timestamp":"2026-09-13 18:03:21.311","level":"WARN","thread":"HikariPool-13:housekeeper","logger":"com.zaxxer.hikari.pool.PoolBase","message":"HikariPool-13 - Failed to validate connection com.mysql.cj.jdbc.ConnectionImpl@187de674 (No operations allowed after connection closed.). Possibly consider using a shorter maxLifetime value."}
{"timestamp":"2026-09-13 18:03:31.343","level":"WARN","thread":"HikariPool-13:housekeeper","logger":"com.zaxxer.hikari.pool.PoolBase","message":"HikariPool-13 - Failed to validate connection com.mysql.cj.jdbc.ConnectionImpl@114fafad (No operations allowed after connection closed.). Possibly consider using a shorter maxLifetime value."}
{"timestamp":"2026-09-13 18:03:32.634","level":"INFO","thread":"SpringApplicationShutdownHook","logger":"o.s.boot.tomcat.GracefulShutdown","message":"Commencing graceful shutdown. Waiting for active requests to complete"}
{"timestamp":"2026-09-13 18:03:37.841","level":"INFO","thread":"tomcat-shutdown","logger":"o.s.boot.tomcat.GracefulShutdown","message":"Graceful shutdown complete"}
{"timestamp":"2026-09-13 18:03:38.180","level":"INFO","thread":"SpringApplicationShutdownHook","logger":"o.s.o.j.LocalContainerEntityManagerFactoryBean","message":"Closing JPA EntityManagerFactory for persistence unit 'default'"}
{"timestamp":"2026-09-13 18:03:38.558","level":"INFO","thread":"SpringApplicationShutdownHook","logger":"com.zaxxer.hikari.HikariDataSource","message":"HikariPool-13 - Shutdown initiated..."}
{"timestamp":"2026-09-13 18:03:40.525","level":"INFO","thread":"SpringApplicationShutdownHook","logger":"com.zaxxer.hikari.HikariDataSource","message":"HikariPool-13 - Shutdown completed."}
